1,667,495,108,Typ Naprawy 4,2021-02-19,NULL,5086.07
2,387,206,107,Typ Naprawy 15,2019-01-05,NULL,14531.63
3,981,249,162,Typ Naprawy 13,2019-03-17,NULL,7580.69
4,3,398,435,Typ Naprawy 3,2018-04-24,NULL,9848.87
5,677,403,146,Typ Naprawy 20,2018-04-06,NULL,13559.43
6,718,217,459,Typ Naprawy 7,2018-04-15,NULL,14153.76
7,13,288,149,Typ Naprawy 13,2023-02-03,NULL,4061.57
8,870,19,145,Typ Naprawy 9,2022-01-08,NULL,13039.68
9,46,62,388,Typ Naprawy 10,2022-02-13,NULL,1363.23
10,338,387,25,Typ Naprawy 5,2019-01-17,NULL,8192.75
11,960,273,232,Typ Naprawy 4,2022-04-14,NULL,3789.65
12,20,337,174,Typ Naprawy 4,2023-03-06,NULL,11805.55
13,164,24,138,Typ Naprawy 8,2020-03-25,NULL,9927.53
14,245,143,189,Typ Naprawy 16,2019-03-06,NULL,11188.49
15,388,192,371,Typ Naprawy 3,2019-02-10,NULL,13039.22
16,782,132,177,Typ Naprawy 17,2018-03-23,NULL,7882.63
17,776,212,477,Typ Naprawy 1,2023-03-17,NULL,10372.71
18,560,314,416,Typ Naprawy 20,2022-03-10,NULL,12072.02
19,218,211,267,Typ Naprawy 4,2020-03-20,NULL,12476.27
20,603,287,390,Typ Naprawy 6,2018-01-22,NULL,7196.45
21,978,262,28,Typ Naprawy 13,2022-03-04,NULL,7809.42
22,522,411,177,Typ Naprawy 5,2020-04-04,NULL,3963.81
23,258,364,3,Typ Naprawy 5,2019-04-24,NULL,1856.15
24,749,95,57,Typ Naprawy 4,2022-04-13,NULL,4963.29
25,290,147,31,Typ Naprawy 12,2020-03-16,NULL,11539.08
26,725,8,293,Typ Naprawy 19,2019-03-07,NULL,13976.41
27,668,363,403,Typ Naprawy 4,2023-01-23,NULL,14927.70
28,138,23,39,Typ Naprawy 4,2022-04-09,NULL,590.19
29,512,283,198,Typ Naprawy 18,2020-02-19,NULL,5254.32
30,647,429,127,Typ Naprawy 6,2020-04-02,NULL,13811.35
31,727,25,140,Typ Naprawy 3,2022-01-22,NULL,226.41
32,812,180,471,Typ Naprawy 1,2020-03-16,NULL,12575.40
33,635,457,358,Typ Naprawy 3,2021-01-12,NULL,6638.05
34,121,336,87,Typ Naprawy 10,2018-02-02,NULL,9161.78
35,837,377,393,Typ Naprawy 12,2021-01-20,NULL,14782.19
36,161,45,265,Typ Naprawy 18,2018-02-20,NULL,4006.09
37,236,330,114,Typ Naprawy 7,2023-04-20,NULL,7763.49
38,99,294,125,Typ Naprawy 3,2021-01-14,NULL,9911.62
39,748,284,190,Typ Naprawy 5,2018-04-03,NULL,612.02
40,930,43,449,Typ Naprawy 17,2022-04-19,NULL,1762.02
41,12,41,383,Typ Naprawy 18,2020-02-06,NULL,4894.17
42,421,282,42,Typ Naprawy 17,2019-02-17,NULL,334.64
43,101,54,104,Typ Naprawy 17,2019-03-25,NULL,8226.40
44,286,434,60,Typ Naprawy 13,2019-03-18,NULL,7112.78
45,544,299,123,Typ Naprawy 1,2018-03-09,NULL,13386.18
46,510,145,145,Typ Naprawy 16,2023-01-14,NULL,13597.17
47,424,98,18,Typ Naprawy 3,2019-01-23,NULL,2925.21
48,447,189,214,Typ Naprawy 17,2021-03-16,NULL,10618.72
49,235,256,376,Typ Naprawy 10,2020-04-08,NULL,8084.08
50,912,446,323,Typ Naprawy 1,2023-01-09,NULL,12552.67
51,292,41,324,Typ Naprawy 5,2018-03-12,NULL,13799.98
52,283,385,301,Typ Naprawy 15,2022-01-23,NULL,7029.57
53,676,435,458,Typ Naprawy 6,2018-01-05,NULL,12723.64
54,825,311,6,Typ Naprawy 14,2021-03-21,NULL,8948.05
55,706,342,31,Typ Naprawy 10,2023-04-18,NULL,14530.27
56,555,41,27,Typ Naprawy 18,2018-01-11,NULL,10187.64
57,738,37,495,Typ Naprawy 2,2020-01-03,NULL,10531.41
58,34,348,208,Typ Naprawy 1,2018-03-05,NULL,3820.57
59,19,138,421,Typ Naprawy 10,2022-01-18,NULL,12788.67
60,71,246,443,Typ Naprawy 2,2018-02-05,NULL,8325.08
61,486,133,197,Typ Naprawy 16,2021-01-09,NULL,3824.66
62,675,466,181,Typ Naprawy 16,2018-04-06,NULL,2396.82
63,701,473,93,Typ Naprawy 17,2023-02-23,NULL,5537.61
64,63,335,110,Typ Naprawy 15,2020-01-24,NULL,8763.89
65,568,203,316,Typ Naprawy 6,2018-04-08,NULL,14011.88
66,307,321,327,Typ Naprawy 9,2019-02-20,NULL,14096.00
67,577,262,416,Typ Naprawy 7,2019-02-16,NULL,8830.74
68,114,481,398,Typ Naprawy 14,2022-01-01,NULL,8118.18
69,752,369,110,Typ Naprawy 3,2019-03-14,NULL,7090.95
70,540,172,24,Typ Naprawy 19,2018-02-04,NULL,7824.88
71,358,97,112,Typ Naprawy 5,2022-02-08,2023-04-20,13111.98
72,109,50,423,Typ Naprawy 17,2019-01-18,2022-01-19,14071.00
73,385,42,172,Typ Naprawy 12,2022-01-04,2022-01-13,13997.79
74,211,176,237,Typ Naprawy 11,2022-03-02,2023-03-06,9800.21
75,803,182,289,Typ Naprawy 3,2018-03-02,2020-04-02,12644.97
76,254,284,68,Typ Naprawy 5,2022-04-04,2022-05-07,3345.38
77,184,216,388,Typ Naprawy 4,2020-01-25,2022-02-26,4902.36
78,547,444,49,Typ Naprawy 18,2023-04-04,2024-05-04,8537.44
79,148,173,37,Typ Naprawy 18,2023-04-20,2024-05-20,5643.11
80,919,379,130,Typ Naprawy 20,2018-02-10,2018-03-11,3417.68
81,999,121,225,Typ Naprawy 20,2023-04-10,2024-05-21,824.83
82,518,347,120,Typ Naprawy 5,2021-01-17,2021-02-17,5417.56
83,637,24,41,Typ Naprawy 2,2022-03-03,2022-04-07,5488.96
84,503,297,302,Typ Naprawy 16,2023-03-01,2024-03-18,8521.98
85,304,203,119,Typ Naprawy 18,2019-04-02,2020-05-07,11830.56
86,934,35,329,Typ Naprawy 7,2019-04-12,2023-05-24,6837.67
87,64,418,413,Typ Naprawy 11,2023-04-19,2024-05-21,3328.10
88,975,89,163,Typ Naprawy 10,2021-02-22,2023-03-24,8563.36
89,150,231,366,Typ Naprawy 6,2020-02-18,2023-03-18,9342.76
90,714,41,233,Typ Naprawy 8,2023-02-10,2024-02-13,9213.16
91,352,470,412,Typ Naprawy 15,2021-02-02,2022-03-15,7207.36
92,438,228,148,Typ Naprawy 12,2022-03-07,2022-03-13,9741.55
93,231,402,427,Typ Naprawy 15,2018-04-12,2020-05-13,3188.95
94,887,197,353,Typ Naprawy 1,2023-01-14,2024-04-14,522.44
95,198,391,141,Typ Naprawy 17,2023-02-08,2024-04-23,8838.92
96,158,1,202,Typ Naprawy 4,2021-03-10,2021-03-18,6196.96
97,537,433,83,Typ Naprawy 17,2023-01-20,2024-04-22,7854.89
98,491,29,13,Typ Naprawy 2,2019-02-12,2022-03-23,3910.60
99,362,201,103,Typ Naprawy 4,2023-03-08,2024-03-09,11625.03
100,223,98,466,Typ Naprawy 7,2020-01-20,2022-01-20,4650.44
101,292,323,231,Typ Naprawy 19,2021-01-04,2021-04-12,5508.96
102,119,471,184,Typ Naprawy 16,2023-03-02,2024-03-24,833.02
103,484,170,54,Typ Naprawy 16,2018-02-20,2023-04-25,7721.66
104,466,453,142,Typ Naprawy 14,2019-02-05,2019-03-17,2859.73
105,873,192,235,Typ Naprawy 10,2021-02-05,2021-04-16,5905.94
106,180,197,154,Typ Naprawy 8,2021-01-13,2021-03-14,10803.34
107,140,267,150,Typ Naprawy 20,2022-03-09,2022-04-24,7985.40
108,984,245,85,Typ Naprawy 19,2018-04-16,2019-05-20,8962.15
109,297,219,7,Typ Naprawy 6,2022-01-14,2023-03-16,12729.55
110,673,338,313,Typ Naprawy 6,2021-04-02,2023-05-05,1325.94
111,414,196,376,Typ Naprawy 2,2020-03-15,2022-04-23,12575.86
112,699,234,60,Typ Naprawy 7,2021-01-25,2023-03-26,2527.78
113,74,39,245,Typ Naprawy 20,2020-04-07,2020-05-19,11381.75
114,11,472,155,Typ Naprawy 19,2022-03-23,2023-04-25,9374.13
115,555,173,134,Typ Naprawy 3,2020-04-18,2023-05-21,11158.48
116,476,266,130,Typ Naprawy 3,2021-01-21,2022-01-22,13794.07
117,62,130,413,Typ Naprawy 16,2021-04-09,2023-05-16,11281.71
118,86,239,99,Typ Naprawy 2,2018-02-11,2022-03-13,13900.47
119,908,91,303,Typ Naprawy 10,2022-02-06,2022-03-15,4789.13
120,86,140,394,Typ Naprawy 17,2018-03-13,2018-03-14,13302.96
121,932,126,382,Typ Naprawy 15,2023-02-12,2024-02-12,4378.06
122,634,239,438,Typ Naprawy 20,2022-01-19,2023-01-25,330.55
123,297,479,63,Typ Naprawy 7,2023-04-18,2024-05-20,4309.40
124,825,118,140,Typ Naprawy 13,2021-04-11,2023-05-14,11915.14
125,155,41,314,Typ Naprawy 8,2021-02-03,2023-04-10,7040.02
126,32,304,464,Typ Naprawy 14,2019-03-22,2019-04-22,9839.32
127,449,353,228,Typ Naprawy 20,2022-03-07,2022-03-15,12243.91
128,163,339,142,Typ Naprawy 20,2018-01-16,2022-03-23,3819.66
129,501,35,480,Typ Naprawy 11,2018-04-11,2020-05-14,2331.34
130,575,121,464,Typ Naprawy 18,2023-03-13,2024-03-13,3450.42
131,939,232,469,Typ Naprawy 16,2021-01-01,2021-04-20,2631.00
132,460,379,312,Typ Naprawy 19,2020-04-15,2023-05-15,3511.81
133,529,190,400,Typ Naprawy 11,2021-03-01,2022-04-04,9431.43
134,57,376,456,Typ Naprawy 18,2019-02-23,2020-03-24,4261.65
135,309,488,242,Typ Naprawy 18,2022-01-15,2023-04-16,10074.41
136,128,23,427,Typ Naprawy 16,2023-02-10,2024-03-23,3064.81
137,955,421,270,Typ Naprawy 1,2019-02-13,2019-02-22,7807.60
138,483,465,37,Typ Naprawy 9,2019-02-21,2023-04-23,5141.09
139,786,373,485,Typ Naprawy 7,2020-01-23,2021-02-25,14640.31
140,202,414,225,Typ Naprawy 12,2018-02-13,2018-02-18,11260.33
141,776,448,207,Typ Naprawy 7,2020-04-04,2021-05-16,2505.50
142,644,229,402,Typ Naprawy 18,2019-01-22,2020-03-24,887.59
143,554,310,179,Typ Naprawy 6,2023-04-19,2024-05-25,2098.52
144,374,53,116,Typ Naprawy 13,2019-04-04,2021-05-12,906.23
145,405,195,137,Typ Naprawy 18,2021-03-09,2021-04-17,2857.91
146,12,4,11,Typ Naprawy 15,2019-01-03,2021-03-14,4710.92
147,901,17,166,Typ Naprawy 4,2020-01-05,2021-03-08,5332.98
148,622,258,168,Typ Naprawy 11,2019-03-04,2019-03-24,412.40
149,256,413,162,Typ Naprawy 3,2022-01-08,2023-02-14,7276.48
150,296,373,464,Typ Naprawy 13,2022-03-11,2022-04-14,5716.77
151,88,229,486,Typ Naprawy 9,2021-04-18,2022-05-18,14704.43
152,729,274,390,Typ Naprawy 8,2021-04-10,2021-05-13,6938.62
153,177,248,403,Typ Naprawy 5,2022-02-12,2023-02-17,4836.42
154,725,238,390,Typ Naprawy 17,2019-02-04,2023-02-04,10354.07
155,531,52,387,Typ Naprawy 10,2023-04-04,2024-05-16,10206.74
156,96,469,252,Typ Naprawy 5,2021-01-24,2022-02-24,1898.90
157,314,163,417,Typ Naprawy 12,2022-04-07,2023-05-23,11813.74
158,179,308,417,Typ Naprawy 10,2019-02-01,2019-03-10,5316.61
159,547,403,354,Typ Naprawy 11,2021-01-24,2022-04-25,3198.96
160,490,261,209,Typ Naprawy 6,2021-04-10,2023-05-24,14336.10
161,589,255,440,Typ Naprawy 19,2021-01-23,2023-01-24,4877.80
162,467,320,155,Typ Naprawy 16,2018-01-16,2022-03-20,14645.31
163,708,186,226,Typ Naprawy 11,2022-03-21,2022-03-23,12741.38
164,650,248,1,Typ Naprawy 13,2019-04-16,2020-05-20,6337.93
165,830,156,231,Typ Naprawy 3,2023-01-14,2024-03-22,7508.39
166,779,51,128,Typ Naprawy 1,2022-01-19,2022-01-24,14028.71
167,905,289,43,Typ Naprawy 6,2021-03-10,2023-04-18,13327.52
168,623,483,180,Typ Naprawy 18,2020-01-19,2022-01-24,2822.90
169,657,466,451,Typ Naprawy 3,2023-04-17,2024-05-23,12539.93
170,624,166,59,Typ Naprawy 2,2018-02-02,2023-04-11,9150.41
171,327,91,56,Typ Naprawy 3,2019-04-01,2023-05-10,2543.70
172,371,173,122,Typ Naprawy 2,2018-03-21,2020-03-23,1460.99
173,629,492,460,Typ Naprawy 12,2018-03-11,2020-04-20,12293.47
174,740,13,365,Typ Naprawy 5,2023-01-10,2024-02-10,11279.43
175,191,453,178,Typ Naprawy 2,2020-01-07,2023-01-12,1942.55
176,679,168,112,Typ Naprawy 10,2022-01-12,2023-03-25,10555.05
177,825,169,236,Typ Naprawy 14,2020-04-09,2023-05-11,12908.26
178,761,461,447,Typ Naprawy 5,2020-01-01,2022-03-04,8346.91
179,867,287,214,Typ Naprawy 4,2020-02-20,2020-03-25,5557.16
180,751,317,325,Typ Naprawy 5,2018-02-04,2021-02-25,3951.53
181,221,193,21,Typ Naprawy 3,2022-03-07,2022-03-08,6329.29
182,790,487,393,Typ Naprawy 18,2023-01-20,2024-03-24,7411.99
183,891,314,296,Typ Naprawy 1,2023-04-04,2024-05-18,2250.40
184,425,42,376,Typ Naprawy 8,2020-04-01,2023-05-11,6710.80
185,333,330,470,Typ Naprawy 6,2021-03-17,2021-03-17,14962.71
186,306,459,404,Typ Naprawy 1,2023-03-14,2024-04-22,8359.18
187,968,174,187,Typ Naprawy 1,2021-02-13,2023-04-22,11829.65
188,747,298,243,Typ Naprawy 2,2021-03-02,2021-03-25,11192.58
189,643,195,457,Typ Naprawy 3,2023-02-10,2024-02-16,3653.23
190,694,413,176,Typ Naprawy 2,2019-03-06,2019-04-24,14524.81
191,785,409,332,Typ Naprawy 15,2020-04-15,2020-05-23,7805.78
192,252,276,419,Typ Naprawy 15,2023-01-03,2024-03-13,11798.73
193,907,356,320,Typ Naprawy 9,2019-04-11,2020-05-18,12405.33
194,71,260,303,Typ Naprawy 20,2022-04-24,2022-05-25,14603.02
195,573,231,177,Typ Naprawy 18,2020-01-13,2022-03-15,9445.07
196,18,231,147,Typ Naprawy 6,2018-04-21,2023-05-25,7028.20
197,74,320,244,Typ Naprawy 20,2018-02-09,2020-04-14,6488.90
198,139,165,272,Typ Naprawy 6,2018-03-23,2021-03-25,11722.34
199,9,64,59,Typ Naprawy 17,2022-04-12,2022-05-12,7378.34
200,694,409,447,Typ Naprawy 10,2023-04-03,2024-05-12,3775.09
201,313,358,186,Typ Naprawy 2,2019-02-19,2020-04-23,5955.50
202,202,185,180,Typ Naprawy 8,2023-04-19,2024-05-25,4245.73
203,698,459,404,Typ Naprawy 20,2018-02-02,2023-03-04,5421.66
204,324,441,395,Typ Naprawy 15,2023-01-18,2024-01-25,6640.78
205,23,154,124,Typ Naprawy 7,2019-01-21,2020-01-22,6118.75
206,649,433,385,Typ Naprawy 4,2019-02-02,2022-04-12,9084.47
207,685,84,301,Typ Naprawy 12,2020-04-18,2023-05-22,6778.56
208,567,335,231,Typ Naprawy 13,2023-03-02,2024-04-05,12277.10
209,942,336,382,Typ Naprawy 16,2022-04-25,2023-05-26,12601.32
210,58,53,172,Typ Naprawy 13,2022-01-11,2022-04-23,2278.59
211,533,125,467,Typ Naprawy 4,2019-03-25,2019-03-26,3766.45
212,804,223,31,Typ Naprawy 17,2020-01-22,2023-04-22,6437.51
213,455,58,303,Typ Naprawy 12,2022-03-15,2022-03-22,521.53
214,359,135,489,Typ Naprawy 4,2018-02-20,2020-02-22,1740.20
215,37,81,63,Typ Naprawy 16,2019-04-13,2020-05-21,7847.16
216,141,349,18,Typ Naprawy 13,2023-03-09,2024-04-16,13560.79
217,392,239,358,Typ Naprawy 16,2020-04-08,2022-05-08,2216.29
218,185,18,281,Typ Naprawy 2,2018-02-15,2019-04-17,2999.79
219,336,361,277,Typ Naprawy 11,2022-02-07,2023-02-13,296.90
220,872,123,399,Typ Naprawy 14,2022-04-20,2022-05-20,2846.54
221,773,317,165,Typ Naprawy 17,2023-03-07,2024-04-16,13869.10
222,355,367,108,Typ Naprawy 9,2019-02-07,2019-03-19,7761.22
223,357,459,169,Typ Naprawy 4,2018-04-01,2018-05-07,4204.35
224,472,10,393,Typ Naprawy 11,2021-03-19,2023-04-20,13562.61
225,869,167,139,Typ Naprawy 14,2022-02-15,2022-04-16,14841.76
226,315,463,375,Typ Naprawy 3,2022-03-16,2023-04-19,5109.26
227,255,212,331,Typ Naprawy 13,2022-03-11,2022-04-16,9122.67
228,692,130,500,Typ Naprawy 3,2022-04-01,2022-05-19,5534.88
229,375,260,276,Typ Naprawy 19,2022-03-10,2022-03-19,13585.80
230,707,197,487,Typ Naprawy 11,2022-01-01,2023-03-10,11062.08
231,396,328,48,Typ Naprawy 6,2023-04-22,2024-05-22,8666.12
232,533,497,179,Typ Naprawy 14,2020-02-22,2022-04-22,6165.13
233,573,230,153,Typ Naprawy 16,2023-04-18,2024-05-24,11624.12
234,539,66,307,Typ Naprawy 14,2022-02-12,2022-02-25,11421.31
235,956,348,380,Typ Naprawy 4,2022-02-12,2022-02-24,1588.77
236,421,71,491,Typ Naprawy 16,2019-02-15,2019-03-15,327.36
237,519,259,181,Typ Naprawy 10,2023-03-21,2024-04-24,8074.53
238,3,242,175,Typ Naprawy 13,2021-01-02,2023-03-13,3015.70
239,132,187,135,Typ Naprawy 10,2018-04-10,2018-05-18,8017.23
240,438,323,64,Typ Naprawy 7,2022-03-12,2022-03-18,378.75
241,979,244,348,Typ Naprawy 17,2019-02-23,2022-04-23,10722.85
242,728,153,342,Typ Naprawy 4,2023-02-08,2024-02-25,8082.26
243,796,310,128,Typ Naprawy 7,2020-01-01,2023-01-23,10987.04
244,792,29,244,Typ Naprawy 15,2022-04-14,2023-05-18,10848.81
245,613,43,171,Typ Naprawy 14,2020-01-07,2021-04-13,12199.34
246,740,222,421,Typ Naprawy 19,2020-03-08,2020-03-20,3583.20
247,591,325,13,Typ Naprawy 6,2021-03-13,2022-04-18,9052.64
248,830,414,53,Typ Naprawy 3,2023-02-16,2024-03-24,12133.86
249,122,372,79,Typ Naprawy 14,2018-01-05,2019-04-16,1575.59
250,730,155,269,Typ Naprawy 11,2023-03-11,2024-03-15,12708.64
251,481,378,315,Typ Naprawy 14,2023-04-01,2024-05-13,721.61
252,170,203,27,Typ Naprawy 6,2018-03-25,2019-03-26,5567.62
253,265,426,1,Typ Naprawy 2,2019-04-12,2023-05-15,14635.76
254,808,230,341,Typ Naprawy 16,2020-03-14,2020-04-21,2353.17
255,494,433,303,Typ Naprawy 17,2022-01-10,2022-02-17,11977.89
256,463,249,425,Typ Naprawy 6,2020-02-24,2023-03-24,5786.35
257,436,347,493,Typ Naprawy 8,2022-03-25,2023-03-26,10029.39
258,151,150,484,Typ Naprawy 20,2022-03-02,2022-03-12,12629.06
259,361,111,349,Typ Naprawy 15,2023-02-13,2024-02-20,2545.06
260,559,481,490,Typ Naprawy 11,2022-01-25,2022-01-26,7864.90
261,235,236,282,Typ Naprawy 19,2023-03-21,2024-03-24,6678.52
262,617,441,242,Typ Naprawy 6,2019-03-25,2020-04-26,13192.46
263,346,123,236,Typ Naprawy 2,2022-03-12,2023-04-22,570.19
264,318,332,4,Typ Naprawy 7,2018-03-25,2022-04-26,8839.83
265,859,314,466,Typ Naprawy 19,2020-03-05,2022-04-24,1428.25
266,978,48,29,Typ Naprawy 12,2023-02-12,2024-04-25,1846.60
267,508,74,186,Typ Naprawy 9,2019-04-13,2020-05-18,3351.74
268,925,454,80,Typ Naprawy 5,2022-02-02,2023-02-09,6803.11
269,909,274,463,Typ Naprawy 12,2019-01-25,2020-03-26,12918.72
270,770,40,350,Typ Naprawy 7,2022-01-17,2022-02-17,4112.96
271,133,38,198,Typ Naprawy 4,2022-04-20,2022-05-20,8711.14
272,443,128,77,Typ Naprawy 12,2018-03-11,2019-03-18,12471.72
273,634,202,445,Typ Naprawy 7,2021-03-12,2022-03-20,9072.65
274,81,61,96,Typ Naprawy 2,2021-03-25,2023-04-26,12410.34
275,743,262,476,Typ Naprawy 10,2021-02-03,2021-03-19,12634.06
276,552,22,442,Typ Naprawy 19,2018-04-05,2018-05-08,11317.63
277,814,437,141,Typ Naprawy 1,2018-04-05,2019-05-19,4574.50
278,307,428,457,Typ Naprawy 20,2019-04-03,2021-05-14,351.01
279,280,100,296,Typ Naprawy 10,2022-04-12,2022-05-24,9967.09
280,355,149,197,Typ Naprawy 6,2019-04-18,2021-05-20,577.92
281,906,28,186,Typ Naprawy 19,2019-04-12,2020-05-13,11232.14
282,29,73,99,Typ Naprawy 5,2020-04-14,2023-05-20,6095.10
283,677,91,202,Typ Naprawy 14,2021-04-19,2021-05-24,12604.05
284,935,27,191,Typ Naprawy 18,2020-01-04,2022-02-23,9412.78
285,839,366,205,Typ Naprawy 6,2020-04-17,2022-05-20,8394.20
286,647,105,141,Typ Naprawy 13,2018-02-18,2023-03-19,3054.81
287,933,467,328,Typ Naprawy 6,2023-04-05,2024-05-19,2746.50
288,680,93,184,Typ Naprawy 3,2021-02-15,2022-03-18,3032.07
289,880,157,411,Typ Naprawy 1,2020-02-20,2023-03-23,3726.89
290,787,468,261,Typ Naprawy 11,2018-04-12,2022-05-25,13804.53
291,387,322,396,Typ Naprawy 12,2022-04-08,2022-05-23,14475.70
292,179,18,379,Typ Naprawy 17,2023-01-20,2024-03-24,11176.21
293,319,261,338,Typ Naprawy 3,2018-04-20,2019-05-23,8812.09
294,719,463,105,Typ Naprawy 11,2020-01-25,2023-03-26,6688.07
295,571,244,200,Typ Naprawy 9,2020-01-19,2023-02-22,7911.28
296,438,82,153,Typ Naprawy 17,2023-03-14,2024-04-21,9249.08
297,211,173,276,Typ Naprawy 10,2021-03-14,2021-04-19,14769.91
298,655,301,417,Typ Naprawy 3,2018-01-12,2018-04-25,1173.15
299,882,325,492,Typ Naprawy 3,2023-01-07,2024-04-24,12308.02
300,629,182,157,Typ Naprawy 14,2023-03-17,2024-03-25,11702.33
301,913,152,420,Typ Naprawy 20,2023-02-16,2024-04-24,974.44
302,94,435,287,Typ Naprawy 11,2018-04-01,2019-05-17,10845.62
303,791,169,200,Typ Naprawy 15,2019-02-18,2023-04-19,8652.94
304,646,24,409,Typ Naprawy 12,2022-02-10,2023-04-22,10268.12
305,985,386,489,Typ Naprawy 16,2019-03-04,2019-04-08,2467.76
306,990,308,23,Typ Naprawy 9,2018-02-14,2020-03-25,11694.14
307,743,309,66,Typ Naprawy 5,2023-03-06,2024-04-11,13216.11
308,527,190,131,Typ Naprawy 12,2021-04-25,2022-05-26,8030.42
309,571,440,349,Typ Naprawy 5,2019-01-15,2022-04-25,924.87
310,613,477,428,Typ Naprawy 14,2019-01-17,2021-03-23,11581.83
311,104,481,29,Typ Naprawy 13,2019-01-18,2021-01-25,11430.86
312,101,50,3,Typ Naprawy 13,2023-01-18,2024-01-25,5446.21
313,369,36,161,Typ Naprawy 5,2019-03-08,2019-04-25,7492.93
314,498,406,415,Typ Naprawy 19,2022-03-13,2023-03-18,6248.80
315,476,278,489,Typ Naprawy 5,2020-02-13,2023-04-18,9837.04
316,223,325,15,Typ Naprawy 9,2022-04-02,2022-05-10,10493.67
317,447,196,174,Typ Naprawy 9,2018-04-12,2019-05-23,12951.46
318,335,373,334,Typ Naprawy 6,2020-02-13,2021-04-19,2048.50
319,144,257,305,Typ Naprawy 17,2019-03-18,2019-04-21,4474.92
320,796,297,283,Typ Naprawy 11,2018-04-17,2018-05-25,3564.56
321,784,457,192,Typ Naprawy 7,2022-04-11,2023-05-12,9608.77
322,224,263,19,Typ Naprawy 5,2018-02-21,2022-02-22,9955.73
323,414,71,187,Typ Naprawy 2,2023-02-22,2024-03-24,14264.71
324,874,55,182,Typ Naprawy 4,2018-02-22,2022-03-24,3781.01
325,523,27,445,Typ Naprawy 17,2018-02-21,2019-04-25,13696.30
326,732,412,207,Typ Naprawy 16,2020-03-24,2022-03-24,12251.18
327,592,315,291,Typ Naprawy 2,2018-03-02,2023-03-07,7549.32
328,200,69,36,Typ Naprawy 4,2023-03-04,2024-03-05,3445.87
329,143,167,204,Typ Naprawy 16,2021-03-14,2022-04-24,9562.39
330,498,419,260,Typ Naprawy 6,2023-03-25,2024-03-26,126.83
331,262,465,88,Typ Naprawy 3,2019-03-16,2021-03-24,4444.45
332,692,156,438,Typ Naprawy 19,2023-03-20,2024-04-24,6712.17
333,643,293,394,Typ Naprawy 4,2023-02-18,2024-02-21,12632.24
334,528,383,266,Typ Naprawy 7,2018-04-18,2023-05-22,9109.94
335,947,137,246,Typ Naprawy 19,2020-01-10,2022-01-16,4374.88
336,97,177,108,Typ Naprawy 7,2018-01-08,2023-03-19,13684.93
337,889,71,229,Typ Naprawy 10,2023-01-22,2024-03-23,8539.71
338,583,16,426,Typ Naprawy 19,2018-01-22,2022-03-25,12143.87
339,587,187,303,Typ Naprawy 3,2022-01-02,2022-01-12,6529.82
340,219,329,338,Typ Naprawy 19,2023-04-12,2024-05-12,7225.10
341,92,2,320,Typ Naprawy 10,2020-03-16,2023-04-18,10093.96
342,546,173,499,Typ Naprawy 9,2018-02-13,2021-04-20,14441.14
343,568,32,451,Typ Naprawy 11,2022-01-01,2023-03-12,11024.33
344,132,466,465,Typ Naprawy 5,2022-01-11,2022-02-19,7191.90
345,983,91,263,Typ Naprawy 11,2019-02-04,2021-02-22,4381.70
346,809,480,382,Typ Naprawy 9,2022-02-24,2023-04-24,1335.94
347,620,86,166,Typ Naprawy 20,2022-02-01,2022-02-07,302.81
348,531,328,379,Typ Naprawy 17,2019-03-04,2019-03-05,10974.77
349,432,425,423,Typ Naprawy 7,2022-04-17,2023-05-17,1878.89
350,744,30,348,Typ Naprawy 15,2023-01-15,2024-01-20,8745.70
351,802,487,454,Typ Naprawy 4,2018-03-04,2020-04-18,12066.56
352,3,237,168,Typ Naprawy 18,2020-03-15,2022-04-18,4251.65
353,510,402,336,Typ Naprawy 16,2020-04-11,2022-05-25,4564.04
354,484,37,54,Typ Naprawy 13,2018-01-10,2021-02-12,12181.61
355,177,336,281,Typ Naprawy 3,2020-01-19,2020-01-19,5256.59
356,561,335,171,Typ Naprawy 17,2018-04-11,2020-05-24,9844.77
357,135,209,114,Typ Naprawy 8,2018-02-21,2023-03-23,607.47
358,784,248,12,Typ Naprawy 11,2021-04-10,2021-05-24,8211.40
359,897,144,480,Typ Naprawy 18,2022-03-17,2022-04-22,2884.74
360,657,203,200,Typ Naprawy 3,2019-02-16,2019-04-18,986.26
361,549,330,141,Typ Naprawy 7,2019-04-02,2019-05-20,11238.51
362,924,159,25,Typ Naprawy 13,2022-03-02,2022-03-12,14114.65
363,417,462,72,Typ Naprawy 8,2020-03-22,2021-04-25,4639.53
364,339,170,199,Typ Naprawy 15,2022-01-19,2022-04-22,4474.46
365,906,80,76,Typ Naprawy 15,2020-03-22,2021-03-25,14246.06
366,262,347,94,Typ Naprawy 6,2021-03-25,2021-03-26,2029.86
367,408,288,440,Typ Naprawy 3,2019-01-03,2020-03-24,4052.48
368,57,174,94,Typ Naprawy 17,2020-02-15,2020-03-22,11440.86
369,210,330,220,Typ Naprawy 19,2022-01-20,2023-03-24,8136.37
370,245,71,326,Typ Naprawy 11,2021-01-13,2021-02-19,14846.76
371,187,272,367,Typ Naprawy 12,2023-02-21,2024-02-25,5464.40
372,732,168,115,Typ Naprawy 20,2023-01-04,2024-02-22,6293.82
373,280,490,429,Typ Naprawy 13,2019-03-03,2022-04-18,11590.01
374,939,131,469,Typ Naprawy 14,2022-02-10,2023-03-13,3323.55
375,606,181,36,Typ Naprawy 19,2020-04-04,2021-05-07,3069.36
376,959,132,185,Typ Naprawy 10,2018-01-05,2023-04-13,14673.96
377,764,454,481,Typ Naprawy 17,2021-02-22,2022-03-23,8937.60
378,890,16,76,Typ Naprawy 19,2018-03-08,2019-04-10,4200.72
379,671,106,139,Typ Naprawy 14,2020-04-22,2021-05-24,10975.68
380,115,5,151,Typ Naprawy 4,2023-03-22,2024-04-22,4172.98
381,300,44,89,Typ Naprawy 17,2018-03-13,2020-03-14,8815.27
382,618,80,176,Typ Naprawy 14,2019-01-19,2023-02-24,5083.79
383,384,365,155,Typ Naprawy 11,2020-01-15,2022-04-24,2264.49
384,868,373,500,Typ Naprawy 8,2018-04-12,2020-05-13,563.82
385,496,16,152,Typ Naprawy 6,2019-03-11,2022-03-17,3198.50
386,849,491,341,Typ Naprawy 3,2018-04-09,2023-05-14,11559.09
387,228,428,477,Typ Naprawy 11,2021-03-16,2022-03-17,9884.79
388,299,339,177,Typ Naprawy 12,2023-02-21,2024-02-23,14886.32
389,907,164,317,Typ Naprawy 16,2020-04-02,2021-05-07,8888.03
390,875,207,85,Typ Naprawy 11,2018-02-17,2022-02-22,5027.86
391,940,403,166,Typ Naprawy 12,2019-03-21,2021-03-24,8961.24
392,84,279,101,Typ Naprawy 12,2020-01-24,2023-03-24,10030.30
393,335,183,447,Typ Naprawy 18,2018-01-03,2021-02-23,8443.76
394,139,9,201,Typ Naprawy 17,2021-03-25,2023-04-26,8718.87
395,466,229,52,Typ Naprawy 3,2020-01-03,2021-03-03,12162.51
396,930,98,472,Typ Naprawy 15,2019-02-04,2020-03-20,8783.90
397,976,113,11,Typ Naprawy 17,2018-02-16,2019-04-17,2436.38
398,129,176,484,Typ Naprawy 20,2023-03-19,2024-03-22,9959.82
399,254,227,241,Typ Naprawy 19,2020-02-01,2021-04-22,12599.50
400,241,152,195,Typ Naprawy 17,2023-04-19,2024-05-20,5759.06
401,964,371,218,Typ Naprawy 18,2018-04-17,2020-05-19,4920.09
402,686,486,422,Typ Naprawy 5,2019-02-24,2022-04-24,868.03
403,39,349,482,Typ Naprawy 13,2019-04-17,2021-05-21,12198.43
404,771,207,38,Typ Naprawy 15,2018-02-19,2020-03-23,8681.58
405,201,54,404,Typ Naprawy 4,2020-01-04,2021-04-21,287.35
406,262,476,167,Typ Naprawy 8,2020-02-06,2020-02-23,4751.85
407,500,272,146,Typ Naprawy 5,2023-02-16,2024-03-25,8428.30
408,79,136,205,Typ Naprawy 12,2018-04-18,2018-05-20,5551.71
409,272,253,313,Typ Naprawy 3,2022-03-24,2022-03-25,6314.74
410,461,429,56,Typ Naprawy 18,2023-03-14,2024-04-22,7666.64
411,77,304,290,Typ Naprawy 16,2019-01-24,2021-04-24,13419.37
412,830,327,295,Typ Naprawy 11,2021-02-19,2021-02-20,4360.33
413,17,226,390,Typ Naprawy 13,2018-01-18,2020-04-19,8263.24
414,645,107,409,Typ Naprawy 17,2022-03-06,2023-03-09,5131.54
415,804,428,19,Typ Naprawy 3,2023-03-11,2024-03-20,8155.01
416,247,54,44,Typ Naprawy 5,2019-01-20,2023-04-24,1476.00
417,727,156,147,Typ Naprawy 15,2019-01-20,2020-02-24,13133.35
418,389,217,340,Typ Naprawy 20,2018-01-06,2019-01-16,8942.60
419,776,67,192,Typ Naprawy 3,2020-02-08,2022-02-12,10073.05
420,438,86,22,Typ Naprawy 1,2022-04-01,2023-05-10,10475.93
421,446,499,110,Typ Naprawy 20,2018-03-08,2020-03-23,3844.21
422,180,105,54,Typ Naprawy 13,2020-03-06,2022-04-10,586.56
423,451,484,447,Typ Naprawy 1,2022-01-21,2023-02-24,7759.86
424,431,446,67,Typ Naprawy 9,2022-02-22,2022-04-23,7539.77
425,715,389,219,Typ Naprawy 5,2019-03-20,2020-04-23,12641.79
426,376,312,420,Typ Naprawy 5,2021-01-21,2022-02-24,4002.46
427,186,48,218,Typ Naprawy 20,2020-02-21,2021-04-23,671.59
428,584,280,314,Typ Naprawy 11,2022-01-02,2022-02-20,14586.20
429,747,406,130,Typ Naprawy 18,2019-02-03,2020-04-17,4090.22
430,370,422,175,Typ Naprawy 10,2020-04-05,2023-05-18,10880.18
431,301,314,75,Typ Naprawy 9,2022-04-18,2022-05-18,1870.70
432,807,133,379,Typ Naprawy 12,2023-03-11,2024-04-19,12365.77
433,870,429,252,Typ Naprawy 14,2021-02-17,2022-03-21,10470.93
434,572,237,167,Typ Naprawy 2,2020-04-08,2023-05-08,5753.15
435,528,72,451,Typ Naprawy 18,2020-01-22,2021-03-22,3301.27
436,336,180,439,Typ Naprawy 20,2022-03-16,2022-03-21,8986.25
437,77,223,398,Typ Naprawy 12,2020-04-21,2022-05-22,1326.85
438,629,180,20,Typ Naprawy 19,2018-02-07,2020-03-09,2876.10
439,426,245,110,Typ Naprawy 10,2023-03-20,2024-03-23,14904.05
440,435,455,443,Typ Naprawy 6,2020-03-18,2023-03-22,790.27
441,146,411,490,Typ Naprawy 5,2020-04-21,2020-05-22,4484.01
442,267,65,99,Typ Naprawy 13,2019-01-07,2023-01-12,14334.28
443,172,283,345,Typ Naprawy 13,2021-03-03,2022-04-20,13188.83
444,669,234,227,Typ Naprawy 2,2020-03-24,2022-03-25,2059.41
445,480,395,204,Typ Naprawy 1,2019-03-20,2022-04-23,4992.39
446,617,470,240,Typ Naprawy 20,2018-02-14,2019-04-25,10382.71
447,13,394,283,Typ Naprawy 3,2021-03-05,2022-03-21,14863.13
448,678,478,471,Typ Naprawy 17,2018-04-14,2020-05-21,14565.74
449,499,474,65,Typ Naprawy 14,2020-01-05,2023-02-24,5204.75
450,434,39,229,Typ Naprawy 7,2023-02-18,2024-04-20,14965.44
451,379,380,118,Typ Naprawy 18,2019-01-24,2019-04-24,6836.76
452,394,296,317,Typ Naprawy 16,2020-02-12,2020-03-15,9139.49
453,897,3,134,Typ Naprawy 18,2018-04-17,2021-05-22,10849.72
454,286,301,414,Typ Naprawy 20,2023-04-25,2024-05-26,10002.56
455,893,71,113,Typ Naprawy 20,2023-03-10,2024-03-11,7803.96
456,635,470,371,Typ Naprawy 7,2019-04-21,2020-05-23,13780.88
457,218,438,323,Typ Naprawy 4,2021-01-02,2023-04-21,13409.82
458,355,414,333,Typ Naprawy 13,2023-02-04,2024-03-08,14905.42
459,935,112,337,Typ Naprawy 2,2019-04-22,2019-05-24,7618.44
460,557,23,71,Typ Naprawy 3,2020-02-24,2021-04-25,7982.67
461,580,256,485,Typ Naprawy 6,2018-01-16,2018-01-16,1859.33
462,863,253,8,Typ Naprawy 15,2022-04-19,2023-05-22,14899.51
463,334,470,292,Typ Naprawy 2,2018-03-05,2023-04-11,14962.71
464,667,264,290,Typ Naprawy 2,2019-04-09,2021-05-15,888.95
465,266,376,49,Typ Naprawy 1,2022-03-08,2023-03-10,14482.52
466,662,191,192,Typ Naprawy 13,2023-02-20,2024-02-22,322.82
467,389,6,392,Typ Naprawy 10,2023-03-24,2024-03-24,4233.46
468,562,97,478,Typ Naprawy 18,2018-04-05,2018-05-11,7858.99
469,133,44,342,Typ Naprawy 14,2019-04-11,2020-05-11,10514.13
470,558,259,325,Typ Naprawy 7,2020-02-23,2021-03-24,13975.50
471,599,28,148,Typ Naprawy 6,2022-03-07,2023-03-19,7039.12
472,956,416,454,Typ Naprawy 6,2021-04-15,2021-05-23,5056.51
473,36,488,213,Typ Naprawy 11,2021-02-23,2021-02-23,4430.35
474,306,230,428,Typ Naprawy 20,2019-03-03,2022-04-04,6782.20
475,646,323,77,Typ Naprawy 19,2023-04-25,2024-05-26,5128.81
476,616,438,191,Typ Naprawy 1,2023-02-23,2024-02-25,8747.97
477,745,386,259,Typ Naprawy 11,2023-01-09,2024-04-15,4236.64
478,734,379,425,Typ Naprawy 13,2021-04-13,2021-05-24,9761.10
479,931,81,148,Typ Naprawy 8,2020-04-03,2022-05-05,4253.92
480,374,4,360,Typ Naprawy 3,2020-01-12,2022-01-15,1312.30
481,420,25,155,Typ Naprawy 7,2021-03-14,2023-04-21,2864.73
482,102,441,361,Typ Naprawy 12,2023-04-01,2024-05-07,5337.99
483,720,369,27,Typ Naprawy 1,2021-03-17,2023-04-18,5381.64
484,720,194,466,Typ Naprawy 4,2020-01-01,2020-01-05,14553.91
485,492,180,220,Typ Naprawy 17,2020-03-14,2021-04-23,11042.52
486,646,201,226,Typ Naprawy 4,2022-04-15,2022-05-22,6018.26
487,698,104,116,Typ Naprawy 2,2019-04-03,2023-05-19,14357.93
488,847,9,387,Typ Naprawy 2,2020-04-18,2021-05-19,2921.12
489,683,422,97,Typ Naprawy 7,2019-04-23,2023-05-23,8241.41
490,125,49,237,Typ Naprawy 2,2021-02-22,2022-04-24,6544.83
491,731,22,416,Typ Naprawy 18,2021-01-07,2022-01-07,142.74
492,707,407,80,Typ Naprawy 14,2021-02-14,2023-02-17,10927.02
493,762,342,248,Typ Naprawy 9,2021-03-04,2023-04-25,8660.67
494,898,149,154,Typ Naprawy 11,2021-01-15,2021-01-21,4655.44
495,408,137,441,Typ Naprawy 1,2023-03-07,2024-04-16,2310.88
496,182,74,444,Typ Naprawy 19,2022-02-13,2023-02-17,14061.90
497,30,417,377,Typ Naprawy 2,2021-01-21,2023-04-23,14564.83
498,435,414,115,Typ Naprawy 7,2018-02-16,2019-02-20,9877.97
499,14,392,427,Typ Naprawy 6,2023-01-05,2024-04-13,14846.30
500,114,397,499,Typ Naprawy 15,2020-02-11,2023-04-19,12003.81
501,449,245,128,Typ Naprawy 4,2019-02-22,2023-04-23,9219.98
502,211,41,174,Typ Naprawy 9,2020-02-06,2020-04-14,11956.52
503,971,110,176,Typ Naprawy 12,2021-03-10,2023-03-16,10818.80
504,249,199,201,Typ Naprawy 6,2018-01-18,2018-04-18,6721.26
505,204,74,221,Typ Naprawy 9,2018-04-14,2020-05-19,155.48
506,371,357,484,Typ Naprawy 8,2021-03-17,2022-04-24,7168.71
507,2,76,33,Typ Naprawy 2,2018-02-23,2019-03-25,3176.22
508,93,120,152,Typ Naprawy 15,2019-04-14,2022-05-17,12155.69
509,563,287,401,Typ Naprawy 1,2018-02-19,2020-03-21,11696.87
510,140,316,51,Typ Naprawy 14,2022-03-20,2022-03-22,9417.79
511,983,59,472,Typ Naprawy 10,2018-01-05,2020-02-07,14535.27
512,306,301,433,Typ Naprawy 12,2022-02-20,2023-02-24,11200.77
513,874,394,435,Typ Naprawy 2,2018-04-01,2021-05-11,7681.64
514,771,66,79,Typ Naprawy 20,2022-03-02,2023-04-04,10250.84
515,596,477,431,Typ Naprawy 12,2023-02-14,2024-02-20,203.22
516,264,6,93,Typ Naprawy 10,2023-04-23,2024-05-25,6649.42
517,695,249,481,Typ Naprawy 6,2023-02-25,2024-04-26,927.15
518,357,287,149,Typ Naprawy 18,2023-01-14,2024-03-16,8404.66
519,107,84,70,Typ Naprawy 15,2023-03-23,2024-03-23,14525.72
520,667,71,400,Typ Naprawy 9,2019-04-09,2019-05-20,7334.23
521,728,462,113,Typ Naprawy 18,2023-04-07,2024-05-08,2545.52
522,220,114,215,Typ Naprawy 15,2018-01-03,2019-04-03,13418.01
523,406,248,348,Typ Naprawy 3,2019-03-09,2022-03-20,9176.33
524,415,248,5,Typ Naprawy 2,2022-03-13,2022-04-14,6724.90
525,511,358,176,Typ Naprawy 15,2022-01-21,2023-04-22,8077.71
526,402,98,154,Typ Naprawy 6,2020-01-01,2020-02-13,9814.31
527,315,481,194,Typ Naprawy 4,2021-01-08,2021-02-19,492.88
528,624,181,266,Typ Naprawy 10,2023-01-14,2024-02-22,3818.29
529,587,284,205,Typ Naprawy 9,2022-03-09,2022-04-12,1343.22
530,397,432,497,Typ Naprawy 18,2019-02-15,2023-03-15,9896.16
531,612,340,29,Typ Naprawy 14,2022-03-17,2022-04-22,9380.04
532,559,328,442,Typ Naprawy 17,2021-04-06,2021-05-19,4378.06
533,801,40,429,Typ Naprawy 12,2020-02-13,2021-03-19,9081.74
534,922,361,26,Typ Naprawy 20,2020-01-07,2023-03-12,2853.82
535,998,465,306,Typ Naprawy 17,2022-01-23,2022-03-23,4266.65
536,139,408,94,Typ Naprawy 7,2023-02-24,2024-04-25,7657.09
537,155,390,186,Typ Naprawy 19,2023-03-18,2024-03-23,8477.41
538,511,74,423,Typ Naprawy 12,2022-02-16,2022-03-23,2728.31
539,705,102,111,Typ Naprawy 7,2022-03-19,2022-03-21,10557.33
540,287,231,400,Typ Naprawy 18,2022-04-10,2023-05-16,6065.55
541,616,368,64,Typ Naprawy 5,2022-03-17,2022-04-22,3738.72
542,315,42,307,Typ Naprawy 6,2018-04-21,2023-05-21,2932.03
543,560,390,311,Typ Naprawy 4,2019-04-19,2020-05-19,6153.76
544,887,199,317,Typ Naprawy 4,2020-01-12,2020-04-15,2916.57
545,324,33,128,Typ Naprawy 11,2022-04-24,2022-05-24,14239.24
546,608,487,437,Typ Naprawy 9,2018-02-06,2023-03-11,10070.32
547,161,252,225,Typ Naprawy 6,2022-01-16,2023-02-18,4889.17
548,241,198,151,Typ Naprawy 2,2020-03-03,2020-03-18,1211.35
549,130,146,452,Typ Naprawy 3,2021-04-17,2022-05-20,7273.30
550,459,87,408,Typ Naprawy 20,2022-01-14,2023-02-16,9460.53
551,23,497,50,Typ Naprawy 6,2019-02-01,2023-02-21,7051.85
552,145,15,370,Typ Naprawy 14,2021-03-22,2022-03-22,13293.87
553,47,82,446,Typ Naprawy 10,2019-04-09,2021-05-14,9648.33
554,738,5,496,Typ Naprawy 4,2022-02-20,2023-02-21,5298.88
555,678,172,497,Typ Naprawy 18,2020-04-21,2022-05-21,10240.38
556,204,331,463,Typ Naprawy 17,2018-03-06,2018-04-14,14537.09
557,433,448,412,Typ Naprawy 20,2018-03-15,2022-03-22,13958.68
558,710,203,112,Typ Naprawy 9,2019-02-21,2023-02-25,2767.88
559,584,493,491,Typ Naprawy 15,2022-03-25,2023-03-26,13026.94
560,552,88,86,Typ Naprawy 1,2023-02-24,2024-02-24,10097.15
561,672,112,39,Typ Naprawy 18,2022-03-11,2023-03-24,3159.85
562,379,398,120,Typ Naprawy 4,2020-03-17,2023-04-21,534.26
563,46,372,482,Typ Naprawy 9,2022-01-04,2023-01-20,10967.95
564,762,303,271,Typ Naprawy 5,2021-03-06,2021-03-11,3793.28
565,428,319,108,Typ Naprawy 1,2019-03-05,2022-04-14,7301.95
566,133,440,138,Typ Naprawy 5,2022-04-03,2023-05-23,9931.17
567,337,94,77,Typ Naprawy 4,2023-02-20,2024-02-24,6849.04
568,434,196,340,Typ Naprawy 1,2019-01-01,2019-03-06,8341.00
569,8,459,88,Typ Naprawy 9,2022-02-19,2022-03-20,9427.34
570,564,473,80,Typ Naprawy 12,2023-04-22,2024-05-23,5375.27
571,265,369,249,Typ Naprawy 10,2020-01-02,2021-03-18,4889.17
572,748,423,485,Typ Naprawy 8,2019-02-14,2021-02-22,5213.85
573,510,146,372,Typ Naprawy 1,2020-04-25,2023-05-26,1893.44
574,683,200,480,Typ Naprawy 18,2019-03-15,2020-04-15,1112.22
575,558,192,151,Typ Naprawy 3,2022-04-24,2022-05-24,10798.33
576,752,109,280,Typ Naprawy 3,2021-01-25,2022-02-26,8250.05
577,779,225,187,Typ Naprawy 18,2023-02-23,2024-03-23,10135.34
578,37,8,171,Typ Naprawy 6,2021-03-10,2021-04-21,9842.50
579,990,186,314,Typ Naprawy 12,2018-04-21,2021-05-21,7416.08
580,931,202,78,Typ Naprawy 8,2020-03-24,2023-03-25,5176.56
581,348,24,289,Typ Naprawy 17,2022-03-12,2023-04-15,12616.33
582,96,407,94,Typ Naprawy 20,2023-01-04,2024-02-25,3813.29
583,623,88,59,Typ Naprawy 4,2023-04-25,2024-05-26,2322.70
584,310,321,130,Typ Naprawy 7,2019-01-05,2023-04-15,5678.12
585,881,369,444,Typ Naprawy 13,2021-04-24,2021-05-24,6089.19
586,725,474,59,Typ Naprawy 13,2019-03-16,2022-03-21,6440.24
587,925,348,342,Typ Naprawy 14,2022-02-13,2022-02-16,12848.69
588,655,211,396,Typ Naprawy 20,2018-02-01,2018-04-20,14875.86
589,137,437,489,Typ Naprawy 8,2019-04-04,2021-05-06,10818.34
590,800,41,195,Typ Naprawy 16,2023-01-22,2024-01-23,2939.31
591,710,188,91,Typ Naprawy 11,2022-02-23,2022-04-24,10369.98
592,671,383,342,Typ Naprawy 2,2019-04-01,2021-05-25,11839.66
593,567,370,322,Typ Naprawy 5,2022-01-01,2022-04-05,11571.37
594,165,196,212,Typ Naprawy 13,2023-01-10,2024-01-12,6627.13
595,764,146,310,Typ Naprawy 15,2020-03-17,2023-03-19,2232.21
596,651,309,170,Typ Naprawy 3,2019-01-13,2022-03-15,5311.61
597,732,458,345,Typ Naprawy 2,2021-02-21,2021-03-22,1549.21
598,459,239,401,Typ Naprawy 7,2022-03-25,2023-03-26,14079.63
599,915,58,154,Typ Naprawy 2,2023-03-12,2024-03-21,4971.48
600,389,370,395,Typ Naprawy 4,2018-04-02,2018-05-20,7852.62
601,661,399,340,Typ Naprawy 12,2022-02-04,2023-02-13,5854.55
602,396,306,311,Typ Naprawy 5,2020-01-05,2020-02-17,7000.01
603,853,485,432,Typ Naprawy 18,2021-02-17,2022-03-18,12680.44
604,93,121,441,Typ Naprawy 18,2021-02-13,2021-04-24,590.65
605,14,56,495,Typ Naprawy 16,2021-04-21,2022-05-23,13259.31
606,773,408,155,Typ Naprawy 1,2020-04-18,2021-05-23,2193.56
607,378,379,402,Typ Naprawy 10,2018-01-01,2020-04-19,12196.62
608,979,100,230,Typ Naprawy 9,2021-03-23,2023-03-23,12894.17
609,559,318,110,Typ Naprawy 19,2019-03-23,2021-04-25,5785.89
610,274,57,38,Typ Naprawy 8,2021-04-06,2023-05-22,9490.09
611,172,107,414,Typ Naprawy 1,2020-03-23,2023-04-24,14852.67
612,216,489,107,Typ Naprawy 8,2023-02-05,2024-04-07,1734.28
613,598,447,500,Typ Naprawy 20,2020-04-19,2023-05-23,14857.67
614,589,166,96,Typ Naprawy 6,2018-01-08,2020-03-12,3317.64
615,353,466,494,Typ Naprawy 20,2022-01-13,2022-04-23,7464.74
616,645,125,418,Typ Naprawy 17,2020-03-23,2022-03-24,12669.08
617,550,208,387,Typ Naprawy 8,2020-02-15,2023-04-18,6124.66
618,95,236,65,Typ Naprawy 15,2023-02-08,2024-03-25,6172.41
619,571,206,409,Typ Naprawy 4,2022-03-03,2022-03-19,902.59
620,955,180,274,Typ Naprawy 7,2021-03-25,2021-04-26,9207.25
621,855,169,21,Typ Naprawy 3,2022-01-18,2023-04-22,13436.20
622,55,340,440,Typ Naprawy 5,2022-01-05,2022-03-05,2277.68
623,997,72,291,Typ Naprawy 16,2022-03-16,2023-03-17,4421.71
624,204,347,180,Typ Naprawy 18,2018-03-03,2022-04-09,1490.10
625,630,53,299,Typ Naprawy 14,2021-03-16,2023-03-17,11149.84
626,635,334,484,Typ Naprawy 11,2018-03-09,2021-04-16,3187.13
627,103,464,188,Typ Naprawy 1,2021-01-16,2023-02-23,14686.69
628,289,267,383,Typ Naprawy 14,2018-01-24,2022-02-25,10051.22
629,271,50,209,Typ Naprawy 1,2023-02-10,2024-03-15,4856.89
630,388,295,4,Typ Naprawy 6,2018-02-22,2023-03-23,13418.01
631,932,135,469,Typ Naprawy 19,2019-02-06,2019-04-23,11580.46
632,709,91,51,Typ Naprawy 11,2019-03-11,2023-04-16,3874.68
633,784,198,161,Typ Naprawy 10,2021-03-03,2021-04-23,8522.43
634,126,216,386,Typ Naprawy 2,2023-04-06,2024-05-14,9273.18
635,218,198,456,Typ Naprawy 20,2023-01-10,2024-02-15,5028.32
636,73,216,134,Typ Naprawy 11,2021-01-23,2022-01-24,4137.97
637,592,280,495,Typ Naprawy 6,2019-03-05,2020-03-22,697.51
638,55,128,284,Typ Naprawy 15,2019-03-11,2019-03-14,6740.36
639,923,82,137,Typ Naprawy 10,2022-03-03,2023-04-17,5718.14
640,632,91,251,Typ Naprawy 9,2022-02-09,2022-02-25,1144.51
641,296,30,360,Typ Naprawy 2,2021-03-13,2021-04-22,4620.43
642,23,26,438,Typ Naprawy 1,2018-02-06,2023-02-13,3816.02
643,521,56,321,Typ Naprawy 18,2018-02-25,2021-02-26,8656.58
644,37,463,494,Typ Naprawy 1,2018-03-20,2022-04-21,9928.90
645,288,266,178,Typ Naprawy 5,2018-02-06,2021-03-20,12363.04
646,128,23,170,Typ Naprawy 5,2018-01-10,2020-01-16,7258.29
647,863,385,483,Typ Naprawy 7,2023-01-12,2024-02-20,11443.59
648,844,148,348,Typ Naprawy 20,2023-04-11,2024-05-16,1449.63
649,382,386,328,Typ Naprawy 4,2021-03-16,2021-03-17,2126.71
650,711,437,193,Typ Naprawy 13,2019-04-14,2022-05-23,3604.57
651,230,313,264,Typ Naprawy 12,2019-02-18,2019-04-19,7198.27
652,350,267,283,Typ Naprawy 18,2019-02-02,2022-03-08,5050.15
653,283,399,15,Typ Naprawy 2,2021-01-24,2023-02-25,7258.29
654,499,68,446,Typ Naprawy 6,2021-04-25,2023-05-26,9961.64
655,182,172,11,Typ Naprawy 9,2022-04-01,2023-05-21,3821.93
656,520,39,122,Typ Naprawy 5,2023-03-12,2024-04-24,14797.19
657,999,26,152,Typ Naprawy 9,2019-02-07,2020-04-10,9283.64
658,621,52,97,Typ Naprawy 16,2021-03-09,2023-03-23,4804.59
659,286,301,497,Typ Naprawy 11,2020-03-23,2022-04-23,9534.65
660,36,135,179,Typ Naprawy 12,2022-04-16,2023-05-17,10281.31
661,302,403,387,Typ Naprawy 17,2018-04-12,2023-05-19,924.87
662,120,195,2,Typ Naprawy 6,2022-01-15,2022-02-24,8394.20
663,21,435,310,Typ Naprawy 6,2019-01-13,2020-04-24,6563.02
664,81,406,8,Typ Naprawy 7,2020-04-22,2023-05-23,7592.97
665,898,373,435,Typ Naprawy 1,2021-04-03,2023-05-07,6311.10
666,665,81,54,Typ Naprawy 19,2023-03-07,2024-04-24,8742.52
667,234,432,393,Typ Naprawy 3,2023-02-15,2024-03-24,1922.54
668,969,140,414,Typ Naprawy 5,2018-03-03,2021-03-15,4051.57
669,172,450,51,Typ Naprawy 11,2018-02-10,2022-02-24,2037.13
670,874,405,150,Typ Naprawy 1,2022-03-15,2023-04-22,2743.32
671,297,225,392,Typ Naprawy 7,2020-02-23,2023-04-25,13272.95
672,457,354,299,Typ Naprawy 16,2019-02-11,2019-03-16,601.11
673,397,406,369,Typ Naprawy 11,2021-01-11,2023-03-15,3085.73
674,316,198,22,Typ Naprawy 12,2018-01-21,2020-03-25,12299.38
675,903,175,339,Typ Naprawy 15,2019-01-16,2020-03-18,4278.02
676,941,336,252,Typ Naprawy 12,2020-03-23,2021-04-24,10156.26
677,522,246,338,Typ Naprawy 2,2022-01-22,2023-03-25,3965.62
678,850,255,403,Typ Naprawy 9,2021-01-12,2021-03-23,2344.98
679,304,235,46,Typ Naprawy 16,2019-04-12,2019-05-20,14868.13
680,587,461,474,Typ Naprawy 12,2019-04-11,2022-05-21,12309.39
681,784,220,322,Typ Naprawy 19,2022-02-13,2022-03-18,9282.28
682,997,379,500,Typ Naprawy 4,2019-01-17,2022-01-25,7623.44
683,568,144,20,Typ Naprawy 13,2019-03-06,2021-04-24,9118.58
684,456,467,209,Typ Naprawy 20,2019-03-02,2021-03-18,1077.21
685,509,368,92,Typ Naprawy 3,2022-01-23,2022-01-23,7995.86
686,564,236,182,Typ Naprawy 6,2020-04-08,2021-05-16,7696.19
687,503,344,331,Typ Naprawy 7,2022-03-01,2022-04-15,13950.49
688,274,443,58,Typ Naprawy 2,2020-01-09,2020-01-25,11610.47
689,120,289,100,Typ Naprawy 15,2022-04-21,2023-05-24,6376.58
690,515,481,427,Typ Naprawy 7,2023-03-07,2024-03-08,6049.18
691,353,273,233,Typ Naprawy 20,2020-01-06,2022-04-23,11770.99
692,622,307,80,Typ Naprawy 3,2021-04-23,2022-05-25,4324.40
693,777,236,419,Typ Naprawy 14,2021-04-01,2022-05-10,3717.80
694,423,102,248,Typ Naprawy 4,2023-04-08,2024-05-12,1782.94
695,85,284,197,Typ Naprawy 16,2020-02-20,2023-02-22,11247.15
696,874,215,142,Typ Naprawy 13,2020-01-07,2023-01-08,13897.29
697,835,344,87,Typ Naprawy 11,2019-01-01,2019-02-01,10915.65
698,415,167,18,Typ Naprawy 9,2022-04-02,2022-05-18,11733.25
699,196,216,430,Typ Naprawy 12,2021-01-12,2023-02-23,12643.61
700,428,258,159,Typ Naprawy 10,2019-02-03,2023-02-04,9480.08
701,305,111,232,Typ Naprawy 19,2018-01-07,2021-01-11,10872.91
702,983,255,369,Typ Naprawy 1,2019-01-19,2020-02-23,10324.05
703,876,292,363,Typ Naprawy 12,2022-02-14,2023-03-17,8811.18
704,179,13,6,Typ Naprawy 6,2021-04-20,2023-05-25,7665.73
705,352,292,342,Typ Naprawy 6,2020-01-16,2023-04-24,5543.07
706,905,323,391,Typ Naprawy 13,2021-04-13,2022-05-25,4598.15
707,70,285,352,Typ Naprawy 7,2018-04-02,2019-05-09,6457.07
708,70,289,183,Typ Naprawy 6,2018-04-05,2019-05-16,3766.00
709,564,98,348,Typ Naprawy 13,2022-03-24,2023-03-24,3862.86
710,228,110,448,Typ Naprawy 10,2018-04-10,2023-05-22,7418.81
711,565,123,398,Typ Naprawy 16,2023-02-15,2024-04-17,185.03
712,699,60,494,Typ Naprawy 4,2019-03-25,2023-03-26,9636.96
713,246,393,429,Typ Naprawy 11,2021-01-13,2022-03-18,5994.16
714,632,99,330,Typ Naprawy 18,2022-04-24,2022-05-24,7093.68
715,904,353,369,Typ Naprawy 4,2023-02-18,2024-04-24,3138.48
716,186,84,55,Typ Naprawy 11,2023-03-04,2024-03-08,2014.40
717,84,263,462,Typ Naprawy 8,2020-04-14,2022-05-23,2025.31
718,554,474,411,Typ Naprawy 17,2022-02-13,2022-02-14,9315.93
719,475,395,63,Typ Naprawy 13,2022-02-08,2022-04-24,7127.79
720,499,128,58,Typ Naprawy 11,2022-04-13,2022-05-23,9983.92
721,521,333,63,Typ Naprawy 2,2018-01-05,2018-01-21,10748.31
722,733,450,29,Typ Naprawy 1,2020-04-12,2021-05-17,11268.07
723,1,136,436,Typ Naprawy 5,2019-03-25,2023-04-26,5880.93
724,836,215,172,Typ Naprawy 16,2020-04-23,2021-05-24,11457.69
725,39,21,233,Typ Naprawy 8,2019-01-20,2023-04-23,12767.30
726,777,187,462,Typ Naprawy 15,2019-02-22,2023-04-23,13589.44
727,532,340,41,Typ Naprawy 12,2023-03-11,2024-03-17,13901.38
728,207,270,469,Typ Naprawy 14,2022-01-16,2023-03-23,1378.23
729,667,290,44,Typ Naprawy 14,2021-03-12,2021-04-22,12146.60
730,103,475,192,Typ Naprawy 19,2023-04-11,2024-05-23,4549.95
731,448,252,497,Typ Naprawy 6,2018-02-11,2019-04-16,5960.96
732,163,473,268,Typ Naprawy 8,2019-04-21,2021-05-22,5825.91
733,240,363,421,Typ Naprawy 14,2018-03-12,2020-04-22,6363.39
734,772,78,122,Typ Naprawy 17,2020-01-16,2021-03-22,7229.65
735,5,218,406,Typ Naprawy 1,2021-03-01,2021-03-16,7724.39
736,744,385,108,Typ Naprawy 19,2018-02-12,2018-02-19,2443.66
737,191,400,218,Typ Naprawy 16,2018-04-19,2020-05-23,9369.59
738,102,75,360,Typ Naprawy 9,2020-01-10,2022-01-23,4848.70
739,892,347,323,Typ Naprawy 2,2023-04-15,2024-05-25,9223.62
740,632,433,117,Typ Naprawy 8,2019-01-18,2019-02-19,13061.05
741,374,287,161,Typ Naprawy 4,2023-02-09,2024-02-17,11819.19
742,677,488,324,Typ Naprawy 5,2020-03-07,2022-03-18,13846.82
743,573,180,184,Typ Naprawy 2,2019-03-02,2020-04-04,6184.69
744,292,489,207,Typ Naprawy 18,2023-02-19,2024-03-22,1126.77
745,494,422,374,Typ Naprawy 14,2022-04-16,2022-05-22,8381.47
746,90,257,170,Typ Naprawy 5,2019-03-16,2022-04-23,658.86
747,911,195,279,Typ Naprawy 16,2021-03-14,2022-03-22,4824.60
748,820,355,117,Typ Naprawy 5,2018-01-24,2020-03-24,3739.17
749,489,221,220,Typ Naprawy 19,2023-03-03,2024-04-03,5989.61
750,949,416,266,Typ Naprawy 16,2023-02-13,2024-02-21,1182.70
751,807,463,179,Typ Naprawy 8,2023-03-07,2024-04-12,12015.63
752,283,49,97,Typ Naprawy 6,2021-01-07,2021-04-07,11675.50
753,740,322,2,Typ Naprawy 3,2023-01-21,2024-04-24,8833.92
754,715,483,479,Typ Naprawy 5,2019-02-17,2022-03-17,4785.04
755,44,286,458,Typ Naprawy 14,2019-01-13,2021-02-25,10340.42
756,73,25,257,Typ Naprawy 15,2023-04-13,2024-05-21,12309.84
757,666,216,378,Typ Naprawy 11,2023-04-10,2024-05-16,13168.36
758,766,239,427,Typ Naprawy 7,2019-04-09,2020-05-14,6543.92
759,739,478,183,Typ Naprawy 7,2022-03-24,2023-03-24,14434.32
760,113,480,110,Typ Naprawy 13,2021-01-04,2023-01-15,6832.67
761,850,28,434,Typ Naprawy 4,2018-02-04,2023-02-07,7729.84
762,177,128,208,Typ Naprawy 17,2018-03-24,2023-04-25,13075.15
763,223,422,368,Typ Naprawy 14,2023-01-18,2024-02-18,14436.14
764,253,157,201,Typ Naprawy 5,2021-04-20,2022-05-22,14343.83
765,922,449,426,Typ Naprawy 20,2019-01-10,2021-03-24,12834.60
766,43,50,225,Typ Naprawy 1,2022-03-25,2022-04-26,3337.19
767,67,305,340,Typ Naprawy 7,2022-01-17,2022-03-19,7243.74
768,776,65,286,Typ Naprawy 3,2022-03-19,2023-03-21,8344.63
769,491,42,174,Typ Naprawy 7,2019-02-08,2021-02-11,4957.38
770,243,291,194,Typ Naprawy 11,2021-02-03,2023-04-14,2264.95
771,596,459,225,Typ Naprawy 18,2021-03-03,2022-03-15,10799.24
772,436,224,368,Typ Naprawy 13,2020-03-15,2020-04-19,6796.75
773,839,493,384,Typ Naprawy 9,2018-02-25,2022-03-26,13162.45
774,252,28,348,Typ Naprawy 9,2021-02-13,2023-04-15,424.22
775,688,64,209,Typ Naprawy 3,2021-04-14,2023-05-15,8795.27
776,157,449,89,Typ Naprawy 20,2022-01-11,2023-01-17,7976.31
777,641,155,224,Typ Naprawy 18,2018-04-18,2020-05-23,10678.74
778,98,208,29,Typ Naprawy 17,2020-04-15,2022-05-21,11640.49
779,148,102,298,Typ Naprawy 6,2022-02-10,2022-04-24,4132.96
780,701,18,447,Typ Naprawy 3,2022-01-08,2022-02-10,8183.21
781,596,397,118,Typ Naprawy 14,2018-02-23,2021-03-24,7196.00
782,869,11,442,Typ Naprawy 14,2022-04-21,2022-05-24,1787.94
783,485,172,310,Typ Naprawy 19,2021-01-01,2023-03-22,9315.93
784,321,282,290,Typ Naprawy 16,2023-03-15,2024-03-19,2143.99
785,159,449,308,Typ Naprawy 7,2022-03-05,2022-03-11,9883.42
786,925,496,498,Typ Naprawy 3,2022-04-07,2022-05-19,10505.04
787,117,27,195,Typ Naprawy 13,2023-04-13,2024-05-25,3115.74
788,18,375,201,Typ Naprawy 3,2019-01-09,2021-01-25,8463.32
789,856,418,217,Typ Naprawy 19,2022-04-10,2023-05-23,5383.91
790,150,54,295,Typ Naprawy 9,2020-02-04,2023-04-13,5307.52
791,585,402,195,Typ Naprawy 4,2022-01-19,2022-02-24,9496.00
792,144,336,395,Typ Naprawy 1,2020-04-08,2021-05-16,6057.82
793,847,205,158,Typ Naprawy 3,2022-02-19,2022-03-20,3308.55
794,645,448,147,Typ Naprawy 7,2020-04-12,2020-05-25,13368.90
795,872,440,364,Typ Naprawy 8,2020-02-09,2021-03-18,320.09
796,843,418,405,Typ Naprawy 17,2020-03-14,2021-03-20,2741.96
797,220,329,139,Typ Naprawy 13,2021-02-23,2023-03-23,10376.80
798,235,122,289,Typ Naprawy 16,2021-03-14,2022-03-18,10851.08
799,415,305,415,Typ Naprawy 10,2022-01-18,2022-03-19,1341.40
800,115,74,322,Typ Naprawy 13,2020-04-22,2020-05-24,2678.75
801,676,93,120,Typ Naprawy 9,2018-02-14,2018-02-20,5516.24
802,384,2,140,Typ Naprawy 7,2020-04-10,2022-05-12,10740.13
803,291,131,378,Typ Naprawy 16,2022-02-20,2023-04-22,13595.35
804,122,51,82,Typ Naprawy 4,2018-01-25,2020-03-26,4483.10
805,776,39,209,Typ Naprawy 10,2023-04-01,2024-05-17,8588.37
806,651,452,471,Typ Naprawy 6,2019-01-20,2020-01-22,7876.72
807,543,490,239,Typ Naprawy 11,2020-03-14,2022-03-21,10487.30
808,767,28,59,Typ Naprawy 7,2022-02-03,2022-02-21,5284.78
809,39,3,479,Typ Naprawy 14,2021-01-04,2021-03-12,134.56
810,640,6,362,Typ Naprawy 8,2018-04-06,2020-05-13,13537.15
811,759,146,17,Typ Naprawy 17,2019-03-25,2021-04-26,10110.33
812,774,88,424,Typ Naprawy 4,2022-04-10,2023-05-14,8431.94
813,509,92,456,Typ Naprawy 12,2019-04-19,2023-05-25,8319.17
814,74,19,468,Typ Naprawy 20,2021-03-10,2022-03-10,2149.45
815,228,436,285,Typ Naprawy 7,2018-04-14,2019-05-18,6271.08
816,365,255,359,Typ Naprawy 1,2021-02-07,2023-04-23,10153.99
817,708,6,181,Typ Naprawy 12,2023-03-17,2024-03-19,1263.19
818,83,368,94,Typ Naprawy 7,2022-04-05,2022-05-07,2508.68
819,41,71,318,Typ Naprawy 9,2022-02-03,2022-02-13,11064.80
820,266,173,123,Typ Naprawy 10,2019-02-25,2020-03-26,7553.41
821,274,250,39,Typ Naprawy 1,2022-01-07,2022-01-23,5241.58
822,561,240,283,Typ Naprawy 8,2021-04-21,2021-05-25,7067.76
823,686,36,273,Typ Naprawy 16,2023-03-25,2024-03-26,7376.98
824,763,450,29,Typ Naprawy 1,2020-02-08,2022-02-23,3256.25
825,435,34,119,Typ Naprawy 2,2019-01-23,2023-03-24,12440.35
826,539,449,305,Typ Naprawy 18,2021-01-02,2021-04-25,6169.23
827,635,236,349,Typ Naprawy 19,2020-01-09,2022-02-16,4556.31
828,909,137,86,Typ Naprawy 10,2018-03-21,2022-04-22,4381.70
829,169,449,341,Typ Naprawy 17,2018-03-17,2018-03-22,9346.85
830,428,131,259,Typ Naprawy 14,2018-04-25,2022-05-26,14503.44
831,600,260,37,Typ Naprawy 17,2023-01-10,2024-02-15,10531.41
832,120,14,213,Typ Naprawy 19,2018-03-20,2021-03-22,6061.46
833,178,493,10,Typ Naprawy 16,2021-01-21,2022-02-22,2369.54
834,910,402,395,Typ Naprawy 18,2019-03-18,2022-03-19,9243.63
835,210,9,110,Typ Naprawy 11,2019-02-06,2023-03-08,9314.56
836,393,37,390,Typ Naprawy 4,2018-03-06,2020-04-09,1881.16
837,929,270,485,Typ Naprawy 5,2018-03-07,2021-03-21,14157.39
838,209,254,442,Typ Naprawy 1,2018-04-21,2018-05-23,4755.03
839,737,126,434,Typ Naprawy 5,2023-01-23,2024-03-25,10470.93
840,113,360,107,Typ Naprawy 15,2021-03-25,2023-03-26,11455.41
841,887,14,144,Typ Naprawy 18,2023-02-16,2024-03-24,1716.10
842,796,361,38,Typ Naprawy 16,2018-03-09,2023-03-25,4526.30
843,312,39,341,Typ Naprawy 6,2018-02-05,2023-04-10,6193.78
844,582,274,382,Typ Naprawy 18,2019-01-14,2021-02-23,3622.31
845,724,90,191,Typ Naprawy 20,2020-02-10,2020-03-22,12498.55
846,269,11,8,Typ Naprawy 16,2019-01-07,2022-02-20,10514.13
847,724,464,360,Typ Naprawy 4,2020-04-11,2023-05-14,6864.96
848,313,285,3,Typ Naprawy 13,2022-02-16,2022-04-23,3470.43
849,89,152,22,Typ Naprawy 20,2018-02-03,2019-03-08,8056.34
850,702,373,150,Typ Naprawy 14,2021-04-24,2022-05-25,9355.49
851,690,38,116,Typ Naprawy 20,2018-04-09,2021-05-20,5634.01
852,703,61,202,Typ Naprawy 6,2018-03-15,2022-03-16,8369.64
853,744,10,482,Typ Naprawy 11,2021-01-18,2021-03-18,14134.66
854,576,484,171,Typ Naprawy 20,2021-01-21,2021-01-23,11340.82
855,930,364,309,Typ Naprawy 14,2022-04-10,2023-05-10,13107.89
856,418,323,89,Typ Naprawy 10,2020-04-22,2023-05-22,1231.81
857,934,94,421,Typ Naprawy 13,2018-02-11,2020-04-16,11897.86
858,379,40,193,Typ Naprawy 1,2019-04-23,2019-05-24,1993.02
859,105,72,230,Typ Naprawy 16,2019-02-20,2022-04-22,12676.81
860,26,393,275,Typ Naprawy 3,2022-02-04,2023-03-05,13977.32
861,496,198,127,Typ Naprawy 20,2020-03-13,2022-04-21,5666.75
862,645,117,178,Typ Naprawy 19,2020-04-22,2022-05-22,1355.04
863,214,239,43,Typ Naprawy 9,2021-02-13,2022-03-13,7366.52
864,527,379,292,Typ Naprawy 15,2023-03-15,2024-03-21,7911.28
865,740,87,460,Typ Naprawy 6,2022-02-01,2022-04-04,9657.43
866,227,377,102,Typ Naprawy 11,2018-03-13,2021-04-19,1424.16
867,170,151,328,Typ Naprawy 20,2019-01-21,2023-04-21,8749.79
868,322,78,448,Typ Naprawy 10,2023-01-17,2024-02-19,806.19
869,970,477,143,Typ Naprawy 13,2020-01-25,2020-02-26,1694.72
870,206,279,109,Typ Naprawy 1,2020-03-20,2021-03-22,6640.32
871,142,4,188,Typ Naprawy 10,2022-03-21,2023-03-23,4697.73
872,332,275,432,Typ Naprawy 11,2020-03-18,2023-03-25,13694.48
873,395,265,225,Typ Naprawy 9,2021-04-24,2023-05-25,3603.21
874,831,414,444,Typ Naprawy 9,2023-04-09,2024-05-10,7464.74
875,656,169,218,Typ Naprawy 12,2022-03-16,2022-03-21,9812.94
876,734,62,212,Typ Naprawy 19,2019-04-18,2020-05-21,13846.82
877,664,158,167,Typ Naprawy 8,2022-03-10,2023-04-19,8437.85
878,724,337,485,Typ Naprawy 20,2018-04-07,2022-05-12,7656.63
879,470,184,487,Typ Naprawy 13,2018-01-08,2020-04-10,11821.47
880,42,271,490,Typ Naprawy 19,2018-04-11,2020-05-12,8064.52
881,87,76,234,Typ Naprawy 5,2023-04-16,2024-05-19,3659.14
882,316,13,71,Typ Naprawy 19,2020-01-08,2021-02-09,9783.39
883,359,152,385,Typ Naprawy 3,2018-03-23,2019-04-23,7162.35
884,281,385,340,Typ Naprawy 4,2023-04-08,2024-05-16,852.57
885,554,214,40,Typ Naprawy 6,2018-02-25,2020-02-26,4121.14
886,873,252,142,Typ Naprawy 6,2020-03-18,2020-04-22,5071.06
887,638,126,122,Typ Naprawy 11,2022-04-25,2023-05-26,13559.88
888,238,306,93,Typ Naprawy 12,2020-04-10,2021-05-23,1393.24
889,512,262,172,Typ Naprawy 3,2023-03-25,2024-04-26,1270.01
890,245,129,307,Typ Naprawy 9,2023-02-23,2024-02-23,6235.62
891,457,158,33,Typ Naprawy 6,2020-01-15,2022-02-23,14404.76
892,602,307,225,Typ Naprawy 15,2019-04-20,2020-05-23,2496.40
893,88,419,285,Typ Naprawy 19,2018-03-16,2022-04-19,10624.63
894,16,4,459,Typ Naprawy 4,2023-01-13,2024-04-15,5495.32
895,585,102,232,Typ Naprawy 10,2020-01-08,2023-01-17,5840.91
896,593,281,65,Typ Naprawy 18,2022-04-11,2022-05-16,11148.47
897,187,479,124,Typ Naprawy 13,2022-02-04,2023-02-14,4735.02
898,1000,12,391,Typ Naprawy 6,2018-03-04,2022-03-22,708.88
899,875,252,22,Typ Naprawy 2,2020-01-23,2020-01-24,11985.17
900,812,38,203,Typ Naprawy 18,2021-04-15,2021-05-15,9127.67
901,498,169,3,Typ Naprawy 14,2023-03-10,2024-03-13,3093.01
902,257,379,151,Typ Naprawy 2,2020-01-24,2023-03-25,1639.70
903,366,340,247,Typ Naprawy 1,2022-03-17,2022-03-25,759.35
904,848,184,338,Typ Naprawy 8,2018-03-05,2022-03-14,12711.37
905,617,468,201,Typ Naprawy 13,2022-02-23,2023-02-25,1893.44
906,335,269,149,Typ Naprawy 17,2018-01-24,2023-02-25,10285.40
907,598,29,408,Typ Naprawy 16,2021-03-19,2022-04-20,12785.03
908,902,171,99,Typ Naprawy 8,2019-01-18,2019-04-25,5647.65
909,987,476,274,Typ Naprawy 7,2023-04-16,2024-05-22,208.22
910,657,423,460,Typ Naprawy 8,2018-01-09,2019-02-25,6479.80
911,857,84,10,Typ Naprawy 10,2023-03-25,2024-03-26,3704.16
912,419,2,68,Typ Naprawy 9,2023-03-03,2024-03-16,3807.38
913,565,102,457,Typ Naprawy 17,2023-04-08,2024-05-12,14085.09
914,719,185,476,Typ Naprawy 15,2019-03-06,2023-03-25,7208.27
915,928,313,233,Typ Naprawy 13,2021-02-12,2021-04-24,10379.53
916,89,64,496,Typ Naprawy 20,2019-02-24,2020-04-25,10798.33
917,615,363,361,Typ Naprawy 19,2020-04-19,2021-05-21,7326.50
918,541,50,373,Typ Naprawy 13,2019-04-15,2019-05-18,7331.05
919,937,354,498,Typ Naprawy 11,2023-03-21,2024-03-25,7246.02
920,871,371,435,Typ Naprawy 7,2021-04-13,2021-05-17,3750.54
921,345,50,21,Typ Naprawy 6,2021-04-07,2023-05-14,2962.50
922,474,480,289,Typ Naprawy 9,2019-03-06,2022-04-25,4268.47
923,291,341,484,Typ Naprawy 6,2020-03-01,2020-03-25,3654.59
924,879,198,14,Typ Naprawy 15,2020-04-12,2020-05-21,6560.29
925,298,202,420,Typ Naprawy 8,2020-03-11,2022-04-24,6173.77
926,308,224,274,Typ Naprawy 12,2019-04-09,2023-05-16,3740.53
927,778,466,30,Typ Naprawy 19,2018-04-13,2018-05-19,1789.76
928,22,182,182,Typ Naprawy 11,2018-03-11,2022-03-14,2397.73
929,887,408,164,Typ Naprawy 19,2021-04-23,2021-05-23,2672.84
930,150,283,67,Typ Naprawy 16,2020-04-13,2020-05-14,502.89
931,915,415,186,Typ Naprawy 3,2019-04-07,2021-05-10,8394.20
932,600,54,361,Typ Naprawy 8,2019-03-05,2019-04-17,10965.67
933,811,301,237,Typ Naprawy 4,2019-03-14,2022-03-16,6009.16
934,156,21,81,Typ Naprawy 17,2020-03-15,2023-04-18,9991.20
935,986,446,129,Typ Naprawy 3,2018-03-02,2022-04-10,2988.87
936,228,352,38,Typ Naprawy 3,2023-01-19,2024-02-23,7818.52
937,154,399,49,Typ Naprawy 17,2020-01-15,2021-03-15,598.83
938,925,153,205,Typ Naprawy 14,2019-04-03,2023-05-11,10700.57
939,995,321,215,Typ Naprawy 6,2018-04-19,2018-05-25,11120.73
940,893,289,213,Typ Naprawy 9,2019-01-01,2019-03-03,11223.50
941,203,246,98,Typ Naprawy 13,2019-04-08,2019-05-13,7246.47
942,458,10,56,Typ Naprawy 6,2021-04-18,2023-05-20,7314.68
943,854,177,236,Typ Naprawy 5,2022-02-18,2022-04-25,6518.91
944,218,385,53,Typ Naprawy 1,2022-03-09,2023-03-09,13875.92
945,629,385,68,Typ Naprawy 19,2020-03-10,2023-03-15,13663.11
946,725,481,130,Typ Naprawy 9,2023-02-09,2024-02-09,14823.57
947,398,329,79,Typ Naprawy 15,2021-04-23,2023-05-24,14203.78
948,279,183,154,Typ Naprawy 14,2023-04-06,2024-05-19,10454.11
949,72,369,139,Typ Naprawy 4,2022-04-21,2023-05-21,11640.49
950,845,3,212,Typ Naprawy 1,2023-01-19,2024-04-22,9721.09
951,156,336,75,Typ Naprawy 17,2020-01-18,2020-04-19,4318.04
952,876,111,413,Typ Naprawy 15,2018-04-08,2021-05-17,6918.16
953,920,497,47,Typ Naprawy 5,2020-03-02,2020-04-04,2594.17
954,424,52,64,Typ Naprawy 17,2020-03-10,2021-04-18,6144.21
955,792,109,464,Typ Naprawy 19,2018-02-15,2023-02-25,8331.90
956,926,158,175,Typ Naprawy 7,2022-02-13,2022-04-24,9241.81
957,638,283,23,Typ Naprawy 13,2018-02-02,2023-04-06,4532.67
958,465,288,466,Typ Naprawy 15,2018-04-25,2018-05-26,5036.05
959,360,237,359,Typ Naprawy 4,2019-01-22,2022-04-22,2688.75
960,197,168,198,Typ Naprawy 12,2018-03-14,2021-03-16,11586.37
961,984,447,439,Typ Naprawy 19,2021-01-23,2022-01-24,11558.18
962,155,130,460,Typ Naprawy 20,2018-03-02,2019-03-07,3989.27
963,700,386,397,Typ Naprawy 11,2019-04-15,2022-05-20,6442.52
964,718,461,417,Typ Naprawy 4,2018-02-10,2022-04-24,11395.84
965,595,278,406,Typ Naprawy 7,2021-01-02,2023-02-20,13466.21
966,870,415,278,Typ Naprawy 16,2019-01-18,2022-02-19,9558.75
967,849,122,436,Typ Naprawy 7,2020-01-13,2020-02-18,12459.45
968,24,429,186,Typ Naprawy 10,2021-03-06,2021-03-23,11831.92
969,150,396,255,Typ Naprawy 5,2019-04-23,2022-05-25,11647.31
970,705,28,75,Typ Naprawy 11,2021-02-01,2023-02-09,1299.57
971,589,86,22,Typ Naprawy 1,2018-04-03,2018-05-24,5019.22
972,579,145,251,Typ Naprawy 10,2018-04-12,2023-05-20,9223.62
973,57,77,38,Typ Naprawy 2,2019-04-17,2020-05-18,4753.66
974,625,114,34,Typ Naprawy 20,2019-04-04,2019-05-09,12820.95
975,627,497,402,Typ Naprawy 19,2021-02-05,2022-02-21,11211.68
976,967,180,206,Typ Naprawy 12,2021-01-16,2022-04-23,447.87
977,229,377,214,Typ Naprawy 7,2020-04-17,2023-05-21,14437.50
978,712,385,85,Typ Naprawy 5,2018-01-17,2020-03-19,10901.56
979,888,149,425,Typ Naprawy 12,2021-03-13,2023-04-19,6846.31
980,66,97,18,Typ Naprawy 17,2018-03-19,2019-03-19,7920.83
981,229,163,264,Typ Naprawy 2,2020-02-18,2023-03-20,5418.47
982,152,207,34,Typ Naprawy 6,2020-02-15,2020-02-18,6169.68
983,358,384,262,Typ Naprawy 5,2020-02-01,2020-02-13,11670.95
984,30,469,469,Typ Naprawy 19,2020-03-07,2021-04-23,8112.72
985,806,280,103,Typ Naprawy 20,2018-01-11,2019-03-18,8601.55
986,480,39,475,Typ Naprawy 13,2020-01-08,2022-02-10,1890.26
987,262,89,361,Typ Naprawy 18,2018-04-21,2021-05-21,930.78
988,650,15,68,Typ Naprawy 2,2018-02-04,2023-02-22,14568.46
989,780,187,170,Typ Naprawy 4,2019-01-12,2023-04-20,3486.34
990,839,254,140,Typ Naprawy 14,2022-03-04,2022-03-23,5755.42
991,99,44,500,Typ Naprawy 14,2023-03-16,2024-03-19,12753.65
992,255,442,308,Typ Naprawy 3,2021-04-22,2021-05-24,7644.36
993,470,463,82,Typ Naprawy 1,2021-01-19,2021-02-24,2692.39
994,753,152,274,Typ Naprawy 18,2021-02-14,2023-02-14,9228.17
995,61,48,43,Typ Naprawy 15,2020-04-02,2023-05-19,3885.59
996,101,136,355,Typ Naprawy 9,2021-02-18,2023-03-23,6644.87
997,539,23,153,Typ Naprawy 3,2023-01-15,2024-03-19,14052.35
998,471,115,151,Typ Naprawy 6,2019-03-23,2023-03-25,10334.51
999,540,424,40,Typ Naprawy 18,2023-03-14,2024-04-21,12083.84
1000,773,189,275,Typ Naprawy 10,2021-01-21,2022-04-24,6369.76
