1,80,81,23,2457,Imie 1,Nazwisko 1,email1@example.com,100029131,22227.76
2,59,196,97,4261,Imie 2,Nazwisko 2,email2@example.com,100023552,7237.92
3,10,85,91,8406,Imie 3,Nazwisko 3,email3@example.com,100014109,19497.15
4,56,126,37,785,Imie 4,Nazwisko 4,email4@example.com,100025107,16943.78
5,42,81,77,9164,Imie 5,Nazwisko 5,email5@example.com,100003667,16476.49
6,83,50,28,5428,Imie 6,Nazwisko 6,email6@example.com,100012924,8958.07
7,66,102,100,1285,Imie 7,Nazwisko 7,email7@example.com,100015419,18322.86
8,75,152,49,628,Imie 8,Nazwisko 8,email8@example.com,100027823,23940.52
9,54,130,86,4467,Imie 9,Nazwisko 9,email9@example.com,100019697,14227.94
10,68,65,77,2832,Imie 10,Nazwisko 10,email10@example.com,100004243,11743.06
11,46,125,96,1563,Imie 11,Nazwisko 11,email11@example.com,100006709,15396.19
12,21,157,80,695,Imie 12,Nazwisko 12,email12@example.com,100014971,17736.72
13,63,5,30,4914,Imie 13,Nazwisko 13,email13@example.com,100015371,16222.69
14,62,98,61,7910,Imie 14,Nazwisko 14,email14@example.com,100028513,8749.26
15,54,118,11,3766,Imie 15,Nazwisko 15,email15@example.com,100016276,7263.44
16,33,17,33,8978,Imie 16,Nazwisko 16,email16@example.com,100030053,22692.37
17,26,46,99,992,Imie 17,Nazwisko 17,email17@example.com,100016428,3533.10
18,100,82,18,9590,Imie 18,Nazwisko 18,email18@example.com,100029828,16931.03
19,45,55,34,5112,Imie 19,Nazwisko 19,email19@example.com,100016068,18715.63
20,69,130,29,1183,Imie 20,Nazwisko 20,email20@example.com,100023452,11465.10
21,57,13,41,3705,Imie 21,Nazwisko 21,email21@example.com,100021376,14826.84
22,93,98,61,4549,Imie 22,Nazwisko 22,email22@example.com,100017824,11982.09
23,41,186,95,630,Imie 23,Nazwisko 23,email23@example.com,100005524,21919.58
24,26,60,31,7612,Imie 24,Nazwisko 24,email24@example.com,100023319,22836.73
25,71,143,19,2252,Imie 25,Nazwisko 25,email25@example.com,100021851,17366.10
26,71,25,17,5179,Imie 26,Nazwisko 26,email26@example.com,100027610,9035.95
27,23,94,11,9,Imie 27,Nazwisko 27,email27@example.com,100001208,23302.01
28,68,62,72,6684,Imie 28,Nazwisko 28,email28@example.com,100015629,7277.54
29,76,61,14,6652,Imie 29,Nazwisko 29,email29@example.com,100027057,11774.62
30,59,104,39,357,Imie 30,Nazwisko 30,email30@example.com,100018270,3108.10
31,9,53,33,2607,Imie 31,Nazwisko 31,email31@example.com,100030536,10182.04
32,21,92,13,7237,Imie 32,Nazwisko 32,email32@example.com,100024956,16271.03
33,55,26,43,4066,Imie 33,Nazwisko 33,email33@example.com,100026780,18539.05
34,1,115,75,978,Imie 34,Nazwisko 34,email34@example.com,100004826,11291.88
35,86,141,15,2488,Imie 35,Nazwisko 35,email35@example.com,100031297,21154.18
36,41,77,94,6402,Imie 36,Nazwisko 36,email36@example.com,100002725,9381.73
37,14,104,59,2999,Imie 37,Nazwisko 37,email37@example.com,100024028,12268.11
38,74,37,28,3384,Imie 38,Nazwisko 38,email38@example.com,100030467,18702.87
39,22,24,91,1627,Imie 39,Nazwisko 39,email39@example.com,100017409,10220.31
40,77,188,75,8400,Imie 40,Nazwisko 40,email40@example.com,100014477,5075.32
41,14,137,19,6748,Imie 41,Nazwisko 41,email41@example.com,100006224,23704.18
42,35,74,94,317,Imie 42,Nazwisko 42,email42@example.com,100011789,4175.63
43,9,30,28,6977,Imie 43,Nazwisko 43,email43@example.com,100019405,10674.18
44,67,145,19,4451,Imie 44,Nazwisko 44,email44@example.com,100005243,3292.73
45,85,176,76,7940,Imie 45,Nazwisko 45,email45@example.com,100018816,13473.28
46,89,44,13,8080,Imie 46,Nazwisko 46,email46@example.com,100014133,23710.23
47,60,88,95,6951,Imie 47,Nazwisko 47,email47@example.com,100029005,4730.89
48,82,136,63,9312,Imie 48,Nazwisko 48,email48@example.com,100027774,9765.10
49,51,143,9,3558,Imie 49,Nazwisko 49,email49@example.com,100013589,23603.47
50,29,104,21,9072,Imie 50,Nazwisko 50,email50@example.com,100006713,21663.11
51,4,125,87,7758,Imie 51,Nazwisko 51,email51@example.com,100013324,4914.85
52,25,151,49,1522,Imie 52,Nazwisko 52,email52@example.com,100016102,8087.25
53,58,185,78,7678,Imie 53,Nazwisko 53,email53@example.com,100028764,12770.99
54,96,120,5,9282,Imie 54,Nazwisko 54,email54@example.com,100015069,7695.82
55,88,168,34,845,Imie 55,Nazwisko 55,email55@example.com,100031483,17188.18
56,58,26,24,7063,Imie 56,Nazwisko 56,email56@example.com,100021960,11536.94
57,72,96,69,219,Imie 57,Nazwisko 57,email57@example.com,100012745,13318.86
58,79,154,79,9646,Imie 58,Nazwisko 58,email58@example.com,100015462,5471.45
59,21,198,31,9115,Imie 59,Nazwisko 59,email59@example.com,100027629,17834.07
60,29,104,65,3330,Imie 60,Nazwisko 60,email60@example.com,100029309,18647.14
61,24,197,42,7872,Imie 61,Nazwisko 61,email61@example.com,100012400,16007.17
62,98,94,53,32,Imie 62,Nazwisko 62,email62@example.com,100029984,15097.42
63,2,73,66,3639,Imie 63,Nazwisko 63,email63@example.com,100021274,10091.40
64,60,37,2,8218,Imie 64,Nazwisko 64,email64@example.com,100002338,4522.75
65,65,149,43,5509,Imie 65,Nazwisko 65,email65@example.com,100005004,22523.85
66,26,65,75,6025,Imie 66,Nazwisko 66,email66@example.com,100029146,11320.08
67,24,18,36,6994,Imie 67,Nazwisko 67,email67@example.com,100006815,6537.64
68,31,200,33,1207,Imie 68,Nazwisko 68,email68@example.com,100003096,13915.07
69,4,24,2,5302,Imie 69,Nazwisko 69,email69@example.com,100029179,23742.45
70,9,150,66,8333,Imie 70,Nazwisko 70,email70@example.com,100002406,21473.10
71,93,192,82,9858,Imie 71,Nazwisko 71,email71@example.com,100020986,3220.22
72,56,156,43,26,Imie 72,Nazwisko 72,email72@example.com,100018306,4037.32
73,60,178,75,784,Imie 73,Nazwisko 73,email73@example.com,100025022,13728.42
74,99,26,72,532,Imie 74,Nazwisko 74,email74@example.com,100000027,19170.17
75,23,44,48,9151,Imie 75,Nazwisko 75,email75@example.com,100017808,11538.96
76,94,33,39,3316,Imie 76,Nazwisko 76,email76@example.com,100019660,9140.69
77,54,44,29,5241,Imie 77,Nazwisko 77,email77@example.com,100006011,17501.05
78,100,45,99,9436,Imie 78,Nazwisko 78,email78@example.com,100015189,7751.55
79,84,8,52,55,Imie 79,Nazwisko 79,email79@example.com,100009768,15880.28
80,19,138,67,1019,Imie 80,Nazwisko 80,email80@example.com,100028192,10829.95
81,46,2,11,1191,Imie 81,Nazwisko 81,email81@example.com,100005628,22535.94
82,75,62,58,7188,Imie 82,Nazwisko 82,email82@example.com,100001267,7479.63
83,49,9,95,4044,Imie 83,Nazwisko 83,email83@example.com,100016495,10999.15
84,92,95,32,5242,Imie 84,Nazwisko 84,email84@example.com,100018929,20134.98
85,98,125,95,3126,Imie 85,Nazwisko 85,email85@example.com,100028079,12024.38
86,32,38,49,8128,Imie 86,Nazwisko 86,email86@example.com,100024278,12483.63
87,73,90,25,6322,Imie 87,Nazwisko 87,email87@example.com,100017525,9154.12
88,47,155,40,3296,Imie 88,Nazwisko 88,email88@example.com,100026226,19331.98
89,95,41,68,9029,Imie 89,Nazwisko 89,email89@example.com,100003110,11885.40
90,63,58,11,7385,Imie 90,Nazwisko 90,email90@example.com,100026214,5453.99
91,94,138,16,7588,Imie 91,Nazwisko 91,email91@example.com,100007469,16985.41
92,21,53,85,6750,Imie 92,Nazwisko 92,email92@example.com,100023838,5513.08
93,70,174,78,2999,Imie 93,Nazwisko 93,email93@example.com,100007062,19517.96
94,57,99,24,1020,Imie 94,Nazwisko 94,email94@example.com,100018446,8090.61
95,1,11,3,6895,Imie 95,Nazwisko 95,email95@example.com,100022511,4152.13
96,16,17,9,971,Imie 96,Nazwisko 96,email96@example.com,100005680,3908.41
97,45,96,7,500,Imie 97,Nazwisko 97,email97@example.com,100029275,12310.40
98,96,71,49,4953,Imie 98,Nazwisko 98,email98@example.com,100017085,13294.69
99,4,12,68,1603,Imie 99,Nazwisko 99,email99@example.com,100007159,17714.56
100,33,141,78,1298,Imie 100,Nazwisko 100,email100@example.com,100005162,6953.25
101,16,129,73,8103,Imie 101,Nazwisko 101,email101@example.com,100004720,13900.97
102,60,7,90,531,Imie 102,Nazwisko 102,email102@example.com,100015205,19115.79
103,53,174,37,3975,Imie 103,Nazwisko 103,email103@example.com,100012772,24263.47
104,98,95,42,3537,Imie 104,Nazwisko 104,email104@example.com,100020304,15110.84
105,93,148,68,2464,Imie 105,Nazwisko 105,email105@example.com,100014585,20181.98
106,79,129,25,2277,Imie 106,Nazwisko 106,email106@example.com,100024702,10446.58
107,63,72,73,8244,Imie 107,Nazwisko 107,email107@example.com,100006972,7806.60
108,68,148,94,1098,Imie 108,Nazwisko 108,email108@example.com,100008492,3440.44
109,33,178,20,6562,Imie 109,Nazwisko 109,email109@example.com,100032188,5058.53
110,64,134,32,5481,Imie 110,Nazwisko 110,email110@example.com,100023938,20471.36
111,66,124,42,9862,Imie 111,Nazwisko 111,email111@example.com,100014821,15401.56
112,61,40,29,8147,Imie 112,Nazwisko 112,email112@example.com,100016394,11920.32
113,42,31,13,3028,Imie 113,Nazwisko 113,email113@example.com,100000673,5959.56
114,85,11,2,7680,Imie 114,Nazwisko 114,email114@example.com,100007792,7854.27
115,57,58,36,7376,Imie 115,Nazwisko 115,email115@example.com,100001964,18535.02
116,68,35,92,9400,Imie 116,Nazwisko 116,email116@example.com,100019067,7517.23
117,4,147,48,5809,Imie 117,Nazwisko 117,email117@example.com,100013111,3089.97
118,63,194,62,7839,Imie 118,Nazwisko 118,email118@example.com,100009035,11692.71
119,33,10,93,4327,Imie 119,Nazwisko 119,email119@example.com,100024001,8259.13
120,3,7,90,5301,Imie 120,Nazwisko 120,email120@example.com,100025301,24004.97
121,1,163,56,2762,Imie 121,Nazwisko 121,email121@example.com,100005169,10445.23
122,99,169,17,7086,Imie 122,Nazwisko 122,email122@example.com,100025499,12206.34
123,9,84,36,8245,Imie 123,Nazwisko 123,email123@example.com,100019510,16073.64
124,74,61,43,1711,Imie 124,Nazwisko 124,email124@example.com,100023215,7536.03
125,70,152,10,5505,Imie 125,Nazwisko 125,email125@example.com,100008931,4561.02
126,97,7,90,5018,Imie 126,Nazwisko 126,email126@example.com,100016873,3185.98
127,6,139,64,6278,Imie 127,Nazwisko 127,email127@example.com,100000389,16557.05
128,28,40,42,7738,Imie 128,Nazwisko 128,email128@example.com,100028262,5962.92
129,87,69,71,8062,Imie 129,Nazwisko 129,email129@example.com,100017607,21029.30
130,14,180,62,2466,Imie 130,Nazwisko 130,email130@example.com,100003909,12188.21
131,91,99,49,2379,Imie 131,Nazwisko 131,email131@example.com,100016905,19750.94
132,3,134,70,1922,Imie 132,Nazwisko 132,email132@example.com,100004253,19908.05
133,3,92,20,9820,Imie 133,Nazwisko 133,email133@example.com,100018172,22750.11
134,84,143,64,2155,Imie 134,Nazwisko 134,email134@example.com,100007873,24478.99
135,32,152,40,9436,Imie 135,Nazwisko 135,email135@example.com,100028545,23291.27
136,77,189,75,7189,Imie 136,Nazwisko 136,email136@example.com,100017847,21580.52
137,31,159,98,6827,Imie 137,Nazwisko 137,email137@example.com,100028099,23942.53
138,47,176,49,6894,Imie 138,Nazwisko 138,email138@example.com,100026869,8729.79
139,57,104,30,5264,Imie 139,Nazwisko 139,email139@example.com,100008339,22294.90
140,43,34,19,3525,Imie 140,Nazwisko 140,email140@example.com,100003933,9351.51
141,7,129,94,3566,Imie 141,Nazwisko 141,email141@example.com,100005123,7900.60
142,32,54,3,3335,Imie 142,Nazwisko 142,email142@example.com,100016251,22467.45
143,30,166,43,8469,Imie 143,Nazwisko 143,email143@example.com,100018501,10986.39
144,75,41,49,5593,Imie 144,Nazwisko 144,email144@example.com,100026621,10072.60
145,22,52,44,1820,Imie 145,Nazwisko 145,email145@example.com,100023237,12504.44
146,27,120,11,5142,Imie 146,Nazwisko 146,email146@example.com,100004210,23260.38
147,10,8,37,6476,Imie 147,Nazwisko 147,email147@example.com,100028036,20087.98
148,68,193,95,1898,Imie 148,Nazwisko 148,email148@example.com,100020038,7145.27
149,55,82,14,2336,Imie 149,Nazwisko 149,email149@example.com,100026806,9473.04
150,71,14,1,3248,Imie 150,Nazwisko 150,email150@example.com,100014845,23671.96
151,19,39,8,7436,Imie 151,Nazwisko 151,email151@example.com,100029343,13945.28
152,93,63,38,1224,Imie 152,Nazwisko 152,email152@example.com,100024751,14342.08
153,64,103,55,7419,Imie 153,Nazwisko 153,email153@example.com,100014762,17376.17
154,51,167,17,3820,Imie 154,Nazwisko 154,email154@example.com,100028100,17951.57
155,82,148,50,3052,Imie 155,Nazwisko 155,email155@example.com,100027850,21415.36
156,32,65,99,6597,Imie 156,Nazwisko 156,email156@example.com,100002287,9375.68
157,100,44,75,6943,Imie 157,Nazwisko 157,email157@example.com,100032277,8390.73
158,92,123,2,104,Imie 158,Nazwisko 158,email158@example.com,100009328,10482.16
159,98,39,54,7612,Imie 159,Nazwisko 159,email159@example.com,100002974,16495.96
160,56,130,30,7142,Imie 160,Nazwisko 160,email160@example.com,100014213,13222.17
161,27,51,19,1908,Imie 161,Nazwisko 161,email161@example.com,100002706,4807.43
162,40,152,97,5812,Imie 162,Nazwisko 162,email162@example.com,100008496,13973.48
163,63,176,63,1771,Imie 163,Nazwisko 163,email163@example.com,100004245,10711.78
164,49,27,32,9176,Imie 164,Nazwisko 164,email164@example.com,100012080,7187.57
165,68,135,12,8021,Imie 165,Nazwisko 165,email165@example.com,100022366,13292.00
166,84,143,37,3460,Imie 166,Nazwisko 166,email166@example.com,100001337,17409.74
167,9,128,24,7008,Imie 167,Nazwisko 167,email167@example.com,100022161,5245.19
168,81,46,66,1783,Imie 168,Nazwisko 168,email168@example.com,100024693,17732.02
169,44,140,43,2529,Imie 169,Nazwisko 169,email169@example.com,100004060,16888.73
170,87,70,86,3185,Imie 170,Nazwisko 170,email170@example.com,100029504,11742.39
171,45,182,99,371,Imie 171,Nazwisko 171,email171@example.com,100026964,22818.60
172,55,83,35,8870,Imie 172,Nazwisko 172,email172@example.com,100021790,17035.10
173,74,33,13,5997,Imie 173,Nazwisko 173,email173@example.com,100012817,24781.12
174,71,37,88,6502,Imie 174,Nazwisko 174,email174@example.com,100017152,7336.62
175,49,45,85,2658,Imie 175,Nazwisko 175,email175@example.com,100011527,21327.40
176,78,125,80,2940,Imie 176,Nazwisko 176,email176@example.com,100011191,13321.54
177,15,75,46,1167,Imie 177,Nazwisko 177,email177@example.com,100015910,3798.30
178,82,107,95,549,Imie 178,Nazwisko 178,email178@example.com,100017592,21168.95
179,18,179,38,6447,Imie 179,Nazwisko 179,email179@example.com,100005557,19224.56
180,88,43,24,4258,Imie 180,Nazwisko 180,email180@example.com,100008977,22930.05
181,82,43,51,5698,Imie 181,Nazwisko 181,email181@example.com,100030187,21676.53
182,19,9,71,5569,Imie 182,Nazwisko 182,email182@example.com,100005291,11767.24
183,35,66,64,143,Imie 183,Nazwisko 183,email183@example.com,100028367,14652.94
184,26,50,64,8360,Imie 184,Nazwisko 184,email184@example.com,100013762,12128.45
185,46,12,71,1543,Imie 185,Nazwisko 185,email185@example.com,100011345,8057.71
186,63,188,16,1812,Imie 186,Nazwisko 186,email186@example.com,100032417,3911.10
187,50,128,59,7595,Imie 187,Nazwisko 187,email187@example.com,100012968,6324.81
188,53,80,98,3408,Imie 188,Nazwisko 188,email188@example.com,100017825,6692.07
189,17,104,59,8016,Imie 189,Nazwisko 189,email189@example.com,100009454,13260.44
190,37,134,61,2440,Imie 190,Nazwisko 190,email190@example.com,100029027,7074.77
191,75,89,92,5873,Imie 191,Nazwisko 191,email191@example.com,100029177,6160.31
192,40,64,12,1424,Imie 192,Nazwisko 192,email192@example.com,100022348,17220.40
193,26,139,24,6596,Imie 193,Nazwisko 193,email193@example.com,100000891,18775.38
194,15,131,18,6928,Imie 194,Nazwisko 194,email194@example.com,100000577,13623.68
195,18,18,76,7538,Imie 195,Nazwisko 195,email195@example.com,100019292,21665.79
196,91,114,36,2,Imie 196,Nazwisko 196,email196@example.com,100023971,22203.59
197,68,164,64,1120,Imie 197,Nazwisko 197,email197@example.com,100019286,3531.08
198,16,6,4,3854,Imie 198,Nazwisko 198,email198@example.com,100000141,10756.77
199,77,85,4,6611,Imie 199,Nazwisko 199,email199@example.com,100029394,8066.44
200,76,50,51,37,Imie 200,Nazwisko 200,email200@example.com,100005452,8849.30
201,15,169,37,1843,Imie 201,Nazwisko 201,email201@example.com,100028418,23900.23
202,4,171,66,5261,Imie 202,Nazwisko 202,email202@example.com,100006431,6205.30
203,20,194,13,110,Imie 203,Nazwisko 203,email203@example.com,100018751,10194.13
204,22,7,9,2860,Imie 204,Nazwisko 204,email204@example.com,100028719,5650.04
205,84,138,23,2751,Imie 205,Nazwisko 205,email205@example.com,100028580,21453.63
206,100,196,84,9335,Imie 206,Nazwisko 206,email206@example.com,100002513,23678.67
207,14,194,43,63,Imie 207,Nazwisko 207,email207@example.com,100001003,10114.23
208,68,156,53,620,Imie 208,Nazwisko 208,email208@example.com,100004346,18702.87
209,35,91,13,2125,Imie 209,Nazwisko 209,email209@example.com,100003207,18471.91
210,48,110,10,1261,Imie 210,Nazwisko 210,email210@example.com,100025858,24053.32
211,32,107,100,4314,Imie 211,Nazwisko 211,email211@example.com,100025601,8511.58
212,13,41,43,7151,Imie 212,Nazwisko 212,email212@example.com,100022173,3779.50
213,94,28,1,9735,Imie 213,Nazwisko 213,email213@example.com,100000663,19203.07
214,87,4,63,9636,Imie 214,Nazwisko 214,email214@example.com,100025878,16327.43
215,66,1,100,5026,Imie 215,Nazwisko 215,email215@example.com,100032274,9823.51
216,99,16,64,9318,Imie 216,Nazwisko 216,email216@example.com,100030669,6148.90
217,91,27,63,3902,Imie 217,Nazwisko 217,email217@example.com,100023527,12869.01
218,32,145,64,596,Imie 218,Nazwisko 218,email218@example.com,100020466,6308.69
219,27,106,20,6610,Imie 219,Nazwisko 219,email219@example.com,100004497,21121.28
220,83,178,67,7761,Imie 220,Nazwisko 220,email220@example.com,100011906,6146.21
221,96,14,36,8580,Imie 221,Nazwisko 221,email221@example.com,100020269,12423.87
222,41,48,85,7338,Imie 222,Nazwisko 222,email222@example.com,100027266,3063.11
223,19,72,46,1350,Imie 223,Nazwisko 223,email223@example.com,100028758,20743.28
224,41,33,48,3671,Imie 224,Nazwisko 224,email224@example.com,100029563,20492.84
225,50,84,33,3072,Imie 225,Nazwisko 225,email225@example.com,100012098,19061.40
226,62,46,45,1365,Imie 226,Nazwisko 226,email226@example.com,100031797,17110.97
227,36,153,74,4896,Imie 227,Nazwisko 227,email227@example.com,100030237,6677.30
228,38,13,6,6034,Imie 228,Nazwisko 228,email228@example.com,100018871,19365.55
229,1,35,76,3919,Imie 229,Nazwisko 229,email229@example.com,100027301,22472.82
230,52,83,13,1898,Imie 230,Nazwisko 230,email230@example.com,100025213,6366.44
231,46,55,12,1781,Imie 231,Nazwisko 231,email231@example.com,100004102,14697.26
232,88,74,87,8289,Imie 232,Nazwisko 232,email232@example.com,100006651,11219.37
233,81,8,59,6192,Imie 233,Nazwisko 233,email233@example.com,100006903,14855.71
234,17,151,36,6386,Imie 234,Nazwisko 234,email234@example.com,100013394,11843.10
235,25,146,82,9103,Imie 235,Nazwisko 235,email235@example.com,100021525,18238.93
236,46,199,92,6535,Imie 236,Nazwisko 236,email236@example.com,100007761,9357.55
237,4,149,54,6341,Imie 237,Nazwisko 237,email237@example.com,100009342,18671.99
238,84,194,29,5337,Imie 238,Nazwisko 238,email238@example.com,100030126,21088.38
239,97,155,49,9164,Imie 239,Nazwisko 239,email239@example.com,100010417,18039.52
240,31,55,88,7145,Imie 240,Nazwisko 240,email240@example.com,100023941,12250.65
241,13,140,24,2759,Imie 241,Nazwisko 241,email241@example.com,100026021,18152.32
242,43,49,98,1023,Imie 242,Nazwisko 242,email242@example.com,100023313,21386.49
243,93,177,34,5179,Imie 243,Nazwisko 243,email243@example.com,100031783,13515.58
244,38,57,1,4866,Imie 244,Nazwisko 244,email244@example.com,100013992,19605.91
245,89,151,55,208,Imie 245,Nazwisko 245,email245@example.com,100030328,14558.95
246,71,173,81,6664,Imie 246,Nazwisko 246,email246@example.com,100007420,22700.43
247,14,70,8,9348,Imie 247,Nazwisko 247,email247@example.com,100003111,9898.71
248,25,153,19,1392,Imie 248,Nazwisko 248,email248@example.com,100031888,18189.92
249,89,2,67,5808,Imie 249,Nazwisko 249,email249@example.com,100030763,7188.91
250,33,37,3,7166,Imie 250,Nazwisko 250,email250@example.com,100023415,6366.44
251,15,113,6,143,Imie 251,Nazwisko 251,email251@example.com,100015683,17119.02
252,80,175,18,7190,Imie 252,Nazwisko 252,email252@example.com,100008532,3397.47
253,61,198,58,6571,Imie 253,Nazwisko 253,email253@example.com,100029842,10135.04
254,61,17,44,6492,Imie 254,Nazwisko 254,email254@example.com,100004494,19545.49
255,98,28,72,6250,Imie 255,Nazwisko 255,email255@example.com,100000629,18433.64
256,66,77,14,1659,Imie 256,Nazwisko 256,email256@example.com,100029138,14574.39
257,93,117,18,5896,Imie 257,Nazwisko 257,email257@example.com,100019879,16793.39
258,21,7,75,5523,Imie 258,Nazwisko 258,email258@example.com,100006349,19407.85
259,11,157,24,4373,Imie 259,Nazwisko 259,email259@example.com,100021656,18814.33
260,45,187,51,6983,Imie 260,Nazwisko 260,email260@example.com,100024874,8082.55
261,93,18,32,2065,Imie 261,Nazwisko 261,email261@example.com,100015625,22118.99
262,81,177,28,8695,Imie 262,Nazwisko 262,email262@example.com,100015562,17088.14
263,46,159,97,2439,Imie 263,Nazwisko 263,email263@example.com,100014828,19078.19
264,20,5,77,6491,Imie 264,Nazwisko 264,email264@example.com,100025666,8126.19
265,24,169,10,7848,Imie 265,Nazwisko 265,email265@example.com,100025466,14634.14
266,62,67,56,6208,Imie 266,Nazwisko 266,email266@example.com,100024218,15377.39
267,84,96,40,1128,Imie 267,Nazwisko 267,email267@example.com,100023957,3768.76
268,78,170,59,2855,Imie 268,Nazwisko 268,email268@example.com,100023875,7317.82
269,51,49,18,8430,Imie 269,Nazwisko 269,email269@example.com,100026719,4189.73
270,77,79,21,4396,Imie 270,Nazwisko 270,email270@example.com,100010328,4164.89
271,90,194,12,3127,Imie 271,Nazwisko 271,email271@example.com,100014106,8793.57
272,66,84,50,5715,Imie 272,Nazwisko 272,email272@example.com,100005912,13000.61
273,97,79,72,1355,Imie 273,Nazwisko 273,email273@example.com,100010561,19468.95
274,31,58,49,4425,Imie 274,Nazwisko 274,email274@example.com,100020643,13640.46
275,19,124,96,532,Imie 275,Nazwisko 275,email275@example.com,100016872,4802.06
276,11,117,28,5306,Imie 276,Nazwisko 276,email276@example.com,100020724,19317.88
277,78,76,90,8188,Imie 277,Nazwisko 277,email277@example.com,100031056,9246.10
278,88,78,82,1486,Imie 278,Nazwisko 278,email278@example.com,100028191,5231.76
279,33,49,61,2917,Imie 279,Nazwisko 279,email279@example.com,100017614,14320.60
280,99,78,24,2728,Imie 280,Nazwisko 280,email280@example.com,100022987,15034.30
281,54,139,75,494,Imie 281,Nazwisko 281,email281@example.com,100028893,21395.89
282,94,80,17,1057,Imie 282,Nazwisko 282,email282@example.com,100023281,18308.08
283,98,165,72,2932,Imie 283,Nazwisko 283,email283@example.com,100010624,22635.30
284,91,7,79,4545,Imie 284,Nazwisko 284,email284@example.com,100015318,5106.20
285,21,30,63,6309,Imie 285,Nazwisko 285,email285@example.com,100019677,21649.01
286,10,82,53,2448,Imie 286,Nazwisko 286,email286@example.com,100010309,22617.18
287,90,77,71,6397,Imie 287,Nazwisko 287,email287@example.com,100025623,12424.54
288,39,189,35,8476,Imie 288,Nazwisko 288,email288@example.com,100030737,24001.62
289,27,57,32,3242,Imie 289,Nazwisko 289,email289@example.com,100024171,12101.60
290,16,144,91,7722,Imie 290,Nazwisko 290,email290@example.com,100008650,4486.50
291,25,127,10,1186,Imie 291,Nazwisko 291,email291@example.com,100027278,12142.55
292,84,85,58,6177,Imie 292,Nazwisko 292,email292@example.com,100020926,8766.72
293,43,3,1,5895,Imie 293,Nazwisko 293,email293@example.com,100002628,9473.71
294,42,69,98,2805,Imie 294,Nazwisko 294,email294@example.com,100024883,22768.91
295,52,60,57,2120,Imie 295,Nazwisko 295,email295@example.com,100015428,4150.12
296,24,179,9,8209,Imie 296,Nazwisko 296,email296@example.com,100010722,15856.11
297,82,146,36,5467,Imie 297,Nazwisko 297,email297@example.com,100022603,15114.20
298,27,62,6,7992,Imie 298,Nazwisko 298,email298@example.com,100029110,14530.75
299,73,51,67,3577,Imie 299,Nazwisko 299,email299@example.com,100031103,22601.06
300,90,112,91,5629,Imie 300,Nazwisko 300,email300@example.com,100027333,11690.69
301,55,6,45,8762,Imie 301,Nazwisko 301,email301@example.com,100004869,20762.08
302,46,179,68,7248,Imie 302,Nazwisko 302,email302@example.com,100000910,10506.33
303,98,22,26,3202,Imie 303,Nazwisko 303,email303@example.com,100002789,23069.70
304,21,30,58,3147,Imie 304,Nazwisko 304,email304@example.com,100000884,6987.49
305,51,51,67,4283,Imie 305,Nazwisko 305,email305@example.com,100030492,6050.87
306,62,59,6,2445,Imie 306,Nazwisko 306,email306@example.com,100012154,12288.25
307,52,68,98,5477,Imie 307,Nazwisko 307,email307@example.com,100022786,7938.20
308,32,92,42,5527,Imie 308,Nazwisko 308,email308@example.com,100029504,6826.35
309,89,49,29,2203,Imie 309,Nazwisko 309,email309@example.com,100029406,15770.17
310,97,126,37,852,Imie 310,Nazwisko 310,email310@example.com,100019006,15271.98
311,26,160,50,2998,Imie 311,Nazwisko 311,email311@example.com,100005063,11529.56
312,2,150,60,7853,Imie 312,Nazwisko 312,email312@example.com,100025919,18469.22
313,9,93,92,4807,Imie 313,Nazwisko 313,email313@example.com,100030141,8868.77
314,64,107,44,6493,Imie 314,Nazwisko 314,email314@example.com,100018463,23355.05
315,10,95,91,560,Imie 315,Nazwisko 315,email315@example.com,100002567,10986.39
316,41,195,59,4594,Imie 316,Nazwisko 316,email316@example.com,100023496,6933.10
317,67,40,73,1267,Imie 317,Nazwisko 317,email317@example.com,100020431,7217.78
318,79,130,85,6901,Imie 318,Nazwisko 318,email318@example.com,100012394,11377.15
319,29,92,30,1231,Imie 319,Nazwisko 319,email319@example.com,100004347,4906.80
320,37,175,54,6362,Imie 320,Nazwisko 320,email320@example.com,100027641,18308.08
321,38,133,74,2440,Imie 321,Nazwisko 321,email321@example.com,100008525,16114.60
322,24,1,61,4363,Imie 322,Nazwisko 322,email322@example.com,100008427,11321.42
323,73,5,100,5861,Imie 323,Nazwisko 323,email323@example.com,100031677,17728.66
324,48,169,3,1633,Imie 324,Nazwisko 324,email324@example.com,100002355,8827.81
325,75,197,29,1055,Imie 325,Nazwisko 325,email325@example.com,100023062,24542.10
326,55,129,54,868,Imie 326,Nazwisko 326,email326@example.com,100024952,14254.80
327,60,110,10,744,Imie 327,Nazwisko 327,email327@example.com,100008911,7856.29
328,73,85,88,8933,Imie 328,Nazwisko 328,email328@example.com,100024730,17692.40
329,38,53,35,1321,Imie 329,Nazwisko 329,email329@example.com,100018731,19175.54
330,49,56,15,5849,Imie 330,Nazwisko 330,email330@example.com,100001894,18026.09
331,53,99,89,2992,Imie 331,Nazwisko 331,email331@example.com,100031635,9550.25
332,31,1,94,5048,Imie 332,Nazwisko 332,email332@example.com,100017559,23636.37
333,34,4,13,6233,Imie 333,Nazwisko 333,email333@example.com,100015410,12141.88
334,43,174,28,8246,Imie 334,Nazwisko 334,email334@example.com,100010512,22710.50
335,12,103,73,4252,Imie 335,Nazwisko 335,email335@example.com,100016338,24556.87
336,33,122,12,4336,Imie 336,Nazwisko 336,email336@example.com,100010328,13247.02
337,56,112,3,4295,Imie 337,Nazwisko 337,email337@example.com,100012021,16527.51
338,34,187,25,5211,Imie 338,Nazwisko 338,email338@example.com,100008534,17802.51
339,12,146,64,7036,Imie 339,Nazwisko 339,email339@example.com,100009527,15490.19
340,14,6,75,665,Imie 340,Nazwisko 340,email340@example.com,100011085,19041.26
341,34,136,79,3325,Imie 341,Nazwisko 341,email341@example.com,100002787,13633.75
342,82,109,70,4060,Imie 342,Nazwisko 342,email342@example.com,100025369,5166.63
343,78,149,83,2166,Imie 343,Nazwisko 343,email343@example.com,100009427,22967.65
344,28,81,21,9376,Imie 344,Nazwisko 344,email344@example.com,100013483,17279.49
345,66,1,77,9211,Imie 345,Nazwisko 345,email345@example.com,100030348,21987.40
346,34,196,70,8547,Imie 346,Nazwisko 346,email346@example.com,100023746,13729.76
347,1,14,81,4995,Imie 347,Nazwisko 347,email347@example.com,100021145,10488.88
348,8,170,21,2951,Imie 348,Nazwisko 348,email348@example.com,100007914,15537.19
349,39,171,91,5764,Imie 349,Nazwisko 349,email349@example.com,100013607,4096.41
350,44,65,54,2395,Imie 350,Nazwisko 350,email350@example.com,100027578,17923.37
351,62,192,53,6577,Imie 351,Nazwisko 351,email351@example.com,100017633,9072.88
352,50,61,63,1174,Imie 352,Nazwisko 352,email352@example.com,100029513,22029.69
353,36,163,64,1665,Imie 353,Nazwisko 353,email353@example.com,100005645,6961.30
354,32,72,65,8229,Imie 354,Nazwisko 354,email354@example.com,100024561,23884.12
355,35,186,79,8080,Imie 355,Nazwisko 355,email355@example.com,100003047,11638.33
356,7,121,42,1142,Imie 356,Nazwisko 356,email356@example.com,100013639,6674.61
357,58,121,19,2347,Imie 357,Nazwisko 357,email357@example.com,100029757,8326.94
358,60,140,40,5909,Imie 358,Nazwisko 358,email358@example.com,100003929,15395.52
359,15,141,87,1847,Imie 359,Nazwisko 359,email359@example.com,100014667,13136.23
360,53,26,36,2230,Imie 360,Nazwisko 360,email360@example.com,100015914,7921.41
361,60,49,22,9603,Imie 361,Nazwisko 361,email361@example.com,100017881,18696.16
362,79,193,94,8579,Imie 362,Nazwisko 362,email362@example.com,100031082,23586.69
363,30,80,24,6767,Imie 363,Nazwisko 363,email363@example.com,100030609,20434.43
364,72,134,51,4920,Imie 364,Nazwisko 364,email364@example.com,100010362,11314.04
365,55,180,85,3356,Imie 365,Nazwisko 365,email365@example.com,100015269,21083.68
366,32,129,15,3660,Imie 366,Nazwisko 366,email366@example.com,100031391,12372.84
367,72,182,45,3061,Imie 367,Nazwisko 367,email367@example.com,100012705,9948.39
368,85,114,28,6099,Imie 368,Nazwisko 368,email368@example.com,100019332,17814.60
369,43,102,23,7757,Imie 369,Nazwisko 369,email369@example.com,100028813,12526.60
370,30,194,14,929,Imie 370,Nazwisko 370,email370@example.com,100004085,19656.27
371,1,141,39,315,Imie 371,Nazwisko 371,email371@example.com,100019014,9024.54
372,56,163,5,5008,Imie 372,Nazwisko 372,email372@example.com,100018137,15873.56
373,10,48,3,82,Imie 373,Nazwisko 373,email373@example.com,100010525,15341.14
374,72,140,85,7861,Imie 374,Nazwisko 374,email374@example.com,100010865,4264.93
375,92,70,16,4917,Imie 375,Nazwisko 375,email375@example.com,100025521,15075.26
376,23,135,89,7359,Imie 376,Nazwisko 376,email376@example.com,100007631,11248.91
377,85,181,66,554,Imie 377,Nazwisko 377,email377@example.com,100008969,14129.25
378,84,85,34,8674,Imie 378,Nazwisko 378,email378@example.com,100004760,14655.63
379,38,90,84,9053,Imie 379,Nazwisko 379,email379@example.com,100014068,16459.03
380,51,21,9,7154,Imie 380,Nazwisko 380,email380@example.com,100025341,4579.15
381,61,79,37,505,Imie 381,Nazwisko 381,email381@example.com,100029861,16539.60
382,98,143,30,626,Imie 382,Nazwisko 382,email382@example.com,100023542,19352.79
383,21,49,60,4641,Imie 383,Nazwisko 383,email383@example.com,100031625,5112.92
384,88,191,70,687,Imie 384,Nazwisko 384,email384@example.com,100029633,4700.67
385,40,146,38,5477,Imie 385,Nazwisko 385,email385@example.com,100031852,17770.29
386,16,167,72,1256,Imie 386,Nazwisko 386,email386@example.com,100026778,15146.43
387,76,147,82,3907,Imie 387,Nazwisko 387,email387@example.com,100024267,24938.90
388,51,172,48,5488,Imie 388,Nazwisko 388,email388@example.com,100017340,11718.89
389,47,13,52,8186,Imie 389,Nazwisko 389,email389@example.com,100024699,22832.70
390,46,70,25,102,Imie 390,Nazwisko 390,email390@example.com,100031895,17037.78
391,76,73,5,2582,Imie 391,Nazwisko 391,email391@example.com,100002938,13932.52
392,70,122,23,5284,Imie 392,Nazwisko 392,email392@example.com,100014418,13828.46
393,69,182,61,9816,Imie 393,Nazwisko 393,email393@example.com,100007701,16554.37
394,21,194,39,295,Imie 394,Nazwisko 394,email394@example.com,100024963,17934.11
395,99,187,67,8677,Imie 395,Nazwisko 395,email395@example.com,100016698,12069.37
396,97,86,34,973,Imie 396,Nazwisko 396,email396@example.com,100005165,19885.22
397,99,117,42,1794,Imie 397,Nazwisko 397,email397@example.com,100010526,13340.34
398,70,91,52,613,Imie 398,Nazwisko 398,email398@example.com,100006649,6093.17
399,2,90,20,7262,Imie 399,Nazwisko 399,email399@example.com,100031763,8934.57
400,41,68,74,8866,Imie 400,Nazwisko 400,email400@example.com,100029368,17724.63
401,24,182,56,7423,Imie 401,Nazwisko 401,email401@example.com,100007074,10677.54
402,82,152,34,6961,Imie 402,Nazwisko 402,email402@example.com,100009497,18320.84
403,45,125,82,6800,Imie 403,Nazwisko 403,email403@example.com,100011247,3107.43
404,6,188,34,9229,Imie 404,Nazwisko 404,email404@example.com,100021414,12231.85
405,60,17,6,779,Imie 405,Nazwisko 405,email405@example.com,100030030,22396.28
406,14,74,7,4320,Imie 406,Nazwisko 406,email406@example.com,100020996,8913.08
407,20,70,58,6595,Imie 407,Nazwisko 407,email407@example.com,100031777,9295.11
408,50,57,27,4412,Imie 408,Nazwisko 408,email408@example.com,100013931,11164.31
409,75,139,84,9301,Imie 409,Nazwisko 409,email409@example.com,100027380,15674.83
410,74,86,89,9178,Imie 410,Nazwisko 410,email410@example.com,100009059,18355.75
411,5,3,87,7471,Imie 411,Nazwisko 411,email411@example.com,100010970,13212.78
412,50,114,83,50,Imie 412,Nazwisko 412,email412@example.com,100017856,24720.02
413,77,45,52,9808,Imie 413,Nazwisko 413,email413@example.com,100017929,15799.04
414,84,37,64,9675,Imie 414,Nazwisko 414,email414@example.com,100017119,3763.39
415,91,120,20,5714,Imie 415,Nazwisko 415,email415@example.com,100028852,6218.05
416,74,19,36,5221,Imie 416,Nazwisko 416,email416@example.com,100004898,12858.27
417,90,98,49,7588,Imie 417,Nazwisko 417,email417@example.com,100021544,4670.46
418,32,117,97,8996,Imie 418,Nazwisko 418,email418@example.com,100001192,13081.85
419,39,82,25,3020,Imie 419,Nazwisko 419,email419@example.com,100030762,11696.07
420,87,139,12,2463,Imie 420,Nazwisko 420,email420@example.com,100025169,22370.10
421,42,163,97,6140,Imie 421,Nazwisko 421,email421@example.com,100026255,9062.81
422,84,103,51,3705,Imie 422,Nazwisko 422,email422@example.com,100031473,21029.97
423,23,171,27,9252,Imie 423,Nazwisko 423,email423@example.com,100025884,15186.71
424,12,77,72,9967,Imie 424,Nazwisko 424,email424@example.com,100001235,7698.51
425,32,45,1,616,Imie 425,Nazwisko 425,email425@example.com,100024991,4630.85
426,95,1,95,4259,Imie 426,Nazwisko 426,email426@example.com,100006512,20791.62
427,33,123,98,3347,Imie 427,Nazwisko 427,email427@example.com,100027725,18271.83
428,42,17,27,1480,Imie 428,Nazwisko 428,email428@example.com,100017776,17509.78
429,100,183,10,1291,Imie 429,Nazwisko 429,email429@example.com,100023646,9666.40
430,20,188,51,9838,Imie 430,Nazwisko 430,email430@example.com,100026848,19468.95
431,43,139,28,8101,Imie 431,Nazwisko 431,email431@example.com,100031462,18207.37
432,85,138,35,6687,Imie 432,Nazwisko 432,email432@example.com,100025525,21012.51
433,99,22,44,9660,Imie 433,Nazwisko 433,email433@example.com,100020470,16610.10
434,6,78,56,7050,Imie 434,Nazwisko 434,email434@example.com,100019073,3269.91
435,11,114,2,4366,Imie 435,Nazwisko 435,email435@example.com,100028147,23306.04
436,60,152,9,4847,Imie 436,Nazwisko 436,email436@example.com,100008051,12027.74
437,48,123,14,6711,Imie 437,Nazwisko 437,email437@example.com,100022325,3302.80
438,4,55,6,7419,Imie 438,Nazwisko 438,email438@example.com,100019348,4459.64
439,66,138,99,8929,Imie 439,Nazwisko 439,email439@example.com,100023011,16068.27
440,90,110,47,7830,Imie 440,Nazwisko 440,email440@example.com,100021568,16810.17
441,31,26,37,9531,Imie 441,Nazwisko 441,email441@example.com,100032269,24002.29
442,16,29,37,1515,Imie 442,Nazwisko 442,email442@example.com,100002274,6051.55
443,38,18,63,296,Imie 443,Nazwisko 443,email443@example.com,100025099,18067.05
444,29,3,88,6407,Imie 444,Nazwisko 444,email444@example.com,100009459,5618.49
445,76,91,86,7147,Imie 445,Nazwisko 445,email445@example.com,100008468,6130.10
446,94,34,92,2933,Imie 446,Nazwisko 446,email446@example.com,100008756,14252.78
447,99,171,52,4769,Imie 447,Nazwisko 447,email447@example.com,100008225,14581.77
448,53,155,100,2552,Imie 448,Nazwisko 448,email448@example.com,100014122,16035.37
449,43,51,63,9791,Imie 449,Nazwisko 449,email449@example.com,100023811,22791.74
450,89,130,40,7850,Imie 450,Nazwisko 450,email450@example.com,100015834,12663.56
451,24,101,44,1485,Imie 451,Nazwisko 451,email451@example.com,100007107,24977.17
452,72,148,6,84,Imie 452,Nazwisko 452,email452@example.com,100032454,4037.32
453,67,42,3,1858,Imie 453,Nazwisko 453,email453@example.com,100003641,7022.40
454,30,40,20,6126,Imie 454,Nazwisko 454,email454@example.com,100007207,18218.12
455,80,186,4,1777,Imie 455,Nazwisko 455,email455@example.com,100020975,10838.68
456,13,180,88,3464,Imie 456,Nazwisko 456,email456@example.com,100006507,16816.22
457,33,116,73,4276,Imie 457,Nazwisko 457,email457@example.com,100024631,7803.25
458,38,105,24,121,Imie 458,Nazwisko 458,email458@example.com,100015089,18882.14
459,26,80,49,87,Imie 459,Nazwisko 459,email459@example.com,100019594,17857.57
460,91,72,67,9400,Imie 460,Nazwisko 460,email460@example.com,100014851,5347.24
461,8,130,71,7975,Imie 461,Nazwisko 461,email461@example.com,100027940,19816.74
462,34,69,4,1225,Imie 462,Nazwisko 462,email462@example.com,100002324,13096.62
463,82,25,12,444,Imie 463,Nazwisko 463,email463@example.com,100018908,23458.45
464,86,156,10,7225,Imie 464,Nazwisko 464,email464@example.com,100009274,24713.98
465,81,16,49,9988,Imie 465,Nazwisko 465,email465@example.com,100027976,24951.66
466,35,11,72,8556,Imie 466,Nazwisko 466,email466@example.com,100010733,18977.48
467,91,12,25,7266,Imie 467,Nazwisko 467,email467@example.com,100029713,18185.89
468,35,111,62,2534,Imie 468,Nazwisko 468,email468@example.com,100014337,8169.84
469,87,31,2,6182,Imie 469,Nazwisko 469,email469@example.com,100030355,3565.32
470,90,43,40,9224,Imie 470,Nazwisko 470,email470@example.com,100018657,9252.82
471,14,84,46,7261,Imie 471,Nazwisko 471,email471@example.com,100010424,12835.44
472,1,6,46,2990,Imie 472,Nazwisko 472,email472@example.com,100003341,16971.31
473,61,115,15,7244,Imie 473,Nazwisko 473,email473@example.com,100019477,3489.46
474,39,68,100,758,Imie 474,Nazwisko 474,email474@example.com,100031957,13966.77
475,18,118,66,5032,Imie 475,Nazwisko 475,email475@example.com,100020549,15338.45
476,1,87,50,4610,Imie 476,Nazwisko 476,email476@example.com,100007767,19935.58
477,33,163,13,4073,Imie 477,Nazwisko 477,email477@example.com,100015749,24787.84
478,72,38,67,8480,Imie 478,Nazwisko 478,email478@example.com,100015286,16918.94
479,97,60,28,7632,Imie 479,Nazwisko 479,email479@example.com,100017808,21393.20
480,47,158,58,5769,Imie 480,Nazwisko 480,email480@example.com,100001435,16768.55
481,38,22,2,261,Imie 481,Nazwisko 481,email481@example.com,100005821,6261.70
482,9,103,49,601,Imie 482,Nazwisko 482,email482@example.com,100024049,19863.73
483,7,167,24,3445,Imie 483,Nazwisko 483,email483@example.com,100019798,18847.22
484,45,17,22,1678,Imie 484,Nazwisko 484,email484@example.com,100018140,21133.37
485,59,74,37,2907,Imie 485,Nazwisko 485,email485@example.com,100007994,23714.26
486,88,64,11,387,Imie 486,Nazwisko 486,email486@example.com,100012793,10451.28
487,96,118,35,926,Imie 487,Nazwisko 487,email487@example.com,100007605,5831.32
488,31,133,57,4878,Imie 488,Nazwisko 488,email488@example.com,100011228,13467.24
489,40,125,25,4987,Imie 489,Nazwisko 489,email489@example.com,100010654,17951.57
490,37,143,72,8376,Imie 490,Nazwisko 490,email490@example.com,100008135,9926.91
491,52,130,33,3523,Imie 491,Nazwisko 491,email491@example.com,100030130,22644.03
492,49,41,73,1309,Imie 492,Nazwisko 492,email492@example.com,100012199,17559.47
493,54,159,52,9895,Imie 493,Nazwisko 493,email493@example.com,100013104,20543.87
494,48,29,24,2740,Imie 494,Nazwisko 494,email494@example.com,100023635,24575.67
495,63,61,100,3843,Imie 495,Nazwisko 495,email495@example.com,100017589,21378.43
496,58,104,51,7296,Imie 496,Nazwisko 496,email496@example.com,100031239,14862.42
497,1,172,14,4776,Imie 497,Nazwisko 497,email497@example.com,100004952,19331.98
498,84,135,59,9688,Imie 498,Nazwisko 498,email498@example.com,100011550,10913.21
499,53,172,93,7838,Imie 499,Nazwisko 499,email499@example.com,100025097,13312.81
500,94,106,10,9347,Imie 500,Nazwisko 500,email500@example.com,100027406,4570.42
