1,36,84,90,75,3053,1023,6149,71,233,Tylni,Kolor 4,VMRWEEXCD5URKU5TW,2019,5366,12453.00
2,24,61,75,46,9321,384,22222,122,6786,4x4/AWD,Kolor 27,CPL8TXXSZB8J2BSDD,2023,8427,10591.00
3,85,10,5,39,856,8395,15673,127,9910,4x4/AWD,Kolor 26,Z4HPAUHA5SRT4T99S,2020,517,35682.00
4,35,78,52,5,2262,4550,14336,351,8645,Przedni,Kolor 21,EZXD0MM0HT7EKPJJY,2021,13123,37743.00
5,29,10,84,30,9010,3577,21929,323,1350,Przedni,Kolor 4,JYXX4C44GKP73WJYS,2020,1943,18289.00
6,25,61,57,80,9438,4636,10282,211,9594,Tylni,Kolor 19,PZCSN98NT8PL03RWG,2021,9754,37187.00
7,43,48,81,34,398,5991,32204,257,5459,4x4/AWD,Kolor 22,BJJKY57S48Y5NAPT1,2022,4990,14887.00
8,23,41,67,55,9497,4682,12109,327,6783,4x4/AWD,Kolor 9,KZK2PDR5LGYHJL6TB,2018,10174,8634.00
9,91,37,55,65,2152,3593,12418,104,3042,Przedni,Kolor 21,0TVHG0L6ZBM64GP57,2022,10192,24677.00
10,3,39,21,30,9523,2524,10618,430,730,4x4/AWD,Kolor 22,GGZX13XNLGZN89UP3,2018,9123,13003.00
11,20,26,65,7,9491,1298,803,298,1704,Tylni,Kolor 24,BY9JZRFX1N39JBRHZ,2022,12273,9618.00
12,63,61,87,17,7569,12,29097,177,6614,Tylni,Kolor 7,R822L11ETVC5KBFFS,2018,6351,7529.00
13,31,84,22,46,2364,7128,4903,335,8261,Przedni,Kolor 4,JS7VBZ0B4ER1NZ4MV,2022,4024,32156.00
14,34,100,2,18,9113,3470,8498,227,3560,Tylni,Kolor 32,9WJYLC0WWYUTGJ73R,2024,5247,23254.00
15,47,100,70,78,5791,1322,11971,111,8587,Tylni,Kolor 2,ZXG3H29URXK5SZCKA,2018,4097,18500.00
16,41,52,79,52,1160,6651,543,66,2570,Tylni,Kolor 19,UY8DLPBU4HG0UV2J6,2020,10288,17088.00
17,10,48,38,50,5364,5166,5393,338,2303,Przedni,Kolor 32,3DMYWER0MAEMFASTB,2020,10904,8035.00
18,31,58,43,24,9358,3731,22219,14,3180,Przedni,Kolor 29,LKS9GK0C06GG7F8UK,2018,5654,23934.00
19,85,33,18,39,631,653,29604,77,3903,4x4/AWD,Kolor 18,S3BN2EA1WNJ8W3WGT,2024,2780,37609.00
20,81,23,47,82,1715,5141,19340,242,2288,Tylni,Kolor 17,0G93CD37A3SS1TZRY,2019,16107,32840.00
21,85,78,2,81,1491,3408,22161,332,2708,Przedni,Kolor 25,21W36VHSTUDHKTDED,2019,16447,15551.00
22,92,90,54,3,8553,4418,22373,488,7069,Tylni,Kolor 28,D4GGXXRTMPMPDH8Z2,2019,13112,37184.00
23,55,74,6,58,9296,6738,25938,287,992,Przedni,Kolor 24,DBWMKG6BNRX2CGURT,2023,4926,21466.00
24,8,71,23,85,1396,5357,3812,257,1461,Przedni,Kolor 18,DNBX3T0ULG4SHE3N6,2023,13247,34717.00
25,10,86,95,72,9110,505,21009,15,9932,Tylni,Kolor 25,WSC40EA1C3SNSM93W,2019,4330,18720.00
26,64,59,23,3,2621,1275,2236,115,3261,Tylni,Kolor 24,X3BCGDJZF44Z5R20M,2020,5916,36968.00
27,22,72,86,66,9745,1509,8771,71,7927,Tylni,Kolor 22,AU47GYFE1S7JKBUT4,2024,6627,20977.00
28,35,61,66,83,9498,7193,32195,261,209,Tylni,Kolor 6,8D7R6R1X6CNJ06UEV,2021,15251,17018.00
29,27,51,48,50,988,8221,16014,443,2842,Przedni,Kolor 1,PDCAJN08R47ETLA37,2023,11001,25445.00
30,63,70,57,14,9243,3306,22096,500,2387,Tylni,Kolor 3,DB81PYU8T5RJJDBKM,2023,16762,36033.00
31,84,76,17,16,8691,3352,21881,233,7482,Przedni,Kolor 28,MV2RVF3AH1SKR4LNN,2018,15921,22189.00
32,62,99,74,13,1848,8704,27958,117,1917,4x4/AWD,Kolor 31,7WW9ZR0XKT0CFTGEV,2024,17876,6145.00
33,73,14,41,5,9237,410,24404,362,7003,Tylni,Kolor 7,VCUPM8547P7T3A4JN,2024,1614,35347.00
34,66,19,55,69,9247,7679,1230,172,616,Przedni,Kolor 21,12G5E3X45ECVCB6SE,2024,1510,16764.00
35,8,14,26,24,6185,7719,19290,171,851,Przedni,Kolor 4,29MDM0WL5NWZTKR99,2019,12261,9096.00
36,19,49,70,72,5203,1812,19657,261,6118,Tylni,Kolor 3,0Y0TM1EJ1ATMG7672,2024,3061,11854.00
37,59,32,28,66,5191,753,23803,409,8289,4x4/AWD,Kolor 14,43RXK96GS37YKPBW4,2023,8832,28880.00
38,2,18,21,24,6744,1644,30660,332,917,Przedni,Kolor 21,2RVT6T5VXNUZ19WD6,2021,4718,20320.00
39,100,25,41,89,9981,5307,21965,163,4116,Tylni,Kolor 12,UVH21C1T0AMD8A71M,2024,2782,36503.00
40,3,36,10,91,2031,2972,19923,383,1907,Tylni,Kolor 22,ZKH0MWDP6H7966FJV,2019,12294,5181.00
41,27,24,76,43,5602,4773,928,455,5312,4x4/AWD,Kolor 6,FDZVXRAMY7A4GNKJA,2020,488,21284.00
42,46,15,35,92,4773,2750,30084,246,9212,Przedni,Kolor 6,VHWSL5JTVP9BBGKN4,2023,11093,36658.00
43,98,25,45,97,2526,6722,31640,166,4712,Tylni,Kolor 18,URAAWG3HC8PDL5PN6,2021,10024,16995.00
44,38,98,18,13,2408,9813,26368,149,5781,Przedni,Kolor 5,PFRR27097KDEC6RZY,2021,10582,32633.00
45,93,83,77,69,1936,2513,615,25,9192,Tylni,Kolor 6,H63AGANMHBH87K349,2020,1994,24690.00
46,99,55,74,23,2008,591,13655,216,9909,Przedni,Kolor 20,P3XTE3P6TZRT914E9,2023,11441,9829.00
47,73,74,57,14,584,4685,12024,123,4142,4x4/AWD,Kolor 20,45ERBDUSUR0HK7UMA,2024,18763,23813.00
48,21,77,73,9,1592,4074,8222,351,6382,Tylni,Kolor 22,64T9LRZRJJLCTJ97H,2018,9285,35527.00
49,13,57,64,46,8190,9103,2095,197,500,4x4/AWD,Kolor 6,RCHENRS7MTEKYZX3H,2022,2916,7475.00
50,84,72,2,1,8370,6091,17380,214,1402,Tylni,Kolor 31,L13JMVJPR7VJK3HDP,2023,2083,27140.00
51,93,24,42,23,6071,6731,1921,391,8626,Przedni,Kolor 8,V6XBE1FD8FUT0K849,2018,4275,27270.00
52,61,100,88,60,9998,9537,21035,275,659,Tylni,Kolor 15,7YK6SD0B2SRNBYB7J,2023,17070,8339.00
53,61,56,20,32,1684,6983,22933,328,6179,4x4/AWD,Kolor 2,TGCAJNTZM9ZCNTKL6,2019,5910,21875.00
54,62,30,63,37,3357,3264,2530,43,486,4x4/AWD,Kolor 8,HP06BB3X7V0BGL720,2023,16502,23518.00
55,77,79,53,74,5761,9893,15158,441,1196,Przedni,Kolor 25,DDYY20WM5WJERN09R,2024,13091,30327.00
56,54,83,63,79,9670,7608,18333,452,8389,Tylni,Kolor 5,LJEVN523LU3VRJX69,2020,436,32186.00
57,24,8,77,82,1590,1766,15406,165,7349,Przedni,Kolor 12,A5YG0T6NPWDUZESK7,2018,11729,31888.00
58,53,21,44,23,6671,2412,251,320,6090,Przedni,Kolor 26,T2UGC7WBDC3BZF1VG,2023,4344,19955.00
59,80,49,5,71,9128,8634,21226,120,9676,4x4/AWD,Kolor 3,PTE5ZRPUD8BH3B6AU,2018,18549,12494.00
60,86,98,47,46,1862,5216,26866,464,1084,Przedni,Kolor 7,NEUD89AUJNHS36L87,2022,10760,30873.00
61,66,15,51,71,530,5680,21247,34,6520,Przedni,Kolor 16,DK8PUWAGA8X2G96F1,2020,5283,5680.00
62,11,58,93,16,3222,4577,25346,198,3168,Tylni,Kolor 28,059EN9G2T47K19ELD,2018,2973,30749.00
63,70,45,10,60,3390,3229,21976,295,9590,4x4/AWD,Kolor 16,89PFWB66GFJWF3GC4,2024,16691,25091.00
64,31,53,60,31,5347,5544,24955,12,6439,Przedni,Kolor 11,J2M23ZRNPJT4Y06EL,2023,10757,30805.00
65,97,49,66,72,365,1016,18495,219,5554,4x4/AWD,Kolor 14,GH9BMBPARDBWN15R2,2018,291,33922.00
66,80,78,27,58,2758,2236,24408,197,7589,Przedni,Kolor 21,MLGLJ4EHW2DWUB5EJ,2021,10708,35841.00
67,84,98,10,34,8719,4140,26752,93,4298,Tylni,Kolor 20,7R7LREDRDP6DAHFCT,2023,1404,10858.00
68,2,42,60,23,6640,6892,26723,336,1201,Tylni,Kolor 23,TH5RREYPWVECTRXRY,2024,6278,18539.00
69,35,10,21,46,8162,8765,24655,220,8449,4x4/AWD,Kolor 19,M673EAE2KK13SKAM3,2024,13051,22455.00
70,95,26,53,42,5550,6199,8858,136,6241,Przedni,Kolor 32,CV61ECKLJURF74E9G,2023,12035,37686.00
71,61,56,60,80,2418,227,6851,51,4007,Przedni,Kolor 6,0AMEF7B9T5ECAM6RS,2022,4335,18641.00
72,25,27,45,29,6261,9999,6661,294,1044,Tylni,Kolor 19,HLN3RB1YVTHVN6L9E,2022,582,13434.00
73,13,37,68,17,664,1496,20984,35,1522,Tylni,Kolor 25,KM6CRY3UKFK5M0AVM,2018,19027,31426.00
74,55,17,68,42,2654,2011,15501,74,3674,Przedni,Kolor 17,2YNK987SZCV2HTWDE,2023,18858,9142.00
75,70,66,84,38,2284,9713,24896,454,130,4x4/AWD,Kolor 32,X16RJ4KVR9BF7ZCZR,2023,5308,25692.00
76,55,17,47,20,8368,3143,3438,464,7555,Tylni,Kolor 15,40WGM0K454V2B0TZ3,2022,827,6222.00
77,3,96,99,66,2889,6532,32742,382,4895,Przedni,Kolor 32,VFJNSUT6BPCA59H3A,2024,10020,22862.00
78,5,26,20,8,9032,746,12365,17,2857,Przedni,Kolor 7,BZK4YREXD4APLXNT0,2024,181,13956.00
79,5,73,30,40,5830,2650,30191,17,753,Tylni,Kolor 25,Z6L8VMX69NJTN7BHW,2018,3020,5534.00
80,90,57,77,91,657,8120,4655,147,275,4x4/AWD,Kolor 16,WJM7AC2LHW635CUAK,2019,8817,20527.00
81,8,67,67,35,8251,2238,28516,214,8492,Tylni,Kolor 13,4XBJJTWZTHS7DMKSE,2024,6043,23295.00
82,49,13,45,60,6324,6395,15028,390,9867,Tylni,Kolor 19,LDUDRMU1FBXYTEKGJ,2022,3871,11421.00
83,90,63,14,20,1104,766,7166,2,7276,Przedni,Kolor 32,WE9Y0PSU33W3HYFGS,2023,4079,11002.00
84,37,2,93,62,5057,9188,16998,422,1163,Przedni,Kolor 31,TKJT9C5J8VUV3LK0Z,2020,18093,13673.00
85,92,39,27,79,7795,974,6231,4,451,Tylni,Kolor 1,3ET4THTEUSK0BLDGV,2019,6474,20460.00
86,23,76,76,53,6108,7078,6919,209,4827,Przedni,Kolor 9,S3B3P1YHZT52CD1ZE,2022,2449,20003.00
87,72,99,62,17,7929,6024,746,15,101,4x4/AWD,Kolor 27,TTFHM6TJW1UDS4RCL,2022,9541,25659.00
88,7,23,6,96,5253,2977,21774,302,5565,Tylni,Kolor 20,PGZ480XCZ8SLLGVW9,2020,19196,37662.00
89,8,32,54,84,422,6438,27263,396,2062,Tylni,Kolor 29,DJDAFVDPRG0B72PF4,2019,1849,10843.00
90,84,38,39,18,5765,6563,27110,490,2911,4x4/AWD,Kolor 5,HH78MYWFNM2LMV7BE,2022,6162,20423.00
91,41,84,81,25,376,9322,17632,433,5591,Przedni,Kolor 32,CESGUVJYGCM8EL4MW,2024,11024,8561.00
92,67,10,54,90,6897,1643,23685,289,8132,Tylni,Kolor 32,WSDFU2KCX7T3B03U0,2023,10490,16202.00
93,14,16,2,66,4599,3769,9195,456,9460,Przedni,Kolor 20,5VXTMETFTTWB28VS4,2021,6178,8636.00
94,53,18,30,62,8209,2238,19059,4,7297,Tylni,Kolor 32,SRRNE3ZX0KPESGHF7,2020,2926,10869.00
95,58,28,44,62,2096,9127,15445,328,5742,Przedni,Kolor 19,V0Z6AJFYDLNX190EG,2019,7065,16653.00
96,73,33,12,30,7182,475,23901,117,6078,Przedni,Kolor 25,KANMZTS3D7NBYRF4T,2024,13418,17430.00
97,21,64,86,21,7351,862,21692,169,4040,4x4/AWD,Kolor 17,7SW5W1E175BB4CWB0,2023,2642,6890.00
98,71,28,28,21,6968,1758,451,273,6016,Przedni,Kolor 20,ZYKBR2H8XRJWUWYF9,2023,7117,20805.00
99,33,87,67,92,4652,242,11490,333,9669,4x4/AWD,Kolor 2,BU2L9MVNP5CPU5PLV,2021,6274,10558.00
100,48,43,95,9,253,9911,26983,272,3309,4x4/AWD,Kolor 10,C0680GX7VR0M998YF,2021,7856,17760.00
101,83,79,24,95,119,1126,11293,336,7790,4x4/AWD,Kolor 11,VM1XZJLLAPX6WPE0C,2018,12769,29087.00
102,62,73,64,65,7434,9846,16516,386,8582,Przedni,Kolor 13,DXNPEGUHMPXCN3YD5,2022,6163,37280.00
103,83,3,54,61,1784,3111,31588,114,2549,4x4/AWD,Kolor 30,TS2UWCUX0V5EJ07RD,2022,9195,14477.00
104,10,98,2,18,5583,140,11003,366,1018,Tylni,Kolor 26,UZ0AUWXUMVWT7RZTE,2022,7733,36489.00
105,33,90,69,85,2192,1675,27265,39,7855,4x4/AWD,Kolor 6,AGH5NDML1F0FWHGXA,2023,3213,32568.00
106,11,81,24,77,1732,1946,10991,168,1596,Tylni,Kolor 17,EVH66PGLFWGA23M0G,2022,10326,10672.00
107,43,45,60,25,7807,471,29011,186,7084,Tylni,Kolor 26,XL8DTW28PTGGS5C41,2020,6949,6581.00
108,5,64,26,28,4707,2969,3211,58,8473,Tylni,Kolor 29,RNWX852TVFCVX93UN,2019,15126,29824.00
109,2,19,4,69,5560,6570,5406,174,8032,Przedni,Kolor 12,B1WW0X6A4RVCLUV41,2022,1949,31401.00
110,76,46,79,92,7203,1926,27375,11,1340,4x4/AWD,Kolor 18,9YYLRDTS9MGGDBZHF,2018,12478,24844.00
111,27,57,19,40,8822,249,18272,130,1452,Tylni,Kolor 8,C53XDZW0SC7UDE9SC,2023,6430,14023.00
112,83,63,18,25,3445,9150,26730,168,483,4x4/AWD,Kolor 25,J301SBGWB7ZXK9UJ7,2022,19372,30734.00
113,99,6,77,77,5501,7571,18088,25,605,4x4/AWD,Kolor 11,G0TR5B5MR82C6V7EX,2023,3956,36289.00
114,59,98,61,49,9516,332,22672,81,4262,4x4/AWD,Kolor 18,23AJ68MZ4EPARNSXE,2020,3715,12194.00
115,41,99,65,5,3906,685,29524,168,7733,Przedni,Kolor 17,EU35J4AUG3WG36DRJ,2018,6086,18301.00
116,64,65,95,100,131,21,27863,361,4801,Przedni,Kolor 26,BDTSY14MAZ3N2CRK5,2020,3681,21602.00
117,2,92,31,39,9051,3983,14672,162,9467,Przedni,Kolor 16,BBNR6M5WVH516CC9S,2020,19479,15265.00
118,3,85,36,30,9370,9964,1196,254,5062,4x4/AWD,Kolor 23,BJS8S7X8PT4BBM56K,2019,15426,16103.00
119,55,62,87,40,1952,2947,29990,27,6469,4x4/AWD,Kolor 22,2T9JSCH3J2LYCRZT0,2022,5663,14045.00
120,22,63,84,51,1203,687,8271,208,9365,4x4/AWD,Kolor 25,41BAP8JH5D6PZLCY8,2023,9616,26079.00
121,90,42,89,73,5883,6561,26110,431,8350,4x4/AWD,Kolor 4,HT43NFCNDP69V8YW2,2018,10906,29817.00
122,78,51,49,38,1266,8040,12756,494,2196,Przedni,Kolor 17,FYK0YN59D619D03T5,2019,31,20796.00
123,38,17,7,3,3663,6573,8029,197,4111,Tylni,Kolor 5,YTXLGVTANYK32JEZ3,2021,3758,23568.00
124,13,6,43,89,5330,562,12819,309,4783,Tylni,Kolor 9,5EKXREM0LTX7J2MRD,2022,8284,5412.00
125,62,98,44,79,6947,5809,21708,276,7000,Tylni,Kolor 6,X8YS7BMYDXD6CJPGM,2023,12622,29315.00
126,31,40,25,3,1361,7689,1915,187,6509,4x4/AWD,Kolor 8,PMLRTUM1DE5T851HS,2021,14657,23458.00
127,37,67,71,17,1624,3456,5800,371,6698,Tylni,Kolor 29,935NNELBGHPGSTHM2,2019,4829,17027.00
128,7,15,4,22,7425,625,758,360,4701,4x4/AWD,Kolor 3,9D7251Y3YYSA8P32H,2022,3958,12890.00
129,41,72,100,62,5366,694,31429,226,8499,Przedni,Kolor 9,3DGH5TSXSGEEFVEM9,2022,1999,15428.00
130,25,82,97,83,4588,7148,2919,137,1728,Przedni,Kolor 9,3EG6DJJ7CRPVRSYEK,2018,10569,23969.00
131,31,83,51,67,5197,370,1210,158,7772,Przedni,Kolor 5,N7TE25JHCSY3CTY8L,2023,5262,32061.00
132,75,74,65,72,3306,1532,4715,269,3954,Przedni,Kolor 19,A5G5SXYYZPX5LZS6R,2022,11723,27844.00
133,61,35,27,55,8381,5988,16606,241,1008,Przedni,Kolor 15,YYHA6MDWK963V1RGV,2022,3560,26624.00
134,69,14,27,21,5950,2017,11611,159,2093,4x4/AWD,Kolor 19,VMHJNCX81R3AYBRVW,2024,3284,17267.00
135,37,28,79,83,3547,1071,14953,227,8773,Tylni,Kolor 10,7YCBGWY3A8X28HNNF,2019,6120,16770.00
136,85,42,47,74,8892,4698,15309,325,7755,4x4/AWD,Kolor 2,6LBTY7RY8ACV5G8RM,2020,5066,21122.00
137,62,36,27,44,359,3173,4148,111,6689,4x4/AWD,Kolor 6,BJT4NX3A6933NC825,2024,2540,31868.00
138,8,91,50,28,7874,2932,28927,279,6906,4x4/AWD,Kolor 30,F7DHA81069KL4PW48,2019,13844,24183.00
139,78,78,10,98,3157,2029,15624,249,560,Tylni,Kolor 24,NNPLHWYABAK9PYL29,2022,11067,17576.00
140,1,74,51,54,3623,1108,28655,102,6095,Przedni,Kolor 6,ATHEKLNDP6286B08E,2018,19295,33959.00
141,94,43,33,94,7114,1883,32646,305,2771,4x4/AWD,Kolor 1,0LWBSGPERLX59MFNW,2020,9040,35578.00
142,69,55,83,24,5522,8941,531,352,2662,4x4/AWD,Kolor 12,HSDFTW4HS5BLVAT37,2023,5097,16340.00
143,68,50,25,21,2077,5569,31491,169,887,Przedni,Kolor 26,57F2LYNZ397HUPXE7,2024,13304,6455.00
144,73,44,88,9,7774,2755,22246,483,4038,4x4/AWD,Kolor 9,JK2Y6VDV29FTTMMBV,2022,8362,35710.00
145,78,5,97,68,336,7429,32243,17,6288,Tylni,Kolor 26,Y9T6DFAZY80N04N5M,2019,8586,24177.00
146,24,67,42,97,9838,5093,16083,255,5026,Przedni,Kolor 20,UEHUE9UM36WB68G1Z,2021,8582,33131.00
147,37,26,16,67,1490,5554,9147,131,2038,Tylni,Kolor 21,JUWBVMC61EP38674F,2021,1486,34630.00
148,91,22,40,73,333,5740,1557,313,5292,Tylni,Kolor 23,H1CUD1KMS548KUSVB,2024,4417,30487.00
149,87,74,68,10,2564,3712,5879,165,8676,4x4/AWD,Kolor 7,BR2SJ3KXEZ9RHP3XF,2021,9202,23562.00
150,67,81,8,44,4925,6682,1195,24,8990,Przedni,Kolor 11,BEP6S4DR6A755WL8K,2022,6721,18689.00
151,50,32,82,18,3675,5998,24226,166,4068,Tylni,Kolor 1,RML7DFDZPV562VHWB,2021,359,7188.00
152,31,84,25,61,543,6891,13944,422,807,Przedni,Kolor 10,YLWB49D25V93PWGDY,2021,7014,14358.00
153,89,95,15,17,1459,9665,11170,370,8382,Przedni,Kolor 26,NAH7AGZJHWFPKPX98,2022,3372,28898.00
154,37,59,94,74,1844,1589,19229,395,8865,Tylni,Kolor 21,DPS6RLG26ZTXCAB3T,2020,5049,37291.00
155,34,4,59,75,5233,8987,23961,125,7837,4x4/AWD,Kolor 10,J9FRADGJT5D8KB8UU,2022,355,27876.00
156,48,52,22,33,5295,3213,10036,260,8261,Przedni,Kolor 25,V0BKDR5H5SKK3WKRM,2018,7467,23742.00
157,31,30,18,98,6442,9760,15642,432,4906,4x4/AWD,Kolor 29,V0A8KJ8PLY802Z808,2022,8190,10493.00
158,51,42,17,83,3522,9145,22769,94,907,Tylni,Kolor 11,TPX6XPPPVUS0E648F,2024,3023,34684.00
159,37,68,38,46,4664,607,1672,68,2691,4x4/AWD,Kolor 6,FMXXWT1Y04LMA72H9,2023,15283,18716.00
160,98,24,14,87,4405,1747,6237,217,9114,4x4/AWD,Kolor 31,A9ENE8RA214RN05JN,2023,19109,7739.00
161,45,28,20,73,3854,8888,9297,385,7324,Przedni,Kolor 13,3EXNG6KV8HS637FEC,2024,7188,19335.00
162,48,4,47,7,6694,9119,8094,220,4239,Tylni,Kolor 13,K5GWV7XUU5C4P0MHN,2022,2399,33132.00
163,87,75,43,98,7642,7234,12350,325,1877,Przedni,Kolor 23,33TRWCZKBP7B5VZLL,2020,2362,22431.00
164,60,11,75,66,8763,1268,2568,262,4601,Tylni,Kolor 9,HCR12GG4A3VDXVVWW,2024,9583,27182.00
165,98,67,80,15,7090,6142,21257,447,7071,4x4/AWD,Kolor 22,5PJJXYGGBAJ6C2BMT,2022,12876,6224.00
166,75,79,38,67,5577,2799,2295,73,2684,Przedni,Kolor 11,669V42KGBJ0PXRKN9,2024,863,25994.00
167,7,97,90,16,1163,4899,11914,364,2256,Przedni,Kolor 3,AHDB3CYUA5001PRT0,2022,5854,23401.00
168,87,62,7,84,1633,4673,11155,252,130,Przedni,Kolor 4,FJD4AJLU4PT51RKFR,2018,831,21630.00
169,30,70,100,27,8551,3183,31240,379,4446,4x4/AWD,Kolor 15,62120J3KRMG3VY81R,2019,1992,33416.00
170,59,91,99,47,2546,5153,17176,248,5516,Tylni,Kolor 15,7RZFLVS1DG6JT4UUX,2024,4794,33636.00
171,37,94,86,38,4001,1321,10648,252,773,Tylni,Kolor 17,JTEAL4VRBNN7NHDU2,2022,12150,7019.00
172,78,79,70,98,6424,1614,10035,470,4540,Przedni,Kolor 4,U625W7HDADBNVTU6A,2022,5230,7516.00
173,22,45,89,73,9832,7438,12438,475,4786,4x4/AWD,Kolor 24,4YVVF73L8P5RPVW3F,2019,7188,33978.00
174,74,89,22,11,4969,6181,22161,278,4191,Tylni,Kolor 15,YGMJEPE15E36NLNVR,2022,10988,12469.00
175,31,76,52,47,7808,2076,31887,287,5947,4x4/AWD,Kolor 7,9AD5SJ2AZV5YD95BR,2024,11633,10664.00
176,79,26,12,9,2484,1455,13757,47,3684,4x4/AWD,Kolor 24,SXZDXJ9GBS70SF5WM,2020,134,14229.00
177,88,41,44,32,7423,2396,31038,260,5645,Przedni,Kolor 17,7143FCG6MLBSWACB0,2023,5652,27141.00
178,6,44,23,39,3721,6608,4819,345,745,Przedni,Kolor 16,3D4ZPPCP42VNTUDT5,2020,6943,13391.00
179,34,58,39,34,4183,1732,5995,195,6391,4x4/AWD,Kolor 2,Z7WEMRMPUE0HPMA5X,2020,1539,34191.00
180,58,96,93,98,5419,594,9912,198,149,Tylni,Kolor 13,8JMF16ZYD1VJPJH0R,2019,11428,31518.00
181,42,31,71,9,3331,5273,16324,476,7798,Tylni,Kolor 28,1BJ7LJT6PM1HG35GV,2024,4563,10400.00
182,69,91,51,31,8242,4344,7386,413,8938,4x4/AWD,Kolor 29,PHRWALDN26U2ZG4NJ,2024,11045,19274.00
183,97,2,72,52,5874,4193,8214,463,2744,Przedni,Kolor 22,CCWZ2LKJ23ZCV5XT6,2018,16212,21913.00
184,7,45,57,50,2851,7435,18593,316,3848,4x4/AWD,Kolor 1,VSPAT58DN8UYYSF0U,2018,10872,28636.00
185,74,91,50,44,431,1531,11364,102,1142,Przedni,Kolor 22,T55Z93RSM2FKACLLN,2024,4744,10639.00
186,50,13,61,63,1762,6225,11290,381,9822,4x4/AWD,Kolor 9,LX38BFXV3UR2KCMPT,2022,1818,21612.00
187,85,82,1,93,1878,7995,20172,257,1832,4x4/AWD,Kolor 6,SMMHRYYF7K2BE2XUZ,2020,6185,13349.00
188,22,78,43,30,4039,7541,23936,454,4047,4x4/AWD,Kolor 10,HN3XXCMY3Y1D3X4Y7,2018,15739,23730.00
189,53,36,55,63,1545,6526,26699,423,5987,Tylni,Kolor 17,DGN5EGZE4ARJLZZPP,2018,13867,6560.00
190,20,18,11,74,278,5480,16814,349,5125,Tylni,Kolor 2,V7W1DNYB2AUUP6J0R,2020,10771,28122.00
191,41,74,39,24,1889,6956,16815,44,2800,Przedni,Kolor 5,CK4VGUXWA9LHZFH5J,2022,1878,19346.00
192,46,23,81,45,7478,359,1962,88,2462,4x4/AWD,Kolor 7,YVA0SBU5BRNG8H8PM,2019,18061,34512.00
193,68,29,99,28,2699,1003,12121,90,1259,Przedni,Kolor 21,WEZP70D894KRL76UM,2023,8056,8107.00
194,90,78,33,37,6131,8815,26045,150,9508,4x4/AWD,Kolor 24,C4KBB79Z8UNTX0SDC,2024,5449,37119.00
195,36,100,7,98,2583,9148,17319,381,3882,Przedni,Kolor 14,1X4WFMVCZH83AHX90,2021,7164,15772.00
196,70,61,14,4,8698,869,23255,192,3274,Tylni,Kolor 6,VE1AJZ187T1P35TVE,2024,11986,19768.00
197,62,15,63,48,1036,1788,19223,335,8146,4x4/AWD,Kolor 24,8RACRGKVSXD712BWP,2020,11105,5129.00
198,72,94,48,18,8303,6330,14127,62,172,Tylni,Kolor 13,XWJD3B6X81R7Z44ZV,2024,7021,30907.00
199,86,33,81,89,3960,9067,17022,446,7581,Tylni,Kolor 1,505AXMUUS9229GDZ4,2020,10057,37370.00
200,55,6,9,74,3042,7993,32102,311,8885,Tylni,Kolor 22,8UV66M0N8U01H3F5Z,2019,5740,35987.00
201,79,25,26,61,3356,1616,21237,420,975,4x4/AWD,Kolor 28,3Z8S5GVG3XUBFTSXF,2019,345,5460.00
202,57,72,98,91,8341,6457,22928,146,5322,Przedni,Kolor 29,3WE3ZRMFV51N25TUA,2021,7296,24014.00
203,75,35,63,65,1021,4277,28731,58,7636,Przedni,Kolor 31,G2541KSBS7NC5Z6KG,2023,4752,10295.00
204,65,72,44,48,7352,7393,1517,340,649,Przedni,Kolor 14,B9205UMECP47C5MVB,2020,5372,30517.00
205,100,64,73,86,6646,1771,19911,485,8483,Tylni,Kolor 8,B1NK5D924LNJ66KNU,2024,15232,5727.00
206,12,27,73,89,209,1463,3394,69,1664,Tylni,Kolor 16,EEH5JAC4RL6NWTKBD,2024,8221,21894.00
207,69,59,72,76,4094,754,19390,7,5135,Przedni,Kolor 7,PCZWM6R49BWC6VVYE,2023,5858,26832.00
208,54,51,80,62,208,1931,262,402,9571,Przedni,Kolor 30,U0P6CR7MGHL5H6M6D,2022,8727,19821.00
209,95,29,44,61,158,8545,4225,37,8364,Przedni,Kolor 9,Z6RLUDFSXYT239BV9,2020,1897,16759.00
210,16,72,13,28,4254,4003,32232,370,7522,Przedni,Kolor 31,JUCZ7NHCCAK16G8MF,2020,3239,24230.00
211,81,21,22,5,89,3947,3227,385,9454,4x4/AWD,Kolor 17,SA54SKYEJWA55BEFR,2023,1402,12686.00
212,24,11,67,47,8079,2141,19288,208,5139,4x4/AWD,Kolor 22,JLFWS8K51RM537UDT,2023,10853,8720.00
213,5,67,99,97,5939,3955,30256,125,9753,Przedni,Kolor 9,T47JTCJ4ZA0DZG6U1,2018,11890,19674.00
214,6,49,46,56,6768,5181,4881,392,3908,Przedni,Kolor 4,FTKXEDLVWEF4AJ24D,2018,17161,26777.00
215,81,66,52,65,2718,2997,11834,424,123,Przedni,Kolor 11,G1UDUDYVBJWV9WJ74,2021,12255,14628.00
216,62,19,45,10,4254,9561,11235,150,6019,4x4/AWD,Kolor 21,C1ZR4B8K48MVX91AX,2024,17598,5959.00
217,70,65,85,83,9290,4505,19770,157,3502,Przedni,Kolor 16,K3JKMGK351UN7CE72,2023,1543,7287.00
218,50,48,82,20,8118,2467,20259,372,8419,4x4/AWD,Kolor 7,NERP52D1D8XCY6ZH4,2023,17975,24790.00
219,44,1,84,82,937,5095,5677,352,2552,Przedni,Kolor 18,U5LF7TRXW6DT8T3RX,2024,4985,26122.00
220,40,76,46,82,7273,3105,23183,135,1412,Przedni,Kolor 19,UZN94TML7RTN8SCRS,2024,3045,16279.00
221,56,31,87,94,4131,6113,5593,349,6251,Przedni,Kolor 27,993YB76P2RRX6KAS2,2023,8045,19686.00
222,6,61,95,45,904,684,2185,121,466,4x4/AWD,Kolor 4,PJYW7HW6SLWLTNRCY,2022,12995,37524.00
223,2,20,28,20,2610,2559,4563,491,2185,Przedni,Kolor 19,XTWUK28ZMS4DKXLAA,2021,15581,21659.00
224,30,60,12,51,2550,8840,24309,224,6368,Przedni,Kolor 17,20W14XGVXB9T3DBDJ,2019,4166,36656.00
225,68,43,72,69,3290,6392,28116,197,8935,Przedni,Kolor 26,0RNPY55W9V6ZZYAC5,2019,8243,33705.00
226,21,43,20,30,9641,8884,2335,483,2711,Przedni,Kolor 1,TZBCZUC31EJ3CD47U,2018,18526,25777.00
227,38,45,95,90,8401,4486,10029,131,3682,4x4/AWD,Kolor 3,FPTSM79E66XF1X2YE,2024,3791,34924.00
228,30,92,84,86,8124,937,29550,235,1788,4x4/AWD,Kolor 1,GU00G5Y237Z3MYW6T,2021,4493,35193.00
229,21,14,14,8,5662,536,17790,383,675,Tylni,Kolor 14,20UYZVHGACKC3XWHC,2022,14978,8354.00
230,19,92,2,55,7033,168,24539,334,1669,Tylni,Kolor 16,DD6K9UMB6EA8VYKTZ,2024,7762,16862.00
231,77,64,14,53,6485,2800,29951,496,948,Tylni,Kolor 27,VX3XU2DEB626R9ATU,2023,7900,34029.00
232,74,3,51,66,2318,9515,22620,53,9404,4x4/AWD,Kolor 17,SH8Y4SWGA6N5DYWR7,2021,1897,5851.00
233,78,44,21,9,1165,4945,14835,292,2940,Tylni,Kolor 2,4VGVY06LJ6PKXJF8G,2019,11866,11479.00
234,44,15,16,31,9626,1732,28863,473,5132,4x4/AWD,Kolor 32,XZSA1EXFKTHLVWCCH,2023,8672,14094.00
235,40,98,35,38,8213,3495,7721,128,9683,Przedni,Kolor 24,XUDAR0Y9CJ8GR9TP8,2023,14557,18756.00
236,46,8,19,12,6999,9125,17335,325,3357,Tylni,Kolor 28,8YHRYFXEP8NSVXMSN,2023,5473,11979.00
237,10,93,8,61,78,1899,12432,233,4240,Przedni,Kolor 9,G0P7XZ5SZ02HY30H4,2019,11116,8803.00
238,72,47,43,90,5124,7723,3838,316,879,4x4/AWD,Kolor 9,M5Z39U5NG34804AZF,2018,1687,5152.00
239,44,20,61,18,7003,6265,31814,262,4732,Przedni,Kolor 18,D7E0ML0XTZF5PGHBN,2020,2405,27496.00
240,97,71,49,7,1835,557,22745,474,958,Tylni,Kolor 19,0T4B97JWGBY1BZR0G,2019,6805,16925.00
241,13,94,8,47,6212,8508,4018,348,6484,Przedni,Kolor 24,JEHN60ESHL61631ZB,2019,5090,27070.00
242,45,85,27,23,6298,6215,11627,386,5141,Przedni,Kolor 24,6A9L3MLBDXS6UE0GS,2022,3414,6858.00
243,53,61,12,56,7863,9759,5508,285,4053,Tylni,Kolor 26,RNFM3FKJEXT1BSKSD,2020,17997,20092.00
244,45,80,21,12,7350,1256,21645,234,2591,4x4/AWD,Kolor 9,MD3683T4PW8L7KAT7,2022,13210,37254.00
245,10,15,72,52,2858,4150,12466,239,6197,Przedni,Kolor 5,30NJDGP3VTARMNVMG,2018,3850,10289.00
246,34,21,97,46,4399,6546,28969,210,4659,4x4/AWD,Kolor 25,BL2FHXC05DWY30J6Z,2021,10017,34759.00
247,25,17,88,6,8076,5392,4549,429,8212,Przedni,Kolor 25,TJF58X7K7PV6DFGGN,2024,3969,12397.00
248,47,21,79,1,846,205,22868,36,3325,Przedni,Kolor 29,FYN8MX3KFJDG1ZDN0,2019,525,23665.00
249,50,97,60,28,3260,6419,26398,320,2990,4x4/AWD,Kolor 1,EH64Y30R326TWXDV2,2023,6846,15250.00
250,87,89,62,5,6371,6804,12943,449,1688,Przedni,Kolor 4,MXD18LALZN1ECXG04,2022,11591,33346.00
251,90,98,77,6,8590,2919,10998,231,6149,Tylni,Kolor 7,DD8M8AR39DXNLFRHM,2018,13323,35533.00
252,32,61,48,36,1526,10,2041,86,2350,Przedni,Kolor 12,P57SDDH3K2W8ZYBT1,2021,10945,5125.00
253,76,87,70,31,133,8708,14651,410,5977,4x4/AWD,Kolor 17,H29EMJAXNXMTVKW9S,2020,13754,32582.00
254,49,2,20,91,1121,1101,14427,157,2762,Tylni,Kolor 10,ZFLVTRKRGTG6XSRS8,2021,15445,15748.00
255,90,48,34,58,4121,6688,21677,44,8246,4x4/AWD,Kolor 8,20S7PJUMD5ZTCDSD1,2023,18272,33520.00
256,98,23,81,62,1023,2027,20566,195,6025,Przedni,Kolor 23,ARZXVY8AK5P3JESA7,2022,3239,32373.00
257,55,13,51,3,6808,967,9658,82,1338,Tylni,Kolor 19,P9UMJPDXFTVUBJ51U,2021,6879,13944.00
258,56,89,40,85,1264,6245,14618,400,3776,Tylni,Kolor 1,M82WVN49XDED33TTK,2022,1941,22747.00
259,22,9,42,3,2314,4458,5896,438,2566,4x4/AWD,Kolor 14,TTF0D8HJE2VAM32D5,2023,13032,25926.00
260,55,100,39,28,3928,2616,9831,267,4680,4x4/AWD,Kolor 17,NGH4XXBLM7MGUJ77R,2024,11512,30345.00
261,14,89,3,33,7703,6328,4792,369,2600,4x4/AWD,Kolor 15,WMETTE2PU5H6L24TV,2023,16933,14228.00
262,74,45,31,16,6656,1458,28373,176,9888,Tylni,Kolor 12,XN47TTPGM73NRHTB1,2020,3148,18892.00
263,32,13,90,52,4686,4536,22723,482,6333,Przedni,Kolor 11,FJUX2B9LSG7HPS1F9,2018,12242,26618.00
264,32,56,24,61,3510,1022,1934,420,7249,Tylni,Kolor 13,XP1URPG4NMEEP12Z1,2024,6636,13164.00
265,15,77,43,97,7101,666,16891,236,4892,4x4/AWD,Kolor 27,5XSXFNBS32UKU2PZT,2022,10142,13577.00
266,45,88,60,83,1892,4602,18686,425,5738,4x4/AWD,Kolor 15,X2G7HPVT3KM1XL561,2022,10514,23676.00
267,77,24,80,26,5643,3337,5274,374,7917,4x4/AWD,Kolor 21,UWERS7XKAVWW2BASK,2021,1783,12490.00
268,28,36,88,81,4420,6336,31783,345,8785,Przedni,Kolor 6,XMXTK08NBSR0XPRRN,2018,11828,17591.00
269,37,16,50,11,534,5638,26217,453,9471,Tylni,Kolor 19,R5VMCJRNVSJWTKVSX,2024,17426,16190.00
270,4,99,22,43,2808,1945,2204,387,469,Tylni,Kolor 18,6K2U76RMKKMGUTAB3,2023,6930,5722.00
271,63,13,98,45,6766,5258,13792,124,1560,4x4/AWD,Kolor 31,CHEJG222GWBX2LF73,2018,9679,23080.00
272,13,77,7,22,2044,5104,334,80,43,Tylni,Kolor 16,6834FA2JZ2DUL7GX3,2022,2265,11964.00
273,83,63,81,11,3693,8708,14027,177,2703,Przedni,Kolor 24,5YD7MW8K3K9Y03GB2,2024,11255,23507.00
274,35,65,54,64,5841,2612,21172,305,9834,Przedni,Kolor 20,J8DT9D3V7SPY37PV8,2024,2147,34576.00
275,58,69,39,5,7759,4024,6238,2,9939,Tylni,Kolor 21,0EE0GDXF45JTYG00X,2020,19379,29585.00
276,30,50,66,5,7971,9352,1775,442,321,Przedni,Kolor 30,UK54UHT5JPV5Y8J6P,2023,4026,21270.00
277,34,27,7,72,1679,5961,6594,46,8594,Tylni,Kolor 9,V76FGJYD94M91YTNX,2018,14350,19995.00
278,78,12,35,53,9780,8143,1274,158,3087,Tylni,Kolor 20,2FB5EFKW6SZLRH6J3,2023,8616,21419.00
279,37,80,78,79,1033,9739,26480,463,2956,Przedni,Kolor 24,VR16DJVZG095UYMTJ,2023,7120,14635.00
280,59,79,84,55,806,1534,28173,205,881,4x4/AWD,Kolor 19,V8PZ4DS3DWLYVW17E,2024,9922,37232.00
281,81,9,56,72,1836,1665,18184,323,6718,4x4/AWD,Kolor 32,LGPKUH4CG79K1E4JY,2022,9222,27865.00
282,63,12,49,54,2047,4460,22711,387,4181,4x4/AWD,Kolor 27,YWGUTGZ226DYH3B8H,2018,2245,34823.00
283,100,58,73,68,499,1393,22621,433,8472,4x4/AWD,Kolor 26,TE8T9P67AZ0P4W19K,2024,13366,32420.00
284,86,81,19,63,4559,8903,13142,292,8178,Przedni,Kolor 14,4XDAWRJA5CRKB3200,2022,10472,19604.00
285,48,70,57,91,8900,6365,31210,102,1415,Przedni,Kolor 14,FNASEYUHMUC5CB69D,2018,18669,8505.00
286,17,76,23,37,8634,2661,8187,17,677,4x4/AWD,Kolor 12,8ZKMYRVBR4EYNJ9US,2020,3459,31359.00
287,16,93,89,53,9591,600,31733,248,7232,Przedni,Kolor 28,XXFHZN43034C804H8,2021,13814,35144.00
288,12,81,91,6,5323,1690,12773,259,2336,Tylni,Kolor 16,Y0A3935BTKK6319VZ,2019,19723,16310.00
289,94,23,25,34,9350,6127,4355,301,106,Przedni,Kolor 24,ZLGA8X5YTRXY6BF5A,2023,9650,27408.00
290,62,26,72,14,3406,1019,10502,80,775,Przedni,Kolor 15,07SUVMKY3VGWV9WBH,2018,10278,19925.00
291,70,78,42,5,6559,8638,9071,155,8749,Tylni,Kolor 6,1VNYHP7MRZE3A0USW,2022,10207,21859.00
292,83,77,46,33,4877,7592,10840,8,3045,Przedni,Kolor 16,UVYCF3E8JACFC4UK2,2018,19693,20480.00
293,19,88,26,5,73,4356,14141,167,2298,Tylni,Kolor 19,5W1T454PAW3KFR9UH,2020,8514,34390.00
294,60,56,96,39,1275,5232,5107,188,371,Przedni,Kolor 26,MVHS7FM5Y5HW4XAS8,2021,2189,23901.00
295,80,74,44,88,9732,9165,5251,210,1025,Przedni,Kolor 7,6879MLT2VHYC43VUK,2024,5153,33496.00
296,28,17,52,55,7866,8458,31253,202,2617,Przedni,Kolor 3,7HKFVVL6BWS0JRXCM,2024,8686,18016.00
297,25,12,34,20,6731,4530,29188,208,2041,Tylni,Kolor 30,U26C234CJYWW296E4,2023,11489,36322.00
298,37,75,15,8,3469,4658,9893,323,9916,Tylni,Kolor 2,SZTVZPZRDK4LY00JV,2022,8682,8047.00
299,57,39,99,73,3927,2065,2245,499,263,4x4/AWD,Kolor 14,NHA12WGNCLSMTX3A7,2021,12248,25857.00
300,11,98,96,36,2255,3564,11991,484,5148,Przedni,Kolor 5,YCZHXHCPHECC16UUY,2022,16813,7567.00
301,5,76,47,62,776,2051,12491,439,4793,4x4/AWD,Kolor 31,HVKD0BWMXYPBDDMCZ,2020,19687,14182.00
302,97,36,30,99,2809,7305,27381,266,1899,Przedni,Kolor 3,MT77D4UVW1LJSPL0D,2020,4611,18958.00
303,43,92,100,50,7776,5293,13380,304,8525,4x4/AWD,Kolor 7,N0VKN3SH625AW4U23,2019,7001,29128.00
304,45,13,43,85,6537,1337,25214,388,8131,Przedni,Kolor 11,1DA6UVZW7L5UX5E7X,2020,7163,20580.00
305,93,77,61,75,507,8290,14787,188,2067,4x4/AWD,Kolor 1,PRC2GU7XZFZ1MLA0Z,2021,2974,33965.00
306,77,49,93,67,6175,9602,8986,272,2585,Tylni,Kolor 11,ET2JPYMR7DD3CPKTL,2020,15624,17875.00
307,61,20,53,70,2286,5503,20321,168,6561,Tylni,Kolor 25,EZFUXESKYJCRUW88R,2023,13668,35844.00
308,47,89,28,21,3794,8391,2838,266,7168,4x4/AWD,Kolor 13,MEPBEFKM0X1S132U7,2022,9376,21594.00
309,52,78,47,64,9583,3060,4056,338,3303,Tylni,Kolor 12,65CZUX97EF56ABUGA,2024,10874,34322.00
310,92,62,45,62,9706,4796,24667,376,1152,4x4/AWD,Kolor 12,B6F3D30CBBRWYKDXE,2023,8147,15134.00
311,2,9,95,47,3784,4687,24563,453,218,Przedni,Kolor 32,D95GZ524XXUKMKRND,2020,10087,25880.00
312,29,97,89,39,9511,8804,11047,242,8437,Tylni,Kolor 14,YFX4DZNJ80RM4MXW7,2021,5746,11358.00
313,78,91,68,75,482,2890,11758,347,1381,4x4/AWD,Kolor 5,4RNYCFGWZ5ULSFKYV,2018,5497,35395.00
314,56,13,26,20,7979,2163,18418,123,1363,Przedni,Kolor 1,DG4MUG0G5P4K5J0PD,2022,3784,17790.00
315,8,11,45,48,2232,6046,15771,363,2296,4x4/AWD,Kolor 6,PN0CY1FPJ5S6GWJ7S,2023,7345,29128.00
316,46,12,41,88,7712,976,3646,9,1243,4x4/AWD,Kolor 15,7G8HA8YD9M23ZVAMS,2022,9809,16348.00
317,81,29,59,76,9369,1316,13148,21,315,4x4/AWD,Kolor 7,L70MKF7URKCB9WXSY,2020,7867,22326.00
318,78,86,35,65,359,251,21058,269,1243,4x4/AWD,Kolor 1,2BRAVH3GV8PUZTT0K,2021,7493,6496.00
319,5,91,92,46,7404,6461,3427,251,8702,Tylni,Kolor 7,H3YE17HZV3YVLBSDH,2020,15289,11869.00
320,65,14,46,83,1664,988,32186,29,2542,4x4/AWD,Kolor 20,WWLAYDJFM0H4C048Z,2019,520,25099.00
321,68,99,60,1,6808,4296,23976,162,6464,Tylni,Kolor 2,R1LKF51Z37S2ASKH0,2022,10501,18537.00
322,89,51,32,6,5776,367,4156,364,6532,4x4/AWD,Kolor 4,JVX6YV164THXFERL3,2023,15788,10230.00
323,33,83,37,7,9446,3900,12444,425,7375,4x4/AWD,Kolor 5,S5LG0K8TJ1X1CGK3W,2018,3470,11771.00
324,10,44,88,63,5435,3635,6619,306,1772,4x4/AWD,Kolor 21,JX27BK9KRH0GVZN7V,2019,7298,13686.00
325,78,82,41,30,2513,613,27523,23,5184,4x4/AWD,Kolor 19,P65BNNGM2BTY9TLMZ,2024,11442,28256.00
326,65,70,76,84,1443,1642,17165,14,4264,Przedni,Kolor 18,MHL4GTE7997T0Z99N,2019,15186,36200.00
327,91,34,82,83,1427,5253,25335,461,2855,Tylni,Kolor 8,95K5WD34EM26BVWCW,2020,5154,12609.00
328,99,46,26,52,8715,232,17159,44,7583,Przedni,Kolor 9,W47UD2BYYN4F6WF7W,2018,936,22477.00
329,38,82,41,34,5419,3314,17670,381,873,Przedni,Kolor 3,FSXKD2W2FVM1WCBBY,2022,6010,35675.00
330,7,84,37,77,2749,5765,21003,218,8587,Tylni,Kolor 19,FBM9USX3PL92J0X68,2022,9476,21824.00
331,48,17,80,58,1462,2473,996,267,1579,Tylni,Kolor 26,JCWDTFR0VPZEJTT9E,2019,10131,16416.00
332,20,36,65,45,8843,1425,16221,133,8920,4x4/AWD,Kolor 15,2K0XJ1V8G0145YND1,2024,580,33261.00
333,37,5,12,91,5918,9307,1325,89,5093,Przedni,Kolor 4,KRV75ANCNNU09Y09E,2020,2533,35157.00
334,100,78,8,42,6651,6562,27360,446,4999,Tylni,Kolor 18,EARP83JC7M05DGXG9,2021,7748,24849.00
335,14,7,87,84,4122,4218,18217,191,6307,Przedni,Kolor 2,C3UF1SYTVFX5CBHW9,2018,8442,33535.00
336,46,95,7,14,9276,8114,2175,382,3933,Przedni,Kolor 30,RAEBH7WR7V7SXBC0A,2018,3250,34860.00
337,55,79,55,60,5006,5725,16530,493,1977,4x4/AWD,Kolor 10,WBGXBT41AK4CJ6HEC,2023,5554,17732.00
338,43,93,13,97,1718,9560,22518,286,5290,Przedni,Kolor 20,4V5U5J4A46FGT01VY,2023,15995,32105.00
339,25,72,59,19,2794,4714,18629,441,7526,Przedni,Kolor 32,87PB9H4LNGUXS75TW,2018,14583,22287.00
340,55,34,50,45,8839,9180,28058,75,8533,Przedni,Kolor 14,SN77MU8AHSSASV99U,2023,14178,26345.00
341,78,37,64,55,4396,4833,9581,239,2029,4x4/AWD,Kolor 6,F9G31FGLT8M2KFKLX,2018,3843,19342.00
342,34,15,70,48,8487,1985,22820,280,6414,Przedni,Kolor 25,M0W13JVASDBVWC5YL,2021,5086,28919.00
343,47,30,79,30,9274,9795,16390,469,5334,4x4/AWD,Kolor 8,3WNA5XZLCMBHJ75JV,2021,1531,23018.00
344,34,28,80,90,7185,5271,30136,387,5921,Przedni,Kolor 6,S928K8P71R73MBB84,2022,4883,18258.00
345,8,79,1,30,3403,998,20682,322,9868,Przedni,Kolor 8,SJSYTS6W07KBDRE0N,2023,19054,25032.00
346,68,7,22,94,887,912,2713,19,3448,4x4/AWD,Kolor 17,8SX25M4FCXT3R8ZGA,2022,6023,37375.00
347,12,75,24,68,3308,5238,19943,340,9022,Przedni,Kolor 2,GZUBUAA41K55F1ZSS,2024,3093,26737.00
348,47,55,48,51,5263,6269,11849,461,9374,4x4/AWD,Kolor 8,DN6W0KTTBC4YBVU5G,2024,6612,10357.00
349,51,47,52,3,5599,7667,29964,131,4702,Tylni,Kolor 22,WRJ3TW0Z7EL60YMJM,2019,11070,31157.00
350,100,74,45,57,2433,7270,9736,98,4324,Tylni,Kolor 2,R73M53DP42C8A1A1K,2020,3124,11773.00
351,60,42,49,64,4585,6728,8878,376,9993,Tylni,Kolor 32,W1KV4F4UDE07DDGEC,2021,12225,19685.00
352,68,76,82,56,7286,1081,20974,432,2362,Przedni,Kolor 27,MCEJKK82YVZ54RTJX,2024,2231,6284.00
353,47,38,7,74,1047,1692,11680,117,3988,Przedni,Kolor 8,JE80XY5ET9RPPGCB6,2019,4399,27004.00
354,64,15,14,64,6443,4647,10772,251,3087,4x4/AWD,Kolor 23,42VXUWUL31ZXJ9T03,2019,3291,20374.00
355,84,72,92,93,9833,2715,30405,149,3284,Przedni,Kolor 1,Z6D8STU72V9W69SRX,2020,19342,6214.00
356,25,81,67,24,6417,9056,29575,84,1236,4x4/AWD,Kolor 24,J8ZYHBTF99RRDDM95,2021,13135,10884.00
357,8,35,66,55,5413,2338,7172,475,8180,4x4/AWD,Kolor 5,H3T6Y73LRCM3FRC66,2021,12075,34090.00
358,77,64,44,77,9692,423,13308,343,2773,Przedni,Kolor 11,YDSSWENJUYXVSBK3F,2021,15856,11974.00
359,52,85,46,21,9270,6122,4823,358,2967,4x4/AWD,Kolor 6,VBCTPM3P83KKBZXDG,2021,12750,25323.00
360,56,16,4,92,4883,1679,6526,478,4392,Tylni,Kolor 24,TN13JR7LVVUH5WBKA,2020,11505,5069.00
361,64,23,61,31,4501,7585,10746,409,6837,Przedni,Kolor 3,AB3VEJH18CXGTKZVH,2021,10368,30058.00
362,94,38,89,74,959,7755,6025,322,2957,Przedni,Kolor 23,FKKPFKG7S6449V0J0,2023,13464,22342.00
363,79,12,26,73,2718,5720,25389,432,880,Przedni,Kolor 19,0GRP1F08JFAM5FAL0,2021,14150,28769.00
364,35,50,37,28,1634,1077,30035,385,2058,4x4/AWD,Kolor 29,6AMVPLCHTTPA1P24V,2018,16594,7784.00
365,63,93,84,23,1724,7446,3335,398,1229,Przedni,Kolor 27,WK5DV03J1AMDM7J6J,2023,13540,26499.00
366,96,52,24,85,2310,7597,310,194,6899,Tylni,Kolor 26,WT8AKEY6BY3GXLLGN,2022,14478,20797.00
367,87,44,79,56,6821,5258,21065,44,1664,4x4/AWD,Kolor 8,J9TH1G08GYWL4Y7F9,2021,18989,29318.00
368,8,88,21,59,5245,5058,9066,6,9105,4x4/AWD,Kolor 31,60XTWAUWHRHLGXM8F,2023,9205,23340.00
369,96,54,15,87,2567,2206,26417,457,7721,4x4/AWD,Kolor 11,8ZPD0XFJ2VL1CJTJD,2020,3625,29329.00
370,21,77,93,25,8665,6368,11935,116,7365,4x4/AWD,Kolor 7,B67KDXED8A6ZGHN5M,2019,9684,22570.00
371,38,96,81,21,8414,6082,26306,462,3370,4x4/AWD,Kolor 32,AC2GJBBBLS9WLPV0Z,2022,8677,26600.00
372,3,12,19,49,9006,303,7955,8,2535,4x4/AWD,Kolor 25,ZMHWSJN8R2DB4AFCS,2020,11127,16474.00
373,30,63,59,55,3540,5301,8440,10,1372,Przedni,Kolor 16,F8B9HVHM3W9VKRYDA,2023,2789,19973.00
374,87,51,79,83,1350,2005,2351,331,3729,Tylni,Kolor 20,F916HH5JHC5A705E0,2024,4861,27663.00
375,44,29,74,5,6315,6606,24673,484,9721,Przedni,Kolor 9,P0RYKJBRMC23S19FP,2024,6563,20826.00
376,22,99,15,84,9549,8352,22234,196,7903,4x4/AWD,Kolor 19,XENATC05CW9AGP5WF,2022,15618,8291.00
377,28,82,73,23,1830,686,22676,94,9115,Przedni,Kolor 2,33LBRGV1WCB4K4S05,2018,1531,13665.00
378,41,100,36,16,4800,4908,12036,137,1565,Tylni,Kolor 1,5JATR47149T7SL267,2021,7517,18657.00
379,39,13,61,85,7622,161,20603,281,816,Tylni,Kolor 5,ZJMFFGR6A6VCMYEFK,2024,1274,15063.00
380,81,77,90,84,6131,9831,3343,412,1430,Tylni,Kolor 17,4R2M4839UNHYCUABP,2020,17387,9464.00
381,38,90,73,5,2295,9695,623,192,7032,4x4/AWD,Kolor 18,CMPFGHP3HTMXLX1DY,2021,2639,5422.00
382,47,14,60,89,1907,543,13860,195,9848,Tylni,Kolor 6,LDSXX0HFUNR8DNJEN,2018,11047,36910.00
383,93,82,98,96,6143,9234,27023,355,1752,4x4/AWD,Kolor 1,65XTWYTN5H8J1KTND,2018,3364,21402.00
384,31,73,99,67,4919,1754,28823,322,8317,4x4/AWD,Kolor 29,FL940TJ54JBXB5CF7,2018,5613,14929.00
385,85,47,19,56,5435,5552,5860,407,6910,Tylni,Kolor 2,VBE8N162ARAER964V,2023,7338,23872.00
386,3,56,79,32,6310,5723,13797,169,8928,4x4/AWD,Kolor 1,8GG15CH9A308PXRDK,2023,8046,12559.00
387,61,76,54,20,2651,3155,547,251,1013,4x4/AWD,Kolor 19,AZVGW1DARF732356C,2024,4403,37244.00
388,72,94,94,81,1568,9944,6643,199,70,4x4/AWD,Kolor 17,TU9LLAW3ES36UNE8D,2022,3788,5824.00
389,93,100,84,47,8750,4805,26936,165,1404,Przedni,Kolor 4,0DFG6UVG82368MVAA,2023,8648,5165.00
390,17,52,32,36,9476,1969,25239,173,2708,4x4/AWD,Kolor 30,EJNP9UN0LRJ35FMGE,2019,10271,23118.00
391,24,12,49,39,2449,1539,1754,195,5818,Przedni,Kolor 25,8UCLLNJE80WBGVLMJ,2018,12125,7054.00
392,20,46,74,82,6220,9527,22672,388,2703,Przedni,Kolor 9,DE6RGU72Z7470PEB3,2023,7139,19063.00
393,36,14,65,35,1284,8936,983,130,2197,4x4/AWD,Kolor 21,9JXCBMDT0WFHHEGJ0,2018,3947,34826.00
394,52,87,75,92,453,1964,18294,8,7916,Tylni,Kolor 9,MVR760MZNPBKJYJE9,2022,2716,33498.00
395,73,66,67,15,8245,5798,22489,267,9646,4x4/AWD,Kolor 15,499JVA06TK968HVEA,2018,6916,30714.00
396,91,66,34,89,8253,9762,31824,104,316,Tylni,Kolor 7,E7WY8B9R3JNNZ5KXC,2018,11630,33688.00
397,81,85,27,65,3550,2219,9682,157,2791,4x4/AWD,Kolor 26,S7JHYP9N0AFDHW1W1,2021,19387,14438.00
398,100,52,65,63,6980,3410,27342,430,326,Przedni,Kolor 17,99HFM4GAWU4ARASKD,2021,8053,21610.00
399,10,85,4,66,6580,1923,19802,300,4670,Tylni,Kolor 17,DXGEP39S16GRDZB3L,2018,11142,14614.00
400,66,99,99,8,5985,3185,1880,251,4409,Przedni,Kolor 8,YL8Z8K4TD6ULNLWK0,2018,2335,29308.00
401,33,98,38,6,1780,5485,15767,122,6938,Tylni,Kolor 28,2J62PG1FXYEX1J8LX,2023,10075,21898.00
402,83,60,86,3,9861,9872,26734,153,6371,Tylni,Kolor 30,3AKY1VPD3PGGHY58N,2022,6318,33903.00
403,85,16,27,87,1584,8559,24463,438,9861,Tylni,Kolor 18,059USRZSLKYY6HSE1,2021,2567,9672.00
404,63,11,77,21,7598,8121,29722,211,6623,Przedni,Kolor 6,94X9NKMSH4S8SAU7E,2022,698,31303.00
405,94,37,59,51,7848,7595,31986,169,508,4x4/AWD,Kolor 32,4Y4ECBB6C2XYX2N5B,2020,12948,28913.00
406,6,53,31,36,1033,5041,20049,68,1857,Tylni,Kolor 21,4RMC6AF1N0NHU6N54,2022,14188,26430.00
407,82,28,28,72,8945,5882,11707,117,873,Tylni,Kolor 28,Z4RXK1TGM9DSYGZ1M,2022,1211,6432.00
408,16,50,80,97,7815,9622,31652,381,3588,Tylni,Kolor 13,VNCBD2A5H94DUVGZ8,2022,1458,6571.00
409,46,15,46,48,7442,442,25154,257,6714,4x4/AWD,Kolor 10,GYZT1VPNL8XA6M9RN,2023,11130,15109.00
410,41,10,13,39,6573,7088,18314,465,4363,4x4/AWD,Kolor 9,7C8F6LAX722SN71WH,2019,1086,18813.00
411,10,36,55,2,6843,4840,24717,125,5704,Przedni,Kolor 8,H3A3KB2TJFA1X292W,2021,8152,5425.00
412,65,34,93,2,1112,2789,2089,290,5593,Tylni,Kolor 3,YJ3SAWTSL29VTH9AV,2024,11946,14331.00
413,26,50,53,65,989,6323,21247,64,6801,Tylni,Kolor 19,KDTNXHW6A7G2ZRTWN,2023,12643,27162.00
414,19,54,53,95,3347,2014,24943,65,575,Tylni,Kolor 6,V35UGTW9YL49GTVZJ,2020,9843,23500.00
415,64,43,84,53,8486,9329,9151,61,7939,Tylni,Kolor 32,MPSDLR79MES4GP4UA,2023,9434,17714.00
416,42,52,33,54,6616,9718,16334,133,5407,4x4/AWD,Kolor 18,7PJMAPZR9LWA3R5MX,2024,2823,17010.00
417,96,72,34,15,2073,1374,9067,146,9045,4x4/AWD,Kolor 8,T19RZ894P0YHY21XR,2018,9099,9902.00
418,98,60,70,34,9113,6965,30471,10,1759,Tylni,Kolor 25,KFANHBTVL9C9CM939,2020,12347,15542.00
419,63,9,97,20,7851,6124,13038,214,953,4x4/AWD,Kolor 19,VVJ191MMP7BVFGT21,2020,3606,27348.00
420,50,57,69,85,6517,1234,21433,47,9002,Tylni,Kolor 25,9BZ0VH8YLE2LK7PWZ,2018,4688,17859.00
421,88,57,36,88,3152,7299,10133,332,2017,Przedni,Kolor 5,PZ7VG0T6NR9UKBDUU,2021,9568,6368.00
422,3,86,91,44,1757,6254,3767,87,3708,4x4/AWD,Kolor 3,WBZFRBDJMJ6ZDGNUJ,2018,4089,27865.00
423,81,69,71,68,4319,3255,13754,408,3639,Przedni,Kolor 24,PGL6LAVMBDJAV8CND,2022,2213,29412.00
424,82,97,90,3,3597,201,32599,45,4042,4x4/AWD,Kolor 19,XMLKNSN2ZN4WHP733,2024,2578,28643.00
425,74,8,73,66,2875,1678,10645,95,1569,4x4/AWD,Kolor 17,6XL7LNE9PA4D5GVE7,2018,12692,29488.00
426,84,93,9,5,8124,1231,13867,111,2030,Tylni,Kolor 30,84Z14AHT1B68N417J,2021,8041,14676.00
427,46,66,45,56,837,2299,26399,75,3518,4x4/AWD,Kolor 7,KLS2E5LSG9ATMCX16,2019,5576,11556.00
428,53,10,98,87,960,9727,25580,390,8774,Tylni,Kolor 6,XA7LRB0N3MNU02RXN,2022,5775,9748.00
429,24,24,38,40,4633,2946,24837,296,9180,Przedni,Kolor 28,STLN0898ZC1BPC3YT,2019,4163,5752.00
430,30,44,80,44,4299,2121,10369,10,6375,4x4/AWD,Kolor 15,P2F813FUE9LWTM1H5,2023,4086,26735.00
431,51,80,53,69,2742,8639,17429,499,405,4x4/AWD,Kolor 20,06WWFTTWLVLWZ05W1,2018,8320,25444.00
432,61,48,95,91,2999,7672,11359,266,5243,Tylni,Kolor 15,69TK92SRTAY8ML8FB,2021,709,6965.00
433,39,74,63,3,8265,4337,18365,285,2390,4x4/AWD,Kolor 22,EMZBUXB6D0HWU8K9M,2020,514,11050.00
434,13,27,84,96,2695,1425,19131,485,154,Przedni,Kolor 14,XG2WKH97S120S7CC9,2018,15326,13456.00
435,12,100,28,38,8058,2234,15717,95,5856,Przedni,Kolor 14,5MXKY8XZ2KP3HMHSR,2024,1236,19431.00
436,66,83,11,73,5326,609,9541,294,3732,Przedni,Kolor 13,TF151ZXESS14YUG8D,2024,7744,37447.00
437,92,66,20,51,9448,7785,26577,373,9044,4x4/AWD,Kolor 17,R8SSJUX1WLU504M33,2024,5898,19401.00
438,77,74,39,65,8432,9165,19045,344,4086,4x4/AWD,Kolor 19,W9GUW41P2CK74MRX7,2020,3199,24923.00
439,20,77,88,59,5363,2062,10445,85,4064,4x4/AWD,Kolor 22,RLBWTWNFB94XFN6KG,2022,9017,37619.00
440,13,34,33,76,2516,353,13613,5,9594,Przedni,Kolor 12,FRKTXJLUGUWW1JXK3,2021,17312,14657.00
441,26,99,60,23,6181,1473,32462,89,2609,Przedni,Kolor 25,2ELTU6DDZ77ZFF5CJ,2021,3235,7340.00
442,43,14,65,54,1428,7425,27267,417,8633,Przedni,Kolor 2,VLHT6XK6XBAJM0ZBY,2018,8291,30506.00
443,72,42,31,25,8722,1665,27990,301,4174,Tylni,Kolor 3,ZKD9UKVYA6T6ZT2CR,2020,4520,30648.00
444,7,82,75,75,3938,9584,24877,330,2767,Przedni,Kolor 20,SE01Z3NMGNW5XL7BR,2018,15117,18455.00
445,34,44,16,46,1099,1108,4659,208,2240,4x4/AWD,Kolor 18,4LNX2J85NEPRW5MNV,2020,11956,27888.00
446,80,12,48,41,5000,8747,19136,290,7633,4x4/AWD,Kolor 25,KMRPSNGTJH5D6A89V,2019,4917,28847.00
447,10,58,87,4,2186,6047,9972,238,3058,Tylni,Kolor 22,AVB009V2BB2BAXH7R,2021,9310,14437.00
448,62,1,16,94,7156,6917,18860,422,503,Tylni,Kolor 18,HSHXKMKD4JVGND1BR,2022,6776,20487.00
449,74,33,31,51,9040,5678,20781,239,2099,Tylni,Kolor 19,BCVXEL48X62A8093G,2018,7723,15549.00
450,29,73,64,75,8655,475,13524,59,2965,4x4/AWD,Kolor 24,E5MVE4JK8RHJZ3E21,2019,1691,26342.00
451,15,30,75,1,4220,5357,15709,243,4265,4x4/AWD,Kolor 25,BLYK2AMVMYZVRXZ5B,2024,16435,18823.00
452,88,33,4,6,4294,5638,19312,492,5943,4x4/AWD,Kolor 6,7WCT5YLPAF4KRD19J,2022,3511,26405.00
453,51,5,93,9,8838,2678,24469,12,379,Przedni,Kolor 2,KVM6K0TEJPPY8BBAH,2023,650,17596.00
454,52,24,65,10,8421,1143,15412,170,8245,Przedni,Kolor 17,1BN3U0D5PK2M1FGBG,2019,19157,34623.00
455,42,41,32,62,7926,1168,10797,306,7510,Przedni,Kolor 29,H5EA7ND8D9ELYDFJ8,2021,18399,5284.00
456,11,43,5,67,1676,2588,12522,39,4577,4x4/AWD,Kolor 13,5K9MSJ9254W5LYCAS,2020,18426,7209.00
457,14,64,77,12,4054,4988,26157,71,2992,Przedni,Kolor 16,GLCB114U0AS8ZJGTT,2023,10802,23254.00
458,10,77,8,32,9225,1598,15359,395,1389,Tylni,Kolor 17,Y5WCCYCKSZNXXC1WY,2024,8982,24587.00
459,47,80,93,7,7667,2111,27193,445,5063,4x4/AWD,Kolor 19,HS250914YZKS5A9X0,2024,5641,14870.00
460,5,65,12,4,6663,2069,8127,43,9695,4x4/AWD,Kolor 16,29F0CSU7VZT3S5WP3,2018,6896,24182.00
461,32,100,8,86,3333,7428,1048,306,4692,4x4/AWD,Kolor 22,NEF9G56MLASXRMHW2,2020,2132,20528.00
462,29,29,72,93,9892,1434,32551,443,672,Przedni,Kolor 14,AM28VYNUER72ECTYJ,2020,16072,20261.00
463,19,76,27,14,5403,9044,22066,123,5563,Przedni,Kolor 11,LB9UD7CW7JAL3WPF5,2020,15924,37419.00
464,72,32,87,98,2638,3390,11928,15,9951,Przedni,Kolor 14,T4SMP6US81JCPN65G,2018,1025,18029.00
465,32,91,78,92,3611,3026,32153,119,4723,Przedni,Kolor 16,4D7J4UBHS1WN9S2R1,2023,8179,9318.00
466,15,83,86,11,2916,6651,7901,128,1939,4x4/AWD,Kolor 18,NT7LHCHAKV2E3J945,2023,16572,7908.00
467,94,68,34,66,6897,7257,24188,185,978,4x4/AWD,Kolor 11,8A5P6FB8VN9WF14X7,2020,9733,27004.00
468,64,9,93,100,7544,7984,20269,375,7823,Przedni,Kolor 6,TMZ11S25MDW0MMG4C,2019,19363,27122.00
469,48,79,94,43,9412,6583,17423,111,862,Tylni,Kolor 24,SBL0UX7YBFWNY5SC0,2022,16158,10758.00
470,83,38,78,65,9183,9265,25409,17,2073,4x4/AWD,Kolor 7,X8JCYVVJJRLSXMYLJ,2022,7151,7487.00
471,34,66,43,76,699,1569,26191,91,7878,4x4/AWD,Kolor 18,SPKNKX5XL9A8ZXF32,2021,4438,13453.00
472,48,45,57,71,2443,1513,30863,253,7177,Tylni,Kolor 8,FDNB0LEJVEGGK3EGF,2021,7776,10557.00
473,48,34,97,70,2727,4316,13104,81,4631,4x4/AWD,Kolor 6,SL7VG179M41BS03FS,2019,10862,30798.00
474,7,76,83,37,4653,1866,12873,71,8686,4x4/AWD,Kolor 4,YCCH96DMUVSEY51ML,2021,1127,14657.00
475,69,74,29,38,3257,326,14862,261,6408,4x4/AWD,Kolor 14,UL7NVWXWUNBHRCTGU,2024,7840,13988.00
476,2,70,63,25,217,2430,15796,5,7649,Tylni,Kolor 30,FAS34LGFG412R0H45,2019,3337,8165.00
477,84,12,19,94,9924,2253,8067,378,4783,Tylni,Kolor 6,03NXSYCUVAEBSFD7V,2021,7162,17960.00
478,27,7,60,87,4332,4621,22768,232,2215,4x4/AWD,Kolor 24,VT2D0L2LKFK8HYD47,2020,12323,29358.00
479,10,21,22,41,7509,402,23782,73,462,Przedni,Kolor 26,GT04EDW1Y8USHVYXB,2022,2149,22509.00
480,27,29,12,67,7874,3920,15431,401,2350,Tylni,Kolor 21,D2C459VK2X9WER4TZ,2022,3483,9768.00
481,99,91,71,97,1441,8776,4642,3,126,Przedni,Kolor 26,6WC1WA0EH171V9YFC,2020,9507,35429.00
482,88,57,16,34,9867,9863,15010,63,8680,Tylni,Kolor 22,9K9P99R3T9GFU28SB,2018,8613,10229.00
483,8,20,66,73,1095,4657,10666,369,731,4x4/AWD,Kolor 28,VF68CCMWRW6KCSCE7,2023,13501,9933.00
484,65,51,27,66,2573,1949,4016,401,3670,Tylni,Kolor 17,Y2CC4MJE7G1C5NZNX,2022,12309,36479.00
485,76,5,19,22,1145,3974,19887,109,8354,Tylni,Kolor 18,UAWW7U0YLHH1SR3ED,2021,12351,32055.00
486,49,20,92,69,3328,2387,13029,92,4390,Tylni,Kolor 32,GFR7KKZTL8LK43GF0,2021,11369,36439.00
487,3,12,52,30,3245,8229,748,409,6287,Tylni,Kolor 30,2JFUH95VFFTGUTT6H,2023,19747,16517.00
488,46,71,39,62,3379,6968,13408,416,3421,Tylni,Kolor 17,JJW8CR8CCFDXBZ459,2019,10511,35681.00
489,15,83,22,29,6636,7994,30870,44,1324,Przedni,Kolor 9,JGJNMAH7E494KFDG7,2021,734,22259.00
490,98,74,67,66,1843,1679,13643,285,2992,4x4/AWD,Kolor 24,UGJGZRKU6CEGC3CWN,2019,1052,24663.00
491,15,60,31,53,5387,490,3677,496,3777,Przedni,Kolor 11,LD09SRUJ7PX1MMZMR,2021,2688,7434.00
492,90,12,16,70,2438,2891,1889,439,7440,Przedni,Kolor 31,E8X41VWHGXMPKAEZ4,2023,8935,26965.00
493,45,33,53,58,7597,2569,2179,475,3431,Tylni,Kolor 2,PKM7LN84TZF92A34A,2022,12196,26631.00
494,77,43,70,29,3063,2476,30615,245,9976,Tylni,Kolor 3,1YMHG0TD7SP5C2ZN1,2020,2623,36452.00
495,34,20,94,36,7762,8764,14184,31,1850,Tylni,Kolor 12,FD7A2DNKZPZGK0P8S,2020,8566,31266.00
496,56,61,93,63,8455,4907,19996,154,3214,4x4/AWD,Kolor 28,9EBEDZ0S1G42C2PM6,2023,9674,35133.00
497,88,64,80,59,5386,5145,19237,118,6938,4x4/AWD,Kolor 2,WS3YLXJR3KJW5GCCA,2018,10728,26168.00
498,73,46,1,68,6343,4374,12845,259,2471,Przedni,Kolor 31,N197451LEDHU8J5SC,2024,4192,32195.00
499,64,24,47,70,7709,6614,29964,449,707,4x4/AWD,Kolor 3,636RKTM1FC5MZGTV5,2021,11471,25025.00
500,38,28,75,52,7010,2076,29291,304,6647,Tylni,Kolor 9,SZA5H0P1DY8KFRRT6,2022,15962,18144.00
501,64,32,26,31,106,9342,10276,201,8576,4x4/AWD,Kolor 15,2GG6PVCGJSG3P5VYR,2021,10120,35615.00
502,40,5,45,81,8140,885,17085,297,4768,Przedni,Kolor 8,86ZC1AEJURUZDCL24,2019,8118,8641.00
503,77,74,49,2,9776,7277,3833,437,1442,Przedni,Kolor 7,0KP8TF6TG58KW2376,2019,9448,34724.00
504,2,94,3,68,4647,5463,24289,429,7769,4x4/AWD,Kolor 26,3LV0FJJGY2W846DA6,2020,7146,14263.00
505,47,87,91,8,3264,4994,30814,440,197,4x4/AWD,Kolor 9,83L8R0VSZNBAZNE15,2019,16978,24548.00
506,77,7,63,73,4370,9554,15665,199,9748,4x4/AWD,Kolor 6,TLVDWT9F08E9M5ML6,2018,16927,31513.00
507,6,60,13,98,7584,8877,24045,16,1216,4x4/AWD,Kolor 1,1YYMETCYSHS8Y0JJC,2024,10106,31277.00
508,75,42,1,93,200,6857,10071,487,3191,4x4/AWD,Kolor 23,7KW9E4W0VL2MWEEG6,2021,8056,28155.00
509,2,53,41,72,1588,5364,3688,467,2900,Przedni,Kolor 7,JUPNJUXZEWAPVMTUB,2022,9484,21051.00
510,86,26,97,83,8022,6942,14038,63,1111,Przedni,Kolor 27,JH09UF1CTP8WW5M82,2019,13237,18850.00
511,61,97,11,47,7176,2628,17231,359,5742,Tylni,Kolor 6,DGJAPCCYY034NK1JW,2021,10793,25216.00
512,44,79,54,89,1127,3758,27065,366,2635,4x4/AWD,Kolor 20,UR7RJZJK6A69YR4UP,2023,14185,11246.00
513,9,82,20,19,7594,9235,19523,236,5071,4x4/AWD,Kolor 22,XRZAHLM52XZR4CJ6K,2020,14540,28318.00
514,84,92,88,36,2217,1935,22473,430,4258,4x4/AWD,Kolor 10,6ETDAPKNAN1M0U25Y,2022,3316,31803.00
515,54,69,64,59,1121,6189,21515,345,2601,Przedni,Kolor 22,417Z6K8NNLW3WASX3,2024,5487,20446.00
516,58,61,50,75,6432,3965,4881,380,2142,4x4/AWD,Kolor 18,240WWSHE9P047FUR0,2019,5379,13159.00
517,60,4,75,87,3295,8858,25180,127,9310,4x4/AWD,Kolor 13,ULLSPYE9UXDWHA3JS,2024,6998,23499.00
518,8,36,61,53,2325,9788,32419,100,281,Przedni,Kolor 10,UWDXBSZG0BAYZYVHJ,2018,1745,11001.00
519,41,35,90,42,4415,9998,29358,340,9371,4x4/AWD,Kolor 20,R9KU150NFR0A1H5YJ,2020,7305,19008.00
520,4,42,76,40,2650,550,29907,237,1558,4x4/AWD,Kolor 22,9X72HE609NFAYU2KF,2024,6061,7587.00
521,23,73,23,65,8407,847,5064,213,2075,Tylni,Kolor 20,EZE0V72K8TN0XC3LJ,2023,11505,29568.00
522,96,14,52,17,4135,2219,615,132,5822,Tylni,Kolor 11,BCTNRNUF3ZNX3VW5L,2020,6803,10129.00
523,86,41,63,89,2259,2756,21700,330,8853,Tylni,Kolor 6,4K2MZHPERS49YE90U,2021,3426,10294.00
524,8,90,25,70,1707,2681,22122,117,9088,Tylni,Kolor 9,NY8N5S867D3HEAKUA,2023,6380,26441.00
525,74,100,53,91,8787,9912,7103,263,5468,Tylni,Kolor 23,6REP8LJVTKLZSPL09,2020,12365,5236.00
526,86,30,93,72,5100,8729,24233,474,8343,Przedni,Kolor 9,P0GRUJXT3D20R5BE3,2018,1944,28675.00
527,26,58,58,32,1006,9869,12145,253,1513,Tylni,Kolor 16,TALHKU4LZN6CT1U5H,2019,10079,25600.00
528,77,22,92,88,6082,3720,28418,387,8191,Przedni,Kolor 16,VCKHF3BA0S6NAMZPP,2020,9975,7357.00
529,73,14,80,83,8183,9774,4185,388,1619,Przedni,Kolor 4,05UPJ51E7WK4LVU5G,2020,5145,35223.00
530,19,28,44,96,1624,7689,22018,285,8940,Przedni,Kolor 16,MY4VPTKNHSX5VY94G,2020,8293,36743.00
531,88,16,56,59,647,6120,1869,455,8524,Przedni,Kolor 12,G7RU8KJYUFM64T2ST,2018,4397,27628.00
532,88,77,25,99,1123,2495,29590,437,8981,Tylni,Kolor 15,8HTL4U5JGUJAL52JX,2020,4029,21161.00
533,67,36,59,67,80,8822,24198,261,3539,Tylni,Kolor 13,R5WUDGC8NRGE0RYU8,2019,18818,8844.00
534,96,35,28,63,3842,4688,22194,436,2261,Przedni,Kolor 15,YU1R7W2TJ6986SN64,2023,18828,14778.00
535,12,21,98,31,8810,6809,24451,67,2732,4x4/AWD,Kolor 12,8A7SS4HLXKHW09B8R,2023,16936,10737.00
536,26,30,57,24,9967,7026,9531,457,9137,4x4/AWD,Kolor 24,E2B0B59JKNWEF6LEY,2020,8345,22215.00
537,76,39,81,88,2712,6092,15186,360,7379,Przedni,Kolor 26,27M9JXMR342T25VGA,2020,18343,22885.00
538,9,45,43,25,4297,2208,11670,499,4562,4x4/AWD,Kolor 1,11K9DGUEYXX1RN6FK,2022,10690,11275.00
539,18,8,31,33,5558,2672,17451,67,2637,Przedni,Kolor 19,2XF6CPPLDTMCKTXZ2,2018,8909,16011.00
540,1,68,49,75,1542,1704,2988,220,6136,Tylni,Kolor 25,796N9BBGWUKPLT5P0,2024,14034,17651.00
541,85,20,94,24,3633,6225,9817,164,3800,Przedni,Kolor 14,9W6MUTL48DH17BNU4,2022,2020,8608.00
542,87,30,24,83,9199,2596,21323,33,1179,4x4/AWD,Kolor 25,G3G6APBPZT6Y46ZES,2020,1185,8546.00
543,29,15,8,94,5310,1100,27621,332,570,Przedni,Kolor 16,9WVF6S363J49XHAG3,2023,14528,10968.00
544,97,48,68,47,4768,855,18457,196,2151,Tylni,Kolor 5,914BDKYC59HM0005K,2020,17047,27759.00
545,26,81,28,78,78,9415,22919,188,1229,Przedni,Kolor 29,VUWWR2C6SYWEVT4Z0,2024,16700,15457.00
546,7,16,13,83,3538,539,24482,229,5961,Tylni,Kolor 13,J7C3SFC278MHRR6S3,2021,1340,25617.00
547,1,54,85,85,1961,2186,27833,482,747,Przedni,Kolor 29,F8T7TAAEP6R4SUDYZ,2019,8671,26098.00
548,63,86,97,63,8359,7105,11307,499,6184,Przedni,Kolor 2,6S09DDX7DTNP19WBX,2023,15866,12663.00
549,39,43,15,52,865,5179,16915,366,5350,Przedni,Kolor 12,BBY07K4WHPHMHFT59,2019,9863,11760.00
550,46,70,23,22,2175,2104,28485,183,9653,4x4/AWD,Kolor 4,D40WWXZBETWDFBA0P,2021,7488,18943.00
551,7,24,39,90,8032,5091,16429,364,5010,Przedni,Kolor 23,XU0GZPFMETUNPX30P,2021,4104,6541.00
552,73,66,33,60,7222,3005,346,253,1843,Przedni,Kolor 20,43XY65ZT5SVTV26FS,2023,1995,22279.00
553,100,81,13,8,1418,5796,24252,458,342,Tylni,Kolor 10,08D36NWHGTVN5FNUW,2019,384,12404.00
554,4,3,3,68,2617,9306,1962,484,5313,Przedni,Kolor 3,CZ58K5S4L0F12GPAW,2019,11988,10001.00
555,24,41,80,80,1558,5365,4774,343,6410,Przedni,Kolor 30,RTK1WHRCGWMSYSXV9,2023,16331,33235.00
556,84,3,77,43,6362,1399,11378,390,5512,4x4/AWD,Kolor 8,LJF8ZUYXFXH9X1GHE,2024,7031,23786.00
557,32,68,49,7,2325,1178,8003,390,2381,Przedni,Kolor 13,VKFF7HDX2C3YUVWS0,2024,3591,16367.00
558,100,65,18,3,3741,487,17719,40,8197,4x4/AWD,Kolor 21,5A624GX48TE30R423,2018,15656,33242.00
559,73,69,59,21,4958,881,6659,426,1185,Przedni,Kolor 14,WYHVJBV3FS05J3EX7,2024,15211,11390.00
560,34,12,28,42,3885,2716,6497,73,1612,4x4/AWD,Kolor 4,86FR2KATNY2W8PWZ3,2021,9411,24070.00
561,97,5,62,76,9806,4248,8491,319,4773,Przedni,Kolor 15,RUKVGHANRU4UXK7FC,2023,9437,7035.00
562,2,23,36,74,3007,2893,24500,238,7756,Przedni,Kolor 27,PU7PDK3JGTGKHW4BC,2021,6015,5765.00
563,57,81,4,12,9179,7190,28534,222,6532,Tylni,Kolor 31,4FHVC24PG6T5YJS1V,2019,17591,37686.00
564,9,19,96,62,1927,9392,6981,368,9089,Tylni,Kolor 14,1LU70BWEH0MF2U7VN,2018,17830,6885.00
565,60,92,26,55,7468,9654,26031,77,5839,Tylni,Kolor 10,7ZNV2ECM5WD4A2XST,2023,3458,22470.00
566,67,95,2,82,6809,924,20728,229,7470,Przedni,Kolor 20,UB6WZYLA6A8G8HPYB,2020,17127,29698.00
567,15,87,54,83,6482,8701,10404,334,1964,4x4/AWD,Kolor 26,HWZGC1LN06Z8R543M,2023,9007,19756.00
568,45,19,34,31,7499,5187,11445,345,7529,Przedni,Kolor 27,ZU5WMUAJFA6RLZ9Y3,2024,12291,7301.00
569,80,41,20,96,4726,2913,23811,444,3833,Tylni,Kolor 18,EX636SDEYA7PC9PHL,2019,12742,24266.00
570,11,44,100,65,8220,9213,10702,137,4015,4x4/AWD,Kolor 13,S3WXZ7YVGZDL3VDZ7,2024,18925,16238.00
571,97,74,82,14,5407,5430,11263,205,8872,Przedni,Kolor 29,Y5HXE1LKEYDGJSK57,2021,7439,21494.00
572,53,14,83,18,6541,1892,15437,151,7021,Tylni,Kolor 27,XU19L1B93ZPUZYT4Z,2019,12110,7011.00
573,28,60,51,41,422,9725,25294,292,659,4x4/AWD,Kolor 18,YK3PN78XF5PZMXXEF,2021,3574,30927.00
574,88,47,29,26,2971,9128,24871,172,4873,4x4/AWD,Kolor 10,E3MLXURCRMKKH20GL,2019,2051,27079.00
575,100,1,6,16,2960,7249,31841,331,2699,Tylni,Kolor 17,GT8FSRLRZGHAXE1NU,2022,1860,6059.00
576,44,70,19,30,3202,7636,29054,465,1865,Tylni,Kolor 1,W9ZZFEPRDJ27FM69Z,2023,14398,5828.00
577,92,36,91,6,213,7165,2022,90,8018,4x4/AWD,Kolor 9,ZKCR681UJSM20A7SA,2018,5355,15013.00
578,98,52,2,26,4494,5493,10628,491,4807,Tylni,Kolor 22,7BU0S1LKBC8RZK8LB,2021,3128,25551.00
579,54,31,99,88,116,3248,30700,349,4039,Tylni,Kolor 10,MLF8BPZEK165JAPWC,2024,12166,24128.00
580,67,31,12,10,2714,1790,5526,103,7803,4x4/AWD,Kolor 23,67AB6N1PU13TBLCLY,2024,4688,18501.00
581,81,53,89,73,1785,2657,17740,494,7315,Przedni,Kolor 6,F6M5SM869YH0SANGU,2020,12556,29980.00
582,76,23,84,33,1623,9377,6308,444,1842,4x4/AWD,Kolor 8,JV59D79DGZ75UEACT,2020,14324,7230.00
583,65,60,64,89,2090,268,17951,420,6458,4x4/AWD,Kolor 30,1L66XP2BE4A6GUX4D,2022,4091,10788.00
584,16,62,92,51,7558,8165,3341,70,77,4x4/AWD,Kolor 2,JDE3K02CVS95JSW79,2024,17696,24485.00
585,67,63,98,75,6463,2272,29800,142,6341,Tylni,Kolor 2,Z3TGKSHZ0ETZP5M3Y,2019,18437,33223.00
586,70,10,69,83,3875,9459,11628,317,8880,Przedni,Kolor 24,94PH3TCUAMAX3A1C3,2019,9396,21550.00
587,22,60,28,2,932,9301,28987,224,3960,4x4/AWD,Kolor 9,UXL0VH83ZAPDLKNBK,2024,1008,9241.00
588,98,48,55,15,4636,5086,3345,306,4144,Przedni,Kolor 19,AV42A7XSWFNFCE6SD,2023,19234,13008.00
589,3,95,45,5,7049,9958,10376,444,4480,Przedni,Kolor 28,NZYG0H0BCTDGVBUGW,2020,11467,35056.00
590,27,30,13,93,8703,1471,22,126,4794,4x4/AWD,Kolor 2,3GE61KBLTE2A6RAC5,2021,12199,5570.00
591,98,61,9,12,4658,2303,26327,129,4201,Przedni,Kolor 32,34CV56UXH3H0BSKTP,2018,6221,17492.00
592,7,77,81,32,9547,7247,31059,426,3146,Przedni,Kolor 15,27T7M1RGA71L85EU0,2019,5157,20014.00
593,33,40,58,86,9560,5232,17813,217,4762,Przedni,Kolor 26,1KLDAAHX3X8CUEWXJ,2021,9869,7389.00
594,20,81,72,86,338,6090,10397,347,9005,4x4/AWD,Kolor 24,CXR185JSC144LNCAC,2022,4937,22808.00
595,91,97,21,54,2841,4074,23488,135,9299,Tylni,Kolor 20,NXYD6FK6H6ESEBW3L,2024,195,14039.00
596,14,10,86,84,1633,6232,5650,423,7794,Tylni,Kolor 32,1E3N1R2M71S5CTVJU,2024,17706,37164.00
597,16,27,26,43,2760,6647,28695,199,2603,Tylni,Kolor 31,3LEGHUG1ST5YX6VKW,2022,2656,17987.00
598,65,55,71,11,6774,3263,10086,51,7845,Przedni,Kolor 14,P40S7JM78G75251AN,2021,13216,9072.00
599,38,20,80,4,8398,705,20246,498,8203,Przedni,Kolor 9,R42U2NTVTFUYYR3CU,2018,9747,14093.00
600,26,36,18,84,130,8625,31335,24,2762,Przedni,Kolor 28,4NAGSDPWP0EZMW0VG,2022,11295,17162.00
601,48,18,39,47,4465,7322,12906,48,2335,4x4/AWD,Kolor 8,CU2T6NHJBYTLE0XE4,2023,11750,24074.00
602,39,77,89,14,8289,9761,23601,364,6517,4x4/AWD,Kolor 32,H1R7X8KHXEY2KY1FU,2022,12403,11419.00
603,99,2,91,86,373,6471,10402,247,2280,Przedni,Kolor 23,7TJ5E00L7U5WRRKTJ,2018,16189,24229.00
604,22,43,27,60,431,116,28369,198,1869,Przedni,Kolor 20,W92R32835VSDHUBMH,2024,900,19429.00
605,5,42,74,37,9735,8160,29504,434,924,Przedni,Kolor 11,S8X623GSGN5LS7BNU,2020,6526,20545.00
606,83,77,24,53,8137,898,22337,52,251,Tylni,Kolor 7,1APHGXH3JBUJNM2BT,2021,5134,22184.00
607,2,17,1,66,869,653,11899,140,7656,Przedni,Kolor 1,CZ8EWNA8BJ4CSL7UW,2019,3275,9138.00
608,47,63,100,30,9094,9612,9218,291,154,4x4/AWD,Kolor 1,GRKYRDX8XSLMB9JEU,2022,18263,32262.00
609,1,41,8,32,5292,6893,6488,353,9972,Tylni,Kolor 18,78PTY1ZNASRDYSZZ0,2019,16434,9314.00
610,78,39,35,22,1344,8116,4296,176,1026,4x4/AWD,Kolor 30,DRPD94Y2XZMXLAYBT,2019,1693,33740.00
611,12,9,61,7,5400,7271,19931,306,2743,Tylni,Kolor 20,XVFV1WP8M0G5UTCAA,2024,12382,33282.00
612,50,38,20,22,1267,4526,28139,40,1104,Tylni,Kolor 11,09AKDT32T6LVH1C2E,2018,6079,7019.00
613,93,55,9,27,7400,2883,30847,243,4781,4x4/AWD,Kolor 19,EYZ91MYGZSRZTL7SG,2018,2395,26313.00
614,77,62,8,33,8627,2301,21144,263,3480,4x4/AWD,Kolor 14,K3EUHMMSFE9UL0Z14,2020,4160,5777.00
615,28,24,98,80,4280,4273,29502,89,5821,Tylni,Kolor 3,L2VE39W0KBPTLGSR5,2024,3192,35773.00
616,70,62,35,41,6203,1254,28420,106,3931,4x4/AWD,Kolor 26,MC9Z2S630R9CSNY8T,2020,11171,33685.00
617,24,17,100,12,7536,6268,25543,115,943,Przedni,Kolor 20,PY0R7M4CDLJHB06UA,2018,12214,20337.00
618,90,83,74,39,92,704,24582,268,387,Przedni,Kolor 1,NF9VZFL45LFF1MAU9,2018,2253,10305.00
619,99,76,5,2,1985,1149,28091,185,4247,4x4/AWD,Kolor 32,591L69XGAHEVXTSNU,2024,2665,23872.00
620,25,15,23,96,7702,5861,24543,185,5135,4x4/AWD,Kolor 2,U43AKBW35KRAMCLC9,2024,4642,13715.00
621,7,62,3,1,1382,2789,261,345,814,Przedni,Kolor 29,WXMBZGN0UDHDFG9BG,2018,18990,16880.00
622,75,7,65,46,3387,7752,10273,461,3454,4x4/AWD,Kolor 6,1KZANDAJM3B4MUJ8H,2020,5135,16787.00
623,66,78,55,73,6551,8319,6565,47,8281,4x4/AWD,Kolor 28,THU641UKFTA61YATU,2020,1823,12346.00
624,81,4,95,40,712,9594,24303,44,9875,4x4/AWD,Kolor 9,DSEBPPV8NTA1CC6CS,2023,16851,37455.00
625,33,27,49,56,1016,2110,14734,369,9528,4x4/AWD,Kolor 30,PXA73V80FE417ARPD,2020,13730,33460.00
626,86,3,57,65,3530,6584,3603,303,4761,Tylni,Kolor 32,G6J48A8ENZEXK1TB5,2024,6907,8598.00
627,71,29,85,12,6192,1083,20068,261,2786,4x4/AWD,Kolor 2,734JVSHGDG7XPKXMX,2020,19722,35335.00
628,14,6,76,63,1567,9790,29844,436,4177,Przedni,Kolor 27,AEMAP7VHGYH6S4JNV,2024,4545,35606.00
629,11,90,15,67,1567,9248,25652,273,8625,4x4/AWD,Kolor 3,C13GALWMC697VKSWB,2022,1366,15741.00
630,2,85,97,76,7157,2194,5077,289,4736,Tylni,Kolor 21,7S9V8JAP1GR7DYG8V,2021,2414,24284.00
631,50,32,45,95,1563,2557,19343,458,1056,Tylni,Kolor 17,UVVFSX3RCYGF5DUD9,2023,19693,16715.00
632,10,2,21,85,4538,7412,14185,12,364,Tylni,Kolor 17,NMNX3CXX9U4AVVUUU,2019,1832,10348.00
633,99,70,78,89,294,4975,1150,244,6316,Tylni,Kolor 20,S6AACYV6N4U86FSSX,2019,9665,14621.00
634,29,72,32,70,3955,708,29464,469,1387,Przedni,Kolor 21,6YP274UUVX1AXJ4UP,2021,10637,28394.00
635,77,44,63,68,7009,2410,8524,33,453,Tylni,Kolor 25,0BWW9S7RJPWG5L6RD,2021,16779,22225.00
636,93,12,21,19,4792,9616,15568,279,7729,4x4/AWD,Kolor 30,W5CH16AXWRPLHCR7D,2019,5100,5391.00
637,82,26,62,31,3407,6769,15142,80,781,Przedni,Kolor 18,3GNPM2600LLDYXXKX,2023,6195,21613.00
638,94,55,43,31,8234,153,28785,91,2663,Tylni,Kolor 8,TV3BBUNMZAD1MH4TD,2023,1024,24542.00
639,69,53,25,91,6709,5639,20459,380,4281,Przedni,Kolor 24,81RNGHA5Y82U7PP52,2022,5710,23972.00
640,78,55,37,11,8897,295,16828,219,34,4x4/AWD,Kolor 27,JSRS9YZ9CKPST4AMS,2018,4825,6475.00
641,34,58,99,82,6870,1262,17366,375,6748,4x4/AWD,Kolor 14,7K4V6A4VJY07562GC,2021,1351,10385.00
642,53,74,6,77,419,8463,29894,405,5764,Przedni,Kolor 28,NC5H9N5WNW5PH960T,2019,7719,20577.00
643,39,74,78,94,5406,7752,6848,200,6819,Przedni,Kolor 21,58XK2V4EPAMV78FZB,2019,9628,28270.00
644,14,74,91,18,3195,2360,14272,126,2911,4x4/AWD,Kolor 20,V9X9XY8MXH51M4XB0,2023,7583,12928.00
645,52,29,14,72,351,5929,7205,445,4364,4x4/AWD,Kolor 12,WMRSLUD0PGVY6R11T,2020,11339,27759.00
646,60,65,84,3,7596,2228,14584,100,2335,4x4/AWD,Kolor 14,L7PT6XNNP08RWUZJW,2018,11263,29133.00
647,47,95,12,95,1981,5066,19008,91,210,Przedni,Kolor 28,3B0X82YEZPLEPFGXD,2021,12085,25103.00
648,10,7,40,34,1198,5497,8791,243,1254,Tylni,Kolor 19,5DNB7GK8RPCRDXMKR,2021,10126,13040.00
649,98,76,15,69,2902,7567,12238,136,1837,Tylni,Kolor 24,FXJAJPBD3X6X1NXU7,2018,9295,30059.00
650,12,94,45,87,6283,5335,4048,169,7378,4x4/AWD,Kolor 23,RF9RRBR7KLWRG91XT,2018,824,8353.00
651,72,86,60,36,6219,323,22877,157,1408,Przedni,Kolor 27,3HHN9CJN1JMAT3M8K,2018,1040,20351.00
652,58,27,29,83,5844,6389,28789,315,2430,Przedni,Kolor 13,J7MUZGMH597XDVNJC,2019,10992,5580.00
653,68,7,49,95,1638,2543,9778,113,1935,Tylni,Kolor 8,1HWX5VNPPXYVT594M,2022,1033,29030.00
654,20,17,58,26,3177,524,6702,119,5097,Przedni,Kolor 25,JSY5G6M7RWWJ1L3L7,2021,5911,24356.00
655,87,96,46,59,9536,7865,18981,307,6153,Tylni,Kolor 28,APWPKZC9FU244Z7HD,2024,4409,35048.00
656,80,26,78,8,4348,6195,15949,112,5215,4x4/AWD,Kolor 10,150VX7DXBXYMV94J9,2024,2758,29567.00
657,73,87,86,32,954,825,11535,11,4904,Tylni,Kolor 18,7YY2APP6T3Z09E4A1,2024,2097,13816.00
658,97,77,35,21,8093,9647,29038,422,9079,4x4/AWD,Kolor 11,HD4795H55TG5NTDBX,2022,8041,15959.00
659,40,26,69,23,2628,3665,7575,265,8184,Tylni,Kolor 3,CW36NYSV9JF3YRFF2,2018,18213,5117.00
660,38,20,99,77,8754,154,11106,205,1109,Tylni,Kolor 25,3N3C8YCJD8Y64XRNE,2022,19783,16955.00
661,21,88,81,40,2915,4314,23680,317,5735,Tylni,Kolor 14,8A90Z6SMCZTF0GP67,2019,13018,16620.00
662,90,94,58,71,6123,556,5148,172,6793,4x4/AWD,Kolor 2,19W7SHJVU9K7JYRUH,2021,17930,33055.00
663,90,71,57,18,969,442,10952,255,3443,Przedni,Kolor 10,XS23Z2CFXWNC90J00,2019,15830,22943.00
664,45,48,91,100,7362,9620,12499,443,7734,4x4/AWD,Kolor 20,9N1H8LXMRUR5MB4C8,2022,2836,20164.00
665,64,72,93,38,3143,4247,4151,16,3258,4x4/AWD,Kolor 15,6ZSHWZTTAVC4RX7JL,2018,12876,17915.00
666,38,77,29,8,5798,4254,8410,363,2697,Tylni,Kolor 2,1M3DVNYMF0ZENJRBD,2022,16342,34226.00
667,10,8,59,85,7944,5465,20789,390,2376,4x4/AWD,Kolor 27,XMGNUDP1U99UV23WN,2023,10897,34994.00
668,42,35,21,4,1377,6945,9185,51,5440,4x4/AWD,Kolor 16,SJDXCAN09FUDXKR6B,2018,9950,6523.00
669,72,63,36,67,9460,4361,20984,13,9612,Przedni,Kolor 30,J3WDZF6XZTD6BAK3U,2023,2540,26059.00
670,47,50,17,52,7723,9799,11152,487,5831,Tylni,Kolor 4,74D54AXU99YUW1RUE,2022,9260,16704.00
671,23,35,45,25,2314,7447,17001,383,1959,4x4/AWD,Kolor 14,JHSH3GHDHZS7GR1MA,2022,19782,26683.00
672,18,48,24,37,1793,4590,20676,377,3624,Tylni,Kolor 9,6P07E2UZ4TYP8U2S4,2019,12732,33709.00
673,26,23,88,18,5243,3961,12632,231,7586,4x4/AWD,Kolor 23,D21PJ6WSP315HULHC,2019,5317,27177.00
674,9,37,76,6,3647,5327,14549,225,7684,Przedni,Kolor 9,4VYPL16YJMURD1Y78,2023,11691,23013.00
675,24,31,47,39,1040,3785,24273,207,7617,Przedni,Kolor 3,SCPHTJ8U4MDNCE8PL,2024,11512,5309.00
676,84,67,50,41,5076,2884,22958,412,6607,Tylni,Kolor 12,Z08G7DD5RWYGEGWHB,2024,17288,31004.00
677,38,10,68,13,2223,5437,9397,32,344,Tylni,Kolor 8,LC5ER0UTWM7U3SNBE,2024,17688,9092.00
678,3,6,24,78,7685,1792,11164,424,704,Przedni,Kolor 31,NSZXXJJ6CWFL29TJ6,2018,2246,10957.00
679,54,84,81,53,3975,9823,25053,285,2817,Przedni,Kolor 2,1L1FK2Y7SLVB2TTEN,2022,6830,25811.00
680,25,20,25,30,8844,2741,17950,139,6230,Przedni,Kolor 5,G1Z6MYTM0VYVD6J77,2024,11960,33228.00
681,31,55,85,60,5093,4210,20343,450,4600,Tylni,Kolor 7,6PTGBFCB7GSN421AW,2018,16580,17324.00
682,97,99,87,91,296,1617,12578,278,4917,Przedni,Kolor 17,WAWKSV3P9Y2T18W8F,2022,11340,16039.00
683,47,38,65,1,7388,7376,22875,169,2042,Tylni,Kolor 17,JTHLLCETBSYMB62LZ,2021,7005,28944.00
684,52,97,6,96,9518,7108,28265,451,3764,Tylni,Kolor 11,XEG784RY0753VU3RZ,2023,8260,26641.00
685,78,26,70,67,6480,5035,18823,65,7130,4x4/AWD,Kolor 19,X4FEFUE4N9UC1ZNUM,2022,9878,20939.00
686,34,15,98,26,9906,561,30485,418,6243,Tylni,Kolor 20,0KC3B2WWW2G3M8YB4,2019,3861,35918.00
687,19,20,70,55,1147,3557,9230,410,6626,Tylni,Kolor 22,26UDCGSTW5WEKNX9B,2018,18357,31509.00
688,3,54,38,21,8444,5957,12165,469,1062,Przedni,Kolor 10,EU6M3UDYFSZ96CJ19,2023,10840,24280.00
689,81,44,70,89,420,2809,17423,95,4610,Tylni,Kolor 14,XFUMJHJ5UJYAHZ2RE,2019,17075,5026.00
690,95,11,89,45,6840,358,14343,252,6926,Przedni,Kolor 16,32KM35X64D8Z298P5,2018,2128,33204.00
691,2,82,25,99,3327,4564,29588,298,8077,Przedni,Kolor 13,7NLSXXFKT6FJ8ZDFY,2023,8841,12275.00
692,42,63,1,63,6566,5189,4886,71,9719,4x4/AWD,Kolor 17,RTAUF9GM43JH0AS4A,2023,10927,21556.00
693,93,54,5,28,9887,572,10098,410,38,4x4/AWD,Kolor 25,7M0FMUC296AV1US1Y,2024,17380,34823.00
694,5,93,98,16,5520,151,27156,246,8263,Przedni,Kolor 13,NWXAXYUWR5M43ZY39,2019,12555,10513.00
695,83,13,56,53,244,2526,3448,104,8829,4x4/AWD,Kolor 11,YGKMNW8XJLCDVSAU1,2021,17124,33218.00
696,18,50,72,2,88,6410,22461,306,6913,4x4/AWD,Kolor 27,6V30ZNZZ87LAN9RSS,2020,2938,23595.00
697,62,4,81,38,8850,75,1677,100,6831,Tylni,Kolor 16,0SHA1FD97MJMJSR7R,2018,10498,20125.00
698,32,91,57,13,1699,7494,7121,118,5431,4x4/AWD,Kolor 32,VPV5PZGD7ZKGF352X,2021,12033,29772.00
699,70,78,94,4,3587,3451,18325,474,3959,Tylni,Kolor 20,237V0XBWWLV6UR3EM,2018,296,5248.00
700,32,94,31,43,9344,4734,1438,174,6867,4x4/AWD,Kolor 2,K540S9EWEERE8F23B,2023,8467,24512.00
701,83,61,14,34,9968,8223,814,385,3842,Przedni,Kolor 7,5XPR76ALP6A8X7AYU,2024,162,6356.00
702,29,75,28,40,5809,6786,19318,480,9074,4x4/AWD,Kolor 20,LUCGZVGES5968D6BS,2022,3436,31400.00
703,23,18,35,96,1977,8837,31660,352,6153,4x4/AWD,Kolor 26,PYSLRBNLX3X5C5MYG,2024,10858,31277.00
704,82,96,84,76,1815,9864,31538,12,8756,Tylni,Kolor 1,500GG6N855RV5MWBV,2022,12025,31811.00
705,67,85,83,62,6678,2469,32724,17,5150,Przedni,Kolor 5,ZUVZSZ7CUELP50APV,2023,1795,32802.00
706,80,63,52,69,3020,6236,17486,148,9130,4x4/AWD,Kolor 28,7LLAWM5L4LCRWCG8B,2021,7297,13489.00
707,86,37,48,71,9283,7299,28231,224,8955,4x4/AWD,Kolor 23,LBDKFUDCU1DKY38JT,2024,11243,14886.00
708,14,42,34,52,5371,9771,7758,223,3832,Tylni,Kolor 10,WX15FFJN2NLX8T4VC,2024,9359,16087.00
709,67,23,3,7,5894,7988,15015,465,6808,Przedni,Kolor 31,VG5GGLFXAUNUKCSLE,2020,8214,23938.00
710,49,66,95,94,6205,2584,20062,282,2017,4x4/AWD,Kolor 25,RLDKCV3LKGES1MEF1,2018,8848,33383.00
711,94,37,12,98,4262,2169,25807,475,147,Tylni,Kolor 13,1YE3WPDJ57NSEY2NG,2022,11001,24513.00
712,70,65,96,4,1990,67,7538,111,1522,Tylni,Kolor 9,RT9U7EX49B9KYRPPZ,2018,18235,10306.00
713,21,35,100,31,9847,5260,11705,15,2694,Tylni,Kolor 24,PUBJKLXSSAD5657X4,2019,3694,32300.00
714,87,9,43,96,47,1014,15443,53,8980,Tylni,Kolor 8,50SUFU8SJVAP6TTZH,2022,1536,34731.00
715,98,92,43,33,2557,7389,26347,236,4142,Tylni,Kolor 28,WL7JFNY7UXPHKM0DM,2022,11494,35881.00
716,84,3,64,71,6583,7308,27988,122,5130,4x4/AWD,Kolor 22,JPSZWJPHVFWFZDLNR,2021,5272,9467.00
717,100,75,14,17,2457,721,20605,383,4425,4x4/AWD,Kolor 24,M7PLG29YKJNXX8J4W,2020,7978,20885.00
718,22,31,78,97,4620,2064,9135,290,709,4x4/AWD,Kolor 15,RXMXJX3YUAYUXULE6,2022,2373,10984.00
719,30,24,83,96,4142,9995,26394,495,6283,4x4/AWD,Kolor 2,HC4ESE3KZH4S04KZL,2020,17256,18298.00
720,91,76,83,35,9248,9173,28335,273,2878,Przedni,Kolor 1,P5E1AACNWM8YWN8CZ,2024,11517,25968.00
721,36,29,12,68,9199,8823,5766,56,1950,4x4/AWD,Kolor 10,XYDJW51Z3WD0SFYA7,2023,16257,27817.00
722,10,33,12,98,3712,4231,19253,466,5256,4x4/AWD,Kolor 8,EJTTCY33AK6MUXMAT,2022,8292,16901.00
723,90,75,61,55,2777,9356,20114,269,1978,4x4/AWD,Kolor 25,G67EYFZ93R44UJ1T0,2023,12082,36127.00
724,5,71,44,9,8548,8838,26695,305,2158,Tylni,Kolor 26,VZNCSE6W345GKFZ1H,2022,501,17047.00
725,48,76,30,76,3451,9695,18307,196,5302,4x4/AWD,Kolor 27,3FXVABXWZ3WP743S3,2024,4396,32326.00
726,24,64,14,26,6414,8521,7060,295,6226,4x4/AWD,Kolor 13,F3L84ZB1VPYJ3NZ6H,2024,4203,14729.00
727,91,35,54,44,9944,7890,10329,94,1220,Tylni,Kolor 14,2GN5FC5MJ6XFXB12D,2021,18993,20329.00
728,26,96,76,99,1407,9709,16703,244,7348,Tylni,Kolor 32,A5F88JSHN40NM6V2X,2024,9397,6839.00
729,70,87,53,5,5816,8418,3193,180,4756,Przedni,Kolor 15,ESH7H12YCPJ6CN7KJ,2021,5433,37114.00
730,64,3,28,87,2374,4566,7762,38,4861,4x4/AWD,Kolor 6,PJJBKEZ1XVFLMLUBP,2019,10667,16911.00
731,26,27,67,66,425,7016,26531,430,8045,Przedni,Kolor 30,5APBT46L46XE55CKB,2021,5098,28274.00
732,88,61,7,84,9726,3391,10142,276,4898,Tylni,Kolor 12,H0VJF2HCMFJ8T1DVJ,2020,12514,21110.00
733,63,17,7,34,422,4748,20033,411,8631,Tylni,Kolor 5,40PLGXH7NXN9BB3YH,2022,6603,13823.00
734,96,4,16,80,8148,8723,22267,388,9008,Tylni,Kolor 16,9VWEBPCBK9F01GFA9,2023,7800,20459.00
735,78,25,1,21,4155,6249,1390,132,2871,Tylni,Kolor 21,6JCPW183WYFE5VP9L,2022,754,24115.00
736,36,27,72,67,192,4877,3870,494,2367,4x4/AWD,Kolor 29,Z24Z5C8S3GGY6C9TJ,2024,2439,26148.00
737,27,27,33,8,1710,2523,16708,473,1688,Tylni,Kolor 14,XMV611LVW0HBH7E4E,2024,3575,30069.00
738,20,74,44,7,8898,5758,648,310,8894,Przedni,Kolor 14,RW7MWDBY6Y2FGH5NP,2020,2498,31004.00
739,37,23,16,65,2129,287,29018,439,1576,Przedni,Kolor 9,5HG5FB166YY8NWDT0,2024,9327,30691.00
740,76,50,29,67,2706,7236,13366,84,20,Przedni,Kolor 5,4U6VGDHBWT8W4MBW2,2024,12976,14152.00
741,59,87,76,24,422,2041,14964,106,3814,Tylni,Kolor 10,ZD1KTYJ9VVKLDYXL1,2018,16032,8160.00
742,6,93,26,79,5209,7475,2323,303,2539,4x4/AWD,Kolor 21,PX7HYWU5DGR10VL1B,2024,7923,32115.00
743,22,29,18,4,5481,2174,4557,70,9247,Przedni,Kolor 20,MA4WFTL7AMD94SLNH,2021,17390,12945.00
744,14,19,67,34,8986,409,3945,362,3362,Przedni,Kolor 21,M8MVXL85U9J0CBKLD,2022,204,33387.00
745,49,11,24,92,4402,806,10636,8,1936,Przedni,Kolor 4,KAMLLZ8NFVAM24RMM,2021,1288,23780.00
746,75,21,66,21,7346,333,11707,109,7527,Tylni,Kolor 20,TBDZ08U5X9EMBJRVJ,2022,652,34052.00
747,57,61,40,75,2104,1040,20293,131,5395,Tylni,Kolor 18,2UM9FKUGN754LYTKS,2018,18278,16131.00
748,22,80,64,32,4014,1285,25807,360,775,Tylni,Kolor 5,8CX9Z7ZS3R7D9JPC8,2023,16930,10531.00
749,99,29,90,22,2945,4698,21643,84,3346,Przedni,Kolor 14,JCJKR4KMMWMY4UVS2,2018,4129,37695.00
750,86,91,89,56,7584,8817,18644,442,3445,Przedni,Kolor 1,YS7YVC3T3FCBX6CX4,2022,1020,24779.00
751,63,13,12,47,5440,2691,26367,148,556,Tylni,Kolor 26,7LL3K48V4NE2CY885,2024,11147,17103.00
752,55,28,85,70,1266,5837,23523,334,4610,Tylni,Kolor 8,LL4JMW470XK0TNATA,2021,1074,15457.00
753,39,51,68,75,3041,2347,12397,244,883,Tylni,Kolor 31,2H19GMY4XXJZ0DSRZ,2018,3794,34309.00
754,49,90,3,30,5483,1048,6226,235,3004,Tylni,Kolor 10,0W41SHX7NVGDZG0R7,2022,10560,22945.00
755,63,99,73,20,1542,1985,200,414,9094,Tylni,Kolor 31,CJ60171LVU6AYHTS4,2018,19542,11962.00
756,64,45,6,91,2883,8357,19341,221,4371,Przedni,Kolor 14,1UVMES6RVFZXPJFJ4,2019,15407,29438.00
757,39,33,60,49,2462,9691,29482,223,2335,Przedni,Kolor 12,Z83GP6S1H24YUJTKM,2020,8651,17185.00
758,85,25,29,41,9086,4939,29301,485,593,Przedni,Kolor 27,TM9MFKXL5RSLZGF6M,2019,8673,22880.00
759,60,47,99,18,312,7599,17441,220,3475,Przedni,Kolor 9,D7TWC5AS1STL1R7L8,2021,6066,27727.00
760,4,87,48,71,2088,70,9842,487,5896,Tylni,Kolor 26,5RLK0SENKS0KG564X,2021,11930,30850.00
761,44,53,30,79,121,725,15090,425,944,Tylni,Kolor 5,DYVZAPTGBVFZ5B8V6,2024,1609,16138.00
762,35,86,65,69,6900,8340,26296,320,1636,Tylni,Kolor 13,4BFY5P72ZJSXLVB4J,2018,19466,31316.00
763,9,69,33,51,9960,6872,26776,194,7167,4x4/AWD,Kolor 15,CFAP5XPXLXH4ZSCT4,2021,11019,24258.00
764,21,7,50,90,3730,9404,13177,256,676,Tylni,Kolor 6,0V86EMWJC1R5FC7M6,2023,1731,16437.00
765,32,91,91,56,3143,4967,26281,373,5106,Przedni,Kolor 17,ZH1DKWNPS9GA6U1MT,2022,2978,14788.00
766,100,17,83,83,6846,1106,6389,77,7848,Tylni,Kolor 15,BFYL5Y5FT4HLW21UN,2022,18952,18659.00
767,35,78,88,44,1466,2571,32101,242,8666,Przedni,Kolor 23,FSKMR6EVBKR3L43KM,2021,502,29445.00
768,41,11,46,51,7475,853,32416,309,4337,Tylni,Kolor 20,PBS834L2AJDX6729G,2022,13406,18538.00
769,35,78,2,11,6845,882,31647,91,4567,4x4/AWD,Kolor 12,ZZKTPZ3YLFJDA5P7G,2023,637,18713.00
770,28,76,40,35,8939,6124,25308,348,520,4x4/AWD,Kolor 23,ZLL54C4B2JYMPVEVE,2024,8455,17279.00
771,86,76,73,31,3183,340,25666,100,3153,Przedni,Kolor 17,CS6D4T2H88728ATMZ,2022,10169,15146.00
772,2,35,5,85,2061,39,11776,56,8856,Tylni,Kolor 23,H772SH0T9L9TRU7HN,2022,8928,31241.00
773,2,43,70,86,1692,3457,13459,117,152,Tylni,Kolor 32,PUTS7PHNWNU74GV5W,2022,17196,9239.00
774,82,7,100,58,5968,5530,1941,121,3063,4x4/AWD,Kolor 11,92Z74KX3RV7TLUPTX,2024,1449,25802.00
775,38,36,51,60,2726,1895,15246,386,478,4x4/AWD,Kolor 17,GJ776JPUHWRFZED69,2020,2467,20731.00
776,61,4,13,30,1966,4705,10012,414,6463,Przedni,Kolor 2,K004XWN1CYWK6BY3H,2021,18820,36958.00
777,87,81,67,89,4738,1960,5609,53,7725,Przedni,Kolor 1,3VAS0H4GTAKBW8BYU,2022,19334,35787.00
778,6,19,79,66,3007,1280,1459,222,7734,4x4/AWD,Kolor 12,JVUMKDP3DYZNPBV1K,2022,1129,17418.00
779,19,35,50,48,9715,1843,13219,418,3185,Tylni,Kolor 12,KWH50D6AN86AJG031,2022,9488,31702.00
780,25,64,51,22,1719,4949,12400,165,4276,4x4/AWD,Kolor 17,XFX58PXB84A3ZEX4E,2022,377,13599.00
781,79,88,37,76,260,6702,9001,285,2158,Tylni,Kolor 14,BEBWD3WNBPC6Z9P89,2023,15599,27966.00
782,31,29,73,46,5511,6956,21339,394,9469,Tylni,Kolor 3,SKM3AWBS9SZTZY6SM,2021,18963,6095.00
783,42,92,19,95,1654,7445,2934,18,9886,Przedni,Kolor 20,J3CV58VBM6LDB3UAY,2021,12053,21964.00
784,52,23,85,54,2797,2868,31545,353,9304,Przedni,Kolor 21,LMLZFF2C1VN1PFEBW,2023,9322,15554.00
785,46,21,70,19,1973,7884,4538,258,2187,4x4/AWD,Kolor 4,2X87X2FFD5P0LJ47Y,2020,12095,6319.00
786,4,83,67,60,6229,2098,4275,320,2786,Przedni,Kolor 15,V1RRR3D9SHXJC2WW6,2021,19995,9953.00
787,45,96,8,89,2439,3691,12399,420,8329,Tylni,Kolor 23,JCMYNUKBBH7ASVFST,2018,10124,27644.00
788,78,44,49,1,7930,6010,16768,365,7790,4x4/AWD,Kolor 4,6J1W4M5T1URMXUB6D,2020,12021,12031.00
789,88,93,28,89,5363,1511,5343,31,6216,Tylni,Kolor 5,5PA3BJ48DK9VU05SU,2021,9370,10769.00
790,66,29,20,1,3028,9957,31887,226,9646,4x4/AWD,Kolor 15,VNJN3H1UGCEWMJG8X,2021,6885,29550.00
791,82,54,6,67,1294,7467,15753,387,3455,Przedni,Kolor 20,1ZT813L4B8X39DBZN,2022,19428,5675.00
792,97,98,26,61,1162,7739,25708,381,4052,4x4/AWD,Kolor 1,0L0DKDGN2BSK7PRKP,2022,4420,34722.00
793,100,1,11,41,406,539,7921,145,3357,4x4/AWD,Kolor 9,KTL2KG62GMG66PVPD,2019,3979,32454.00
794,27,29,28,51,4422,425,14168,123,1154,Tylni,Kolor 12,2ZE12R1E2NDKKUF0P,2019,7156,11378.00
795,44,74,65,82,5296,9331,21933,225,791,Tylni,Kolor 32,F2673WGFR3HGCWUP0,2024,5544,33190.00
796,36,92,78,18,7205,7038,14023,483,6370,Tylni,Kolor 8,FVF97Y9V5177RKZUP,2024,1839,23445.00
797,73,26,99,68,3859,89,13276,454,8669,Tylni,Kolor 2,HWBP32RX1P1WPL4MT,2023,6110,21659.00
798,61,36,14,58,3222,6247,8255,222,644,4x4/AWD,Kolor 9,Y6T4PB5RCHSVXN9UH,2024,5844,12648.00
799,94,96,12,92,1753,9907,5449,39,3401,Tylni,Kolor 24,3KKFUNBG56684JJEJ,2019,10349,11099.00
800,75,2,61,72,9706,409,24528,66,881,Przedni,Kolor 30,1B7C6KADPAN143GPM,2023,5751,20012.00
801,7,6,92,27,2855,2563,10462,311,3509,Tylni,Kolor 23,TWD6FH6PD3G5EKFU5,2020,7817,28166.00
802,87,30,65,81,1929,2144,22690,253,8464,Przedni,Kolor 14,JK68Z13WD4M3V2YFY,2022,3366,13362.00
803,36,62,25,53,8297,649,5942,405,8285,Przedni,Kolor 7,PDG4WSKTE85ZGWUPX,2018,5474,17716.00
804,15,42,13,96,9641,6253,578,406,2287,Tylni,Kolor 23,Z11XD9PUH4KSC17XH,2021,249,33457.00
805,55,22,33,59,6235,5511,28028,24,3351,Tylni,Kolor 25,1DTE8CJXUDV34S8TT,2021,19634,22430.00
806,17,63,58,14,6203,2629,14780,454,1051,4x4/AWD,Kolor 18,7U7H1G5SBYTZY1SHG,2020,16521,17732.00
807,87,30,63,53,783,5373,18635,378,1974,4x4/AWD,Kolor 26,9E6HDMHE2XR3CL8JE,2023,11925,17078.00
808,94,55,42,45,6857,5283,5028,441,1873,Przedni,Kolor 8,KNATG3DYJKB2ZG344,2020,13660,30258.00
809,90,17,19,65,1099,8089,14791,491,8887,Tylni,Kolor 10,GXZXMDVZ4KHC44CN0,2022,17762,10969.00
810,66,71,83,40,4504,2597,18579,133,3226,4x4/AWD,Kolor 8,KXT88YUDCC52LCFE3,2019,9681,22038.00
811,4,56,58,76,6856,1677,2364,452,9056,4x4/AWD,Kolor 2,ECFAP97EZ2KLHJG4P,2020,1794,35034.00
812,73,48,51,38,4250,3686,4049,273,9160,Przedni,Kolor 16,MD2B5ERAZETHZ4LH9,2023,4375,28041.00
813,12,81,88,24,5254,3876,15824,397,629,Przedni,Kolor 14,Y92CFNJCCG2VPV64R,2023,5996,27148.00
814,94,47,30,3,7093,505,29725,442,1091,4x4/AWD,Kolor 12,7ZUSFMXCUM2UWGJ09,2023,7712,32203.00
815,71,95,70,49,798,969,20535,7,792,Tylni,Kolor 10,5XTBCYAG1LWZ0YX31,2019,2912,32041.00
816,10,16,17,82,5924,6883,29897,78,1881,Przedni,Kolor 1,SV3D79TWSW50RKFXZ,2023,6400,25515.00
817,29,96,35,36,1988,9267,11880,147,7292,Przedni,Kolor 18,9KEP1SHCDS7V5U0B4,2019,1825,20894.00
818,14,100,51,56,1154,1869,10674,16,9202,4x4/AWD,Kolor 15,AKCDM9MHFP1BXZ2BU,2023,9164,35868.00
819,85,25,31,71,5417,4082,22463,71,7211,4x4/AWD,Kolor 24,CJHB7SXKAAGXMF4C0,2022,15566,28700.00
820,32,24,11,86,1154,5678,12984,486,406,4x4/AWD,Kolor 20,9XS7DDS4FEG4BGLPT,2023,5567,9268.00
821,23,85,61,90,1245,3516,19226,332,9690,Tylni,Kolor 28,ARNVL5G68DZ1XZAB2,2021,8717,14989.00
822,37,100,59,39,6954,319,3001,273,6192,Przedni,Kolor 32,VG2XXBU2N1HJBU0LG,2020,12110,13961.00
823,19,1,32,68,9759,1456,1353,371,2338,4x4/AWD,Kolor 9,6ZRPKKW9RJD8A8LDU,2024,2138,7860.00
824,88,21,55,59,3154,2662,31814,163,7953,4x4/AWD,Kolor 13,M1YK92VF047K3XYUR,2021,15977,32305.00
825,1,12,40,29,5753,8589,14700,209,609,Przedni,Kolor 19,LKUVWMA438XW3SJ5T,2020,18518,27173.00
826,6,51,23,30,2446,6700,22157,499,800,4x4/AWD,Kolor 28,V91PTRJS8KWURS30U,2018,5669,27586.00
827,81,24,55,20,7323,9074,3607,472,5308,4x4/AWD,Kolor 8,R3ARPNJ8GDHCHSP0G,2019,5587,18263.00
828,60,76,24,9,637,6636,8992,329,707,Przedni,Kolor 10,LS1120DXW098WV06R,2022,6334,15150.00
829,79,27,62,23,5125,3194,20820,98,3454,4x4/AWD,Kolor 17,TJYRG1PNWUDUY8J9Y,2024,4693,27389.00
830,63,11,60,71,7814,7113,16303,276,3579,4x4/AWD,Kolor 23,1UUPPHA27MP7KGYFD,2021,8083,6482.00
831,60,99,88,25,1492,5114,4820,358,7484,Przedni,Kolor 16,L7YDBRUA9MP5LBM3E,2023,1457,36333.00
832,86,95,69,14,2245,8624,27846,225,6696,4x4/AWD,Kolor 19,FLKHJC6SXJBW3BAUF,2019,2761,18050.00
833,39,82,57,11,6487,9142,14071,289,8888,Tylni,Kolor 5,L4XL8K2NJV9S8GG8C,2019,2676,19253.00
834,95,84,55,53,1197,6288,23345,250,1934,Przedni,Kolor 12,KC3EVZ13A5FP64KU5,2024,1400,28556.00
835,83,32,33,28,9399,4472,11888,385,5732,4x4/AWD,Kolor 2,702P4LXJTLDN5V7LK,2024,7011,11065.00
836,27,6,52,6,5233,7261,2966,169,8815,4x4/AWD,Kolor 29,KUSG504JZUFR32UD5,2021,8820,12505.00
837,47,13,6,97,7410,6113,23976,385,7978,4x4/AWD,Kolor 14,931E243KMAL6J1U4X,2021,8682,23533.00
838,15,55,31,95,83,2540,21344,98,1265,Przedni,Kolor 3,16SW231G16LXFWDWP,2023,5353,28600.00
839,55,19,41,20,311,4790,13372,179,721,4x4/AWD,Kolor 8,MNRD1ZMW7GK75EPUP,2020,13432,9083.00
840,98,13,30,94,5075,1397,10263,240,815,Tylni,Kolor 32,CW8A2L1LFFTCK8MLG,2021,19531,31745.00
841,68,36,11,60,6935,5122,20511,108,3828,Przedni,Kolor 20,HE6ZLYADJ3ATEAL14,2022,3059,19975.00
842,65,1,86,66,3850,1765,32434,9,6841,Tylni,Kolor 1,CLNHZMDARWT03Z57W,2021,14520,20608.00
843,96,82,100,90,6601,2485,6471,345,8713,Przedni,Kolor 11,3HTE36LXE0V8RCC0K,2024,8527,32838.00
844,44,19,5,64,797,32,9865,191,8284,Tylni,Kolor 27,P72ESWK15VMDTS3EZ,2020,5459,23288.00
845,6,88,1,59,2186,773,23031,199,1727,Przedni,Kolor 9,J16CPC5YRYGJ8DBR3,2024,16341,18464.00
846,73,17,53,95,1944,1375,8177,499,4529,Przedni,Kolor 21,7XKW6NK00W8JWZSUJ,2018,3904,33943.00
847,27,92,34,12,3341,3656,17657,83,3107,Przedni,Kolor 18,J4JCMNYEPCR609W4H,2022,1412,18845.00
848,96,75,87,55,991,8656,5291,181,204,Przedni,Kolor 5,SMN7GBF5LFK016V2G,2018,10444,21044.00
849,48,36,82,99,3346,3047,28268,405,9983,Tylni,Kolor 31,0L5YV8DEJFH3L831C,2023,5741,20938.00
850,37,13,12,31,2764,1888,23719,475,7764,Tylni,Kolor 1,3ZFGWS0T17W76UE4P,2023,13837,28587.00
851,94,58,66,45,7148,5598,17648,373,8501,4x4/AWD,Kolor 28,JECY4FHE033KV62A9,2018,5971,14932.00
852,1,34,22,83,2962,6248,27598,372,8468,4x4/AWD,Kolor 22,H60HBHEY71PSVV76U,2018,4581,25651.00
853,10,61,47,63,6026,3169,26708,366,5310,Przedni,Kolor 12,A9Z9JJ6H29FLPLKB5,2024,2434,12301.00
854,4,34,37,46,3256,6817,13772,427,1407,Tylni,Kolor 6,RRNNYC3MBENBP3FEJ,2019,2740,5516.00
855,85,90,1,93,1206,5508,8217,355,7379,4x4/AWD,Kolor 31,1CYZPAL8JELLAFXPX,2020,943,27555.00
856,70,21,76,83,9141,3407,4889,421,1143,Przedni,Kolor 21,M3L6RXVSVF7KGFP09,2021,1568,13893.00
857,69,33,5,88,3982,7698,32605,130,901,4x4/AWD,Kolor 27,N4RP0GRN2HZ1MTHNV,2022,19459,36639.00
858,19,15,59,17,254,3479,3757,197,8871,Przedni,Kolor 20,7PG1R8133HCU398MX,2019,6736,20380.00
859,38,85,51,68,7475,2539,17681,442,4038,4x4/AWD,Kolor 1,ZUEW1U09G0Y9NL9ML,2019,17065,29709.00
860,14,80,41,21,1923,6319,19997,170,5136,Tylni,Kolor 5,8YVBXWUPBXLXR9KR0,2018,7558,22936.00
861,78,22,72,55,7382,305,3720,386,9566,4x4/AWD,Kolor 21,78E0UZMNZCXHTYC00,2023,4834,5473.00
862,58,68,54,20,3137,9025,3613,37,1830,Tylni,Kolor 17,JEFKAW6G4TVLTPNTP,2019,4862,21623.00
863,19,39,6,89,6854,5958,20413,140,171,Tylni,Kolor 22,LKDTX6D5MVD9GVKEA,2018,12506,13682.00
864,97,31,90,25,421,1970,923,134,7278,Przedni,Kolor 11,0PZ89KJ089D8DUJ6A,2024,4651,9348.00
865,55,91,60,49,5987,450,2020,129,665,Tylni,Kolor 16,K5K9A68P4ERA7255W,2019,3799,15261.00
866,99,70,49,68,3959,837,26081,222,6586,Tylni,Kolor 8,J90515S3AYD7XA9SA,2018,18228,7653.00
867,20,50,77,88,4494,664,8742,322,3950,Przedni,Kolor 28,GPL9BSTKUFEE3JY6B,2024,10449,22129.00
868,75,55,8,76,1564,4991,2195,348,5200,Tylni,Kolor 1,LK4GH5RCARKBJNCS5,2018,9828,18455.00
869,42,64,24,99,1986,583,12686,426,6267,4x4/AWD,Kolor 21,Y2Z2NPK7BRKN9ACJM,2019,1550,34428.00
870,48,9,76,74,3759,6918,19544,87,5759,Tylni,Kolor 21,9DG83LLLEGWM1G0K3,2018,12516,30975.00
871,49,7,47,64,2719,7084,3225,61,4247,4x4/AWD,Kolor 19,CUUMG4LNBDWVUA5LS,2023,11108,8963.00
872,4,72,81,71,1829,7537,23439,423,1922,Przedni,Kolor 32,8DHCAANRXV3TYFP2R,2018,2633,36322.00
873,83,58,24,82,7201,7242,2023,409,6077,Przedni,Kolor 25,Y7LREKUEV18FUKFPZ,2022,15506,32076.00
874,90,84,99,44,1418,2232,13416,178,7868,Przedni,Kolor 15,XWH1JPNSMKCP6WE97,2024,19832,19615.00
875,75,87,63,98,1510,6277,253,466,3091,Tylni,Kolor 1,RVLYP55VAYA1D137X,2024,12017,20563.00
876,63,29,6,36,2431,3225,31791,397,2760,Przedni,Kolor 10,GE4RTRJ0R7B8LKLZU,2022,7942,27139.00
877,72,48,2,55,3205,9353,24854,305,8227,Przedni,Kolor 20,PXRMR66KVWT7CFED5,2018,17820,31218.00
878,2,81,58,15,7190,1063,4016,216,6061,Tylni,Kolor 22,NK2YURS83E4SFDL9U,2024,7589,25101.00
879,37,17,83,41,3916,8952,3446,389,7205,Tylni,Kolor 5,DPLUXDNY3TWFJAXND,2020,7222,24546.00
880,86,49,61,73,9368,5893,19192,186,6777,4x4/AWD,Kolor 23,2PE34YJCPXBJ0YC6Z,2019,10981,19829.00
881,82,76,15,42,2281,2337,11712,281,9164,Przedni,Kolor 5,8PY2U10UAPY742ERB,2020,1022,11819.00
882,44,50,42,8,6399,6884,9962,277,1505,Tylni,Kolor 29,FF4HLSYF7TBGWH1VU,2024,16820,15333.00
883,12,19,85,32,5910,3512,6713,387,1886,Tylni,Kolor 25,FUP8W58694YGTPYHR,2020,4274,7642.00
884,18,53,53,44,5633,2689,7512,279,9247,4x4/AWD,Kolor 2,753FPDLRCYBLV9WYB,2018,12609,25750.00
885,47,93,2,64,9037,8111,29444,241,8826,Przedni,Kolor 10,DGEB2SKN49G1ER6M7,2019,7498,31242.00
886,1,59,75,46,6313,898,21663,30,4836,Przedni,Kolor 26,GBCLUNAZ4FSEVV21Y,2023,9522,18253.00
887,40,95,73,33,9131,321,9905,200,6379,Przedni,Kolor 13,U71YJD5X4K8XXS3E6,2019,10105,30384.00
888,6,77,91,58,8459,6540,29179,95,1805,Tylni,Kolor 19,717GJL85UJJ4XG745,2023,4162,11768.00
889,74,25,43,91,2711,3411,22972,134,8625,Tylni,Kolor 26,X0FUZLLY6XXG05A1S,2020,14826,28589.00
890,29,72,87,69,3785,6880,11792,124,8413,Przedni,Kolor 13,BJP782U1HFNVN561G,2022,19763,29527.00
891,23,35,84,71,495,2839,466,168,4462,Tylni,Kolor 1,F1ZT8NGUTD0C0E4MX,2019,9790,8192.00
892,38,15,92,98,836,3054,29012,350,7664,4x4/AWD,Kolor 15,D2A09M3EKCBKU2VPD,2021,96,5483.00
893,98,61,82,46,6189,3783,28400,460,8613,Przedni,Kolor 6,CR7D4WHH88SLVGTZY,2024,17276,8256.00
894,62,33,95,65,2627,2424,26211,84,11,Tylni,Kolor 14,7CEEZL10SN0HV3LYU,2023,13261,31410.00
895,70,32,88,54,6464,2192,14779,233,191,Przedni,Kolor 4,RM25U3HN8LK8P2GYA,2022,18622,20643.00
896,37,97,8,92,6113,4920,9829,492,9370,Tylni,Kolor 30,D6CAVX6SKFR7HZPZ1,2023,3031,32586.00
897,90,88,42,96,8340,7344,29085,419,3919,4x4/AWD,Kolor 15,KZY64GY4Y0TP5HCL7,2023,3562,36406.00
898,63,8,64,89,1970,1270,30731,481,4524,4x4/AWD,Kolor 27,9FBYPVCF8F0M155M1,2024,5491,27542.00
899,1,96,25,8,2131,913,16017,24,3860,Przedni,Kolor 11,LWCL1E5SP6H8639CY,2021,456,33812.00
900,55,17,76,86,471,4684,7120,220,9227,Przedni,Kolor 27,DW7HJ7WY6D250R5WE,2019,712,28676.00
901,44,42,51,48,9092,8882,18854,369,256,4x4/AWD,Kolor 9,WFRZUKCBCCTA28PFM,2022,11156,24772.00
902,52,94,73,89,2597,1468,24700,75,7727,Przedni,Kolor 1,B0H5C0TJ2Z2MXTLD3,2018,7697,14833.00
903,78,34,7,71,8048,1174,29849,167,7854,4x4/AWD,Kolor 19,4BS4TYJXT9EA95PCB,2024,12755,34051.00
904,13,63,35,98,3351,1279,18722,294,162,Tylni,Kolor 2,8WRZZLNTC3ZW5JNVF,2024,4397,15340.00
905,84,42,13,71,1116,6890,1049,151,4282,Przedni,Kolor 16,8H0TSZB1R7L6JZUP6,2023,10869,13472.00
906,44,50,79,50,7651,4486,31247,165,4812,Przedni,Kolor 9,KC0FVJ43R94GU450R,2022,11304,26572.00
907,46,57,93,81,8514,660,12694,475,7286,Przedni,Kolor 26,XAUT921MG21FSJDCJ,2021,5729,15161.00
908,89,91,25,78,5921,6891,31837,369,1955,4x4/AWD,Kolor 22,K4RDLHJ5VUKC9R7KB,2023,7751,27460.00
909,27,94,39,38,7283,679,28838,158,3338,Tylni,Kolor 9,5B7BUU8A6AUAH7KA4,2024,13501,9722.00
910,48,86,52,18,3636,3417,16433,93,9265,Przedni,Kolor 6,AJJY4CJL8NKPPGNHE,2018,107,36866.00
911,69,72,92,88,6851,2914,24932,478,1240,Przedni,Kolor 26,8E3UMEADR5BKCKYKW,2020,5394,30894.00
912,34,61,9,76,678,3226,11206,468,8746,Przedni,Kolor 17,PK9Y040JSTSC716GL,2023,4,16006.00
913,1,92,47,35,6529,2969,15451,167,8858,Przedni,Kolor 28,S9D2J1R1XNZP4LP5D,2024,2472,28602.00
914,23,90,12,55,1290,5858,2514,235,9903,4x4/AWD,Kolor 29,Y3121L1C3UTJH73NH,2019,4122,24355.00
915,7,80,48,96,525,3158,19924,168,5679,Tylni,Kolor 8,ZXR8Z64BF5NDTLM2X,2020,709,16871.00
916,70,21,60,77,6090,7743,23535,467,8272,Przedni,Kolor 16,U3VEYHKC9YKGJ0CK5,2019,4807,32500.00
917,4,15,39,32,9199,3389,9635,397,3030,4x4/AWD,Kolor 16,1SVDTL63WHB76VG0H,2021,1698,15355.00
918,2,74,12,23,2478,1899,1547,240,549,Tylni,Kolor 20,ZGB1F5KGHGSM8DKMP,2024,13852,18085.00
919,46,50,43,9,5656,7501,17864,137,7681,Tylni,Kolor 12,VDZKYFKSVLBYD7KRV,2019,9266,19859.00
920,5,13,42,76,1471,23,1542,281,8300,Przedni,Kolor 31,53R7MC5ZMWYT2N7XW,2021,12585,34657.00
921,9,20,97,8,7233,600,9599,435,6685,4x4/AWD,Kolor 8,5A8B7RNS0K41JC4MD,2020,13666,33222.00
922,14,31,97,84,6277,3456,1807,189,3388,Tylni,Kolor 31,SW5CJ6DSW5B7BL8V9,2024,1185,30283.00
923,38,8,8,12,1675,383,8081,438,3755,4x4/AWD,Kolor 1,5WBDDKP70GMHS648H,2021,8111,14183.00
924,99,93,56,10,81,8817,10846,216,7324,Tylni,Kolor 1,5H4GDEMLZD0G9FVPZ,2020,10150,12608.00
925,39,91,71,94,2225,8931,10757,65,3707,Przedni,Kolor 28,610A39GNZJC8JG1E3,2023,10170,35857.00
926,55,35,65,88,1702,100,26454,34,1731,Przedni,Kolor 7,S9HJRLRMR63ZFAN40,2020,2711,26585.00
927,86,94,27,80,7584,17,21127,356,3423,4x4/AWD,Kolor 16,L2A5RZB43MYSR86YK,2021,11381,8760.00
928,78,21,7,72,7754,5033,31549,389,516,4x4/AWD,Kolor 4,ZNPTNL5CHZ48ZRMB5,2023,11974,37356.00
929,41,2,54,100,2030,8935,15897,196,4388,Przedni,Kolor 27,ACNCJYSNKKGX7BJ4L,2022,2597,34296.00
930,63,5,55,57,2584,4573,5383,35,9836,4x4/AWD,Kolor 29,2S7CXK0CGKMUKFGBF,2023,16334,35063.00
931,41,66,29,37,5880,9738,9193,325,2237,Tylni,Kolor 8,6JG2RV830TSP8KPBR,2020,11134,17753.00
932,50,13,72,4,6726,2123,19431,29,2472,Przedni,Kolor 3,JSFV0LU8JXBCE3A3W,2019,16050,13368.00
933,89,12,47,42,4677,2842,14953,69,7954,4x4/AWD,Kolor 31,7SS62UZ7DVT6B4L3Z,2021,16756,10300.00
934,31,74,25,3,2883,854,4005,489,5960,Tylni,Kolor 30,FW3LG2XSDZRXUFS62,2022,5704,20324.00
935,32,68,54,89,8800,6891,8949,317,2928,Przedni,Kolor 32,SR20BJGDYLDY16907,2023,13692,8502.00
936,36,67,64,5,6895,965,12266,204,1750,Przedni,Kolor 28,15CC0JYX0L2FHFH31,2018,12115,14905.00
937,39,29,10,99,3873,297,23469,233,2211,Przedni,Kolor 17,MD1UKU9NL3UT5H3K2,2023,5943,25596.00
938,49,13,85,77,8587,2215,25597,153,927,Przedni,Kolor 8,3LHGGWC52NSLSWA9H,2022,10595,17247.00
939,13,98,84,27,6790,4378,28746,323,7787,Przedni,Kolor 15,S85TEMPMA0VP4X6AW,2021,15959,22320.00
940,63,76,49,29,4382,2429,30378,324,4566,4x4/AWD,Kolor 21,NXUCAVGLVGNWAHXZ4,2023,8589,37714.00
941,20,45,90,78,1274,5991,23070,265,7309,Tylni,Kolor 31,ZWRZ3TY3NBVN4J0MC,2020,3854,9905.00
942,75,43,64,56,1309,5709,29261,406,8852,4x4/AWD,Kolor 29,RGBF6ZMMH3K51R5SH,2018,6217,19537.00
943,72,19,75,56,3399,9119,3196,42,7747,Tylni,Kolor 11,W4JLWGCW5JFAN5SE1,2019,14029,24762.00
944,25,47,61,40,8340,7749,28462,60,661,4x4/AWD,Kolor 9,CX108A5G7J4H86YXC,2019,6430,12927.00
945,19,69,69,12,2561,2870,24117,244,5443,Tylni,Kolor 26,4C1YZ3JZ913XDD2HR,2019,2087,37742.00
946,42,99,62,21,5677,6544,2743,284,3351,Tylni,Kolor 22,HJLL2Y5Z6GBXGFY6M,2022,8789,19389.00
947,76,93,34,36,3129,8241,10743,58,6190,Tylni,Kolor 1,F8ESZLLFE8NT9GC3X,2023,3875,8627.00
948,74,38,15,74,1426,5772,8235,199,398,4x4/AWD,Kolor 24,ZXDS2FKXDE63PG92B,2024,11347,28901.00
949,87,50,98,61,7788,3156,28327,71,1148,Przedni,Kolor 21,ZHK77HG26AUEW3U6R,2023,18530,19800.00
950,74,52,49,86,9029,3204,11239,25,987,Przedni,Kolor 11,WNXR8FNKZYU6RWKKJ,2024,16717,21099.00
951,21,61,81,92,892,7874,15895,39,173,4x4/AWD,Kolor 20,CVY22DSU6Z1NHARE6,2022,5585,37380.00
952,79,30,64,68,2325,1512,24657,158,8091,Tylni,Kolor 15,YH48XW58TTYLS9RXL,2021,3658,34968.00
953,54,89,23,13,9873,6856,13216,191,4177,Tylni,Kolor 27,00A9AM18U9ZD15N2L,2023,6051,12130.00
954,37,48,57,44,3804,9567,28674,386,5274,4x4/AWD,Kolor 1,FK0RS1JWW4E9WY18N,2022,8948,31697.00
955,85,79,61,84,7911,2873,19847,331,1557,Przedni,Kolor 25,DYJ5RTS18LM5BUCT4,2024,270,31355.00
956,53,51,99,7,7011,1664,31444,354,1404,Tylni,Kolor 20,U6F44BP0SLHLZSKHZ,2021,18926,21421.00
957,4,74,51,81,1288,5694,11070,9,9463,Przedni,Kolor 16,XA5G8BKMKGVY129DY,2022,9075,36172.00
958,85,41,72,7,521,8269,29648,357,1734,4x4/AWD,Kolor 20,T4SRULVHKM3HSSBJD,2021,7766,15300.00
959,21,42,87,20,2698,4847,12249,174,7988,Przedni,Kolor 19,XPTL0TTC8HHSL4A89,2022,18810,33001.00
960,95,11,3,61,976,7870,19516,495,9509,Tylni,Kolor 21,VVN4FCZ2BXAWMLR2Y,2021,2477,15234.00
961,52,5,92,81,8754,896,11088,442,1854,Przedni,Kolor 10,6M9PMZ0FFPPRT4LK6,2018,8095,23004.00
962,95,54,51,91,8752,9232,17452,53,291,Przedni,Kolor 5,LWC1L33FPW5SEBTA4,2021,5403,10848.00
963,17,72,28,30,908,7261,18021,78,3858,Przedni,Kolor 10,BWUSZ3KUWKX4AZ4CN,2024,18346,32634.00
964,37,90,56,82,9743,9172,879,23,9230,4x4/AWD,Kolor 18,RYTNBYSFDVC1GLXXN,2019,19901,33868.00
965,84,89,33,28,872,6,19534,250,8873,4x4/AWD,Kolor 17,BF78S7W5B5NSDZ0KU,2023,7782,20061.00
966,17,56,24,41,1177,3788,7595,302,3777,4x4/AWD,Kolor 5,X3L6M95NT5K0U0VR9,2023,12000,6707.00
967,14,45,56,87,6110,6053,25190,472,1397,Tylni,Kolor 17,37LF9R6JBY3D43L56,2023,151,25427.00
968,22,6,36,90,7975,3565,29438,430,3702,4x4/AWD,Kolor 8,YWU4FKR5JTXLCSERF,2021,1071,24800.00
969,36,90,63,38,2166,4720,6553,306,8751,4x4/AWD,Kolor 21,5JG973K6PV5VHH84R,2021,11312,28503.00
970,72,10,22,56,3098,610,2698,22,7615,Przedni,Kolor 4,LS1U2R5E23VFVTYGZ,2024,6397,33967.00
971,2,97,53,63,1597,5167,22096,183,3545,Przedni,Kolor 24,YE07TKTHRUFMSUTYT,2019,1833,36464.00
972,92,52,52,55,1102,1784,7854,214,9240,4x4/AWD,Kolor 32,LWU8JF4T5K8KV6P30,2024,1939,31429.00
973,72,14,29,33,9923,6706,8950,272,6354,Przedni,Kolor 14,H8VGG1VUEASG4YZ9K,2024,6759,35471.00
974,10,5,17,6,9447,2027,10972,280,9597,Przedni,Kolor 21,KJ4HLMDZUPAC7GW58,2021,15799,6351.00
975,4,92,78,10,8980,358,28278,179,5967,Przedni,Kolor 14,VCTJ5P74W3TM8FVB4,2021,9376,30909.00
976,62,88,87,76,9557,5184,29001,310,6178,Tylni,Kolor 25,DCHS3HRP5TJ9ZLK6P,2024,17808,23160.00
977,13,31,17,7,5588,2688,19271,334,5949,Przedni,Kolor 25,NNLHBBX09AS1Z6AE9,2019,11186,35392.00
978,21,31,45,61,1692,2646,13042,325,2530,4x4/AWD,Kolor 3,MGXVRR56CVU06X5LA,2019,1538,30730.00
979,74,30,77,28,869,2530,19675,193,1126,4x4/AWD,Kolor 27,UUM4DEAENY7RPRH1F,2024,7972,35957.00
980,34,1,6,82,7847,608,18085,172,434,Tylni,Kolor 19,G1BBWMSSB79VS44G4,2024,15708,23552.00
981,4,12,45,86,9494,7275,28811,169,3442,Przedni,Kolor 18,8CHZJHYV45CD48HVP,2022,3359,14745.00
982,49,97,74,10,5220,4389,27660,128,8654,4x4/AWD,Kolor 24,ZLJ0W1ZSPP9XN4387,2022,4219,28024.00
983,89,95,21,51,8059,4247,25687,453,1591,Tylni,Kolor 29,R8DPRMCVG6ZAHWNZJ,2022,2670,31162.00
984,15,7,60,36,6197,2821,13812,295,8819,Przedni,Kolor 28,TL8TMF6XDM2U128D7,2020,12832,7093.00
985,4,13,58,9,1695,3564,18710,280,2548,4x4/AWD,Kolor 13,YGWM5DGYPJS4AA5CU,2024,10310,22137.00
986,6,3,4,37,8039,9237,17216,177,9233,Przedni,Kolor 11,T96HW82MNPUAYX5V9,2018,4196,11073.00
987,55,12,68,51,2818,1919,3820,416,3365,Przedni,Kolor 1,44FAEF0Y6HHFY29VT,2021,9047,32117.00
988,50,51,32,62,5319,196,18508,350,5447,4x4/AWD,Kolor 30,WFVY0KLPJ56NC7XCT,2018,6479,34635.00
989,99,35,91,2,8769,5887,4628,469,3699,4x4/AWD,Kolor 25,ZUJ0VY0MXEULC2UUC,2018,18658,35945.00
990,33,89,53,30,4639,4429,12969,28,7596,4x4/AWD,Kolor 11,U28C36LRNEC87LTC1,2021,8096,23117.00
991,74,54,67,17,8454,4084,31593,222,8084,4x4/AWD,Kolor 4,C1CHBWN1USDAUT9AK,2019,3681,22382.00
992,8,24,12,87,9028,381,1912,371,1477,4x4/AWD,Kolor 9,MC2V0HLSXDU6ALLU6,2024,2470,32548.00
993,23,40,100,88,10000,7154,27450,127,2294,Przedni,Kolor 23,GWF0RABZSLHTFL39P,2021,2735,13529.00
994,36,67,24,87,9021,2473,4307,130,5639,4x4/AWD,Kolor 11,182JRG3Z1T7DB5LET,2020,8850,34855.00
995,99,74,51,84,7407,897,28223,166,2121,4x4/AWD,Kolor 11,UM3BC2YAZ7MC86KW5,2024,3557,27565.00
996,47,93,76,59,8047,5471,4352,418,3125,Tylni,Kolor 30,VHDUJSS5YFF0D9Y52,2019,2400,13270.00
997,42,50,88,70,6633,1487,31693,396,5725,Tylni,Kolor 22,X9RY14LCG92Y9BR1S,2020,5541,30877.00
998,79,14,92,25,9432,6870,4709,333,2868,Tylni,Kolor 14,U3KX635TGHJ1ENVWW,2021,13331,16180.00
999,4,33,16,93,1863,9691,4513,500,8499,Tylni,Kolor 31,Y1HY3G5FAL8D2Z463,2024,13116,19217.00
1000,62,51,87,53,5895,5742,6517,65,1515,4x4/AWD,Kolor 29,Y0D4KPN7E10TCD3FC,2024,5179,11257.00
