1,910,9300,11773,2022-06-14,NULL,1074.37
2,1368,4919,13841,2021-02-28,NULL,315.38
3,81,8434,20640,2022-11-06,NULL,766.29
4,3837,5304,16516,2020-07-05,NULL,524.25
5,9422,8149,30897,2022-05-08,NULL,795.15
6,5930,4396,29564,2021-06-14,NULL,1092.03
7,9630,6115,21061,2022-06-08,NULL,627.28
8,4788,479,21641,2023-01-25,NULL,802.93
9,1844,9824,9952,2022-02-23,NULL,652.19
10,2822,3685,6089,2021-02-22,NULL,538.69
11,944,7265,12707,2021-02-17,NULL,1245.99
12,7556,5914,21946,2023-06-25,NULL,101.09
13,6897,7561,388,2019-06-02,NULL,318.31
14,24,5008,8048,2019-02-24,NULL,688.19
15,8334,641,11060,2020-12-08,NULL,1083.68
16,3996,6216,30987,2021-05-07,NULL,333.20
17,2712,2486,12938,2019-02-01,NULL,951.29
18,2705,7867,441,2019-07-26,NULL,295.34
19,2798,4005,20347,2023-02-09,NULL,238.84
20,7441,1310,15793,2020-08-17,NULL,542.02
21,3517,3483,5394,2023-08-23,NULL,311.49
22,820,2560,25062,2021-10-07,NULL,1751.88
23,777,7584,6372,2018-06-23,NULL,1992.42
24,9621,9472,31335,2019-03-01,NULL,102.69
25,6014,8426,6125,2021-02-22,NULL,457.62
26,1343,6209,7073,2018-02-19,NULL,384.36
27,5853,1675,18912,2019-02-08,NULL,159.07
28,9464,2165,21504,2022-02-07,NULL,439.16
29,8165,1417,11857,2019-09-16,NULL,478.72
30,538,3955,5798,2022-12-26,NULL,982.56
31,5331,7079,12095,2019-04-23,NULL,914.04
32,559,3467,10542,2022-01-15,NULL,1359.40
33,6238,8164,2784,2020-07-01,NULL,596.26
34,8933,1695,3506,2022-01-03,NULL,1251.00
35,257,7125,8909,2020-07-13,NULL,494.27
36,8163,5015,16274,2022-11-13,NULL,593.21
37,2213,6277,8410,2019-02-23,NULL,191.18
38,3933,2374,13485,2023-08-09,NULL,1207.61
39,2514,6291,27185,2019-03-10,NULL,256.76
40,572,6673,15878,2022-02-01,NULL,1986.45
41,1876,3681,10142,2020-03-21,NULL,324.74
42,8752,1332,27156,2018-08-28,NULL,436.64
43,3972,6168,19971,2020-02-21,NULL,481.76
44,3405,4719,16423,2022-02-23,NULL,149.54
45,7818,8102,7272,2022-07-07,NULL,918.07
46,4274,5927,24490,2021-09-03,NULL,213.97
47,5537,8402,1326,2018-04-12,NULL,615.04
48,3154,9024,3879,2020-04-25,NULL,765.01
49,5551,3122,32327,2019-03-21,NULL,273.57
50,1455,3233,26208,2020-10-28,NULL,284.90
51,6433,6430,20614,2021-09-26,NULL,1927.41
52,8263,3787,19411,2019-05-24,NULL,923.78
53,3095,8069,16477,2019-06-26,NULL,749.84
54,5346,5500,18818,2019-02-28,NULL,414.83
55,3248,9944,25258,2023-12-05,NULL,689.06
56,1163,7129,5600,2021-06-27,NULL,629.65
57,7619,9994,11868,2023-11-25,NULL,296.09
58,9860,6732,25893,2018-12-28,NULL,426.94
59,9707,5764,28701,2020-02-26,NULL,378.98
60,3349,3039,31868,2021-10-19,NULL,655.10
61,303,2402,16191,2022-01-01,NULL,246.55
62,9018,1595,25550,2023-04-28,NULL,317.97
63,4400,1819,928,2020-08-19,NULL,1899.62
64,2646,368,17426,2023-06-29,NULL,370.22
65,5561,6066,4678,2018-11-02,NULL,668.90
66,6985,2752,20325,2018-11-30,NULL,1525.08
67,1414,4362,29396,2021-02-24,NULL,233.60
68,7344,6354,19806,2023-07-26,NULL,770.86
69,3679,2735,4661,2018-07-19,NULL,390.37
70,2667,4209,24922,2022-04-14,NULL,119.78
71,7097,4825,3854,2021-12-31,2024-02-01,1919.91
72,3749,7070,10674,2018-09-10,2018-09-24,488.21
73,236,9831,31438,2018-10-05,2018-11-20,579.64
74,9015,1482,15895,2023-01-06,2024-05-19,995.09
75,6842,2440,28283,2022-01-16,NULL,237.32
76,6756,2285,10376,2021-04-23,2021-07-30,1069.58
77,9652,7586,15501,2018-08-24,2021-09-26,662.98
78,6012,5726,1958,2019-08-20,2021-10-30,493.55
79,5718,6719,26997,2021-10-12,2022-10-29,115.04
80,2111,8801,27210,2023-12-05,NULL,457.34
81,700,5449,31396,2020-08-07,2023-10-14,975.82
82,1535,9868,29604,2020-02-08,2022-02-09,397.84
83,1766,3925,10278,2019-09-27,2021-10-30,118.76
84,177,1473,17502,2023-09-01,2024-12-13,1555.88
85,6254,8773,7991,2022-04-30,NULL,1340.95
86,1190,2821,20583,2019-02-10,2020-11-30,1631.65
87,7478,849,23644,2021-02-20,2023-06-30,980.55
88,2430,888,630,2021-04-14,2022-08-21,416.21
89,4189,8779,16858,2021-07-27,2023-08-31,1933.60
90,2388,4716,9580,2018-05-17,NULL,745.48
91,2744,2336,940,2019-10-17,2019-10-17,291.56
92,5163,9215,20759,2023-03-18,2024-03-19,698.78
93,2614,2151,23625,2021-02-04,2021-08-14,375.45
94,7781,4782,23301,2018-01-23,2019-04-25,646.14
95,5851,7575,19916,2023-10-06,NULL,756.57
96,2513,4281,23913,2023-07-14,2024-08-21,1483.08
97,823,6216,2407,2021-03-23,2021-06-30,479.15
98,7164,2212,5441,2020-02-27,2022-07-28,451.01
99,903,5434,811,2021-05-18,2022-10-30,714.21
100,8988,8304,30271,2022-11-18,NULL,156.70
101,6547,523,19067,2020-03-23,2020-12-31,740.40
102,2780,838,11804,2022-09-25,2022-11-30,979.60
103,8092,1084,2003,2018-10-08,2021-12-09,1500.80
104,873,5966,14951,2021-04-04,2023-09-17,600.17
105,4550,602,3751,2022-03-28,NULL,417.28
106,7492,9841,31465,2018-04-28,2020-10-30,122.26
107,8732,360,22145,2021-04-11,2022-07-17,1549.55
108,8175,5325,8244,2019-03-01,2019-04-18,426.08
109,8405,422,30890,2018-10-17,2021-10-25,759.94
110,2111,1131,18686,2019-05-09,NULL,173.87
111,1317,4543,4099,2018-03-23,2022-11-27,750.54
112,8829,706,25162,2022-01-27,2023-01-27,585.11
113,1577,9330,7896,2023-10-27,2024-10-28,599.85
114,5339,9638,15775,2022-06-01,2022-08-31,607.35
115,4370,4339,31442,2018-10-15,NULL,1722.33
116,213,3382,7595,2022-06-18,2023-11-24,1104.11
117,7932,1523,16727,2019-12-22,2020-01-23,504.76
118,8792,3315,1325,2023-12-29,2025-01-29,496.73
119,980,4036,3826,2023-06-24,2024-06-24,1566.87
120,4600,2422,11520,2023-12-02,NULL,227.20
121,8437,5686,12957,2021-08-02,2023-09-09,426.96
122,9940,1064,32144,2019-04-04,2019-09-06,901.48
123,8748,1849,27143,2022-06-04,2023-08-21,643.11
124,5746,1053,3370,2022-10-05,2023-11-11,451.78
125,768,2688,28199,2023-08-27,NULL,1697.10
126,9877,3412,18403,2022-11-04,2023-11-24,330.21
127,1307,2977,18361,2022-12-01,2024-01-29,457.85
128,2967,6896,22282,2022-10-29,2023-11-30,1126.78
129,1376,9596,6524,2019-03-04,2022-12-11,575.09
130,5383,754,28000,2021-10-23,NULL,437.60
131,8061,7980,23115,2018-03-25,2022-11-30,237.81
132,4014,2682,6797,2018-10-28,2020-10-29,409.70
133,9033,8497,27491,2018-10-13,2023-10-17,785.82
134,1734,7835,908,2018-08-10,2020-08-30,765.52
135,3043,5940,8055,2023-08-08,NULL,737.26
136,1582,9640,9980,2023-09-20,2024-11-28,547.45
137,2616,7170,13666,2018-03-20,2022-07-22,1974.22
138,1262,1440,31652,2019-01-30,2022-05-31,1225.92
139,5263,3792,3470,2021-07-09,2023-11-21,563.73
140,471,3382,3204,2018-04-07,NULL,417.28
141,2182,7946,2936,2020-06-23,2021-07-30,316.04
142,1794,744,2376,2020-03-23,2022-06-25,286.33
143,5909,8490,13518,2018-06-29,2023-11-30,328.31
144,2658,7419,25345,2019-11-07,2023-11-21,332.64
145,6237,2407,17948,2021-07-19,NULL,1549.03
146,9530,8198,19559,2019-11-27,2020-12-28,120.94
147,9039,7871,12548,2023-09-18,2024-10-26,103.16
148,7644,1362,8721,2018-07-28,2022-12-30,1606.09
149,2392,9175,23158,2022-11-02,2023-12-01,1160.80
150,945,7646,10859,2019-11-05,NULL,464.64
151,4097,7511,1891,2023-01-08,2024-01-20,139.91
152,9615,4314,5718,2021-12-26,2022-01-30,236.70
153,481,2161,17629,2019-07-17,2019-12-25,1509.52
154,1198,9400,679,2020-09-25,2022-12-28,1008.82
155,7950,7110,19621,2022-01-27,NULL,1403.09
156,8177,48,16396,2020-08-15,2023-08-27,255.07
157,6998,197,402,2022-11-23,2022-11-29,1048.12
158,705,7557,10751,2020-11-28,2022-11-28,960.70
159,5225,3699,12129,2018-07-20,2020-11-20,113.05
160,8209,6346,9933,2022-09-05,NULL,1889.80
161,1213,6039,20413,2023-12-07,2025-01-09,651.66
162,753,9010,23000,2022-09-30,2022-12-31,707.46
163,368,1992,17068,2021-06-03,2021-08-08,278.15
164,3888,8599,28321,2023-10-15,2024-11-22,882.44
165,377,3512,15014,2019-08-09,NULL,268.02
166,7651,6489,32320,2020-11-29,2022-12-31,159.15
167,629,1769,9460,2020-07-08,2023-08-08,1613.23
168,749,5284,14922,2022-05-29,2023-06-30,558.85
169,9644,6790,9526,2021-12-29,2024-01-30,376.82
170,4446,4031,3934,2019-04-24,NULL,313.22
171,6814,4488,24346,2021-01-28,2023-05-29,1607.26
172,8068,1601,9934,2018-11-03,2020-11-26,1402.55
173,4575,1189,21422,2022-06-02,2022-08-15,784.49
174,9405,7803,25117,2019-06-27,2021-10-30,1908.63
175,367,4985,6096,2019-04-25,NULL,177.12
176,951,2533,27719,2023-06-09,2024-12-18,393.61
177,4607,1166,12199,2022-09-12,2022-11-13,1198.05
178,3973,4996,7189,2023-08-31,2024-11-01,180.54
179,2549,7073,30515,2020-06-14,2023-08-27,926.49
180,8894,7326,28648,2018-03-25,NULL,267.36
181,3850,1512,16971,2018-02-12,2020-04-12,722.54
182,2792,3886,14011,2019-04-14,2019-12-25,388.16
183,5542,8021,22185,2021-07-01,2021-08-15,229.76
184,2507,9437,21329,2021-11-20,2023-11-22,728.31
185,618,5733,8403,2023-12-11,NULL,689.70
186,185,4373,15819,2020-05-11,2021-05-11,321.28
187,5334,1584,6398,2019-12-24,2023-01-27,507.75
188,7153,9457,19733,2023-11-01,2024-12-06,208.95
189,6256,7790,18242,2022-07-19,2023-10-20,791.43
190,9090,6393,13555,2018-04-30,NULL,1733.76
191,3197,8613,18107,2019-09-30,2023-12-01,1849.01
192,4903,7218,22154,2019-09-18,2021-10-27,854.97
193,7268,3153,7521,2018-04-29,2020-08-29,1058.30
194,3890,9708,20673,2018-09-16,2020-11-20,719.65
195,5591,5350,19143,2018-06-22,NULL,580.69
196,6152,6304,31442,2018-01-08,2020-07-11,549.56
197,843,1049,8700,2020-01-18,2022-09-28,1529.22
198,1003,4425,28368,2019-05-20,2021-06-23,1532.44
199,4058,9684,27457,2020-03-25,2022-10-25,1619.17
200,174,7612,21287,2018-04-24,NULL,272.59
201,2713,4495,30812,2021-07-09,2023-09-20,533.92
202,4363,1927,31024,2023-06-11,2024-10-13,771.76
203,7439,2089,23198,2022-06-18,2022-12-25,484.81
204,397,5190,31852,2021-04-25,2022-05-31,508.72
205,200,8113,21509,2019-04-19,NULL,315.25
206,7177,8494,8468,2019-11-19,2019-11-28,1237.20
207,3930,6419,32000,2023-05-03,2024-06-09,247.62
208,2452,7160,4594,2019-01-28,2022-07-31,171.07
209,9561,7105,32434,2021-07-01,2022-12-04,150.91
210,7267,504,7361,2023-05-06,NULL,562.49
211,9819,2386,15831,2023-08-10,2024-12-01,781.37
212,2626,4322,31113,2020-07-08,2022-08-11,776.18
213,8618,783,29839,2020-11-15,2023-12-22,727.71
214,2902,7515,21683,2019-09-12,2020-10-18,451.04
215,1322,1043,4539,2018-02-01,NULL,1803.70
216,9078,6039,3272,2022-08-06,2023-09-07,694.87
217,5480,8937,21175,2019-04-13,2023-07-21,468.83
218,3054,7189,11282,2021-03-28,2021-11-29,480.00
219,9566,2782,138,2023-10-16,2024-10-28,1610.60
220,2379,9207,27550,2019-07-17,NULL,173.13
221,2823,5506,5102,2023-12-24,2025-01-25,511.77
222,7902,2040,20565,2019-06-04,2019-06-26,1100.52
223,5341,3629,21438,2023-02-27,2024-07-31,1427.27
224,9409,8846,1050,2019-05-14,2023-11-18,387.48
225,46,1857,22433,2020-09-02,NULL,160.86
226,6914,1063,15413,2020-05-27,2020-06-30,567.72
227,9642,8287,17682,2021-04-19,2021-12-30,562.87
228,8895,6108,7032,2022-04-11,2022-05-14,451.12
229,1719,9052,12060,2019-09-20,2019-10-01,293.01
230,7380,9442,22998,2020-06-15,NULL,795.68
231,4907,2300,18774,2021-03-14,2021-07-24,1703.69
232,8584,2246,25709,2022-10-23,2022-10-24,136.27
233,6311,3093,11531,2022-01-03,2023-05-13,344.18
234,2605,7694,28722,2018-02-06,2022-05-12,313.61
235,410,3050,21392,2021-04-08,NULL,1662.82
236,2972,2188,28342,2021-03-22,2022-10-31,328.33
237,4698,3604,13109,2022-10-25,2023-10-28,755.27
238,2461,5335,18375,2021-01-24,2021-11-25,295.88
239,3135,1152,11349,2019-04-30,2020-07-01,512.24
240,65,3323,31708,2023-01-25,NULL,1618.51
241,3074,566,14965,2023-12-10,2025-01-24,705.21
242,2284,3450,12930,2018-02-18,2020-04-28,277.38
243,3290,3832,14696,2022-04-30,2023-07-30,129.20
244,818,2693,1354,2023-11-22,2024-12-01,463.36
245,8497,7860,4345,2022-12-19,NULL,209.59
246,3890,5885,25324,2022-05-14,2022-08-22,421.34
247,8582,795,20881,2019-08-16,2021-09-18,1824.29
248,983,2655,32659,2018-12-31,2024-02-01,638.65
249,4644,3159,19136,2018-09-18,2023-10-24,612.67
250,1299,4545,16020,2020-07-09,NULL,1751.01
251,8523,1640,30913,2023-12-12,2025-01-26,780.94
252,2404,987,9982,2018-02-03,2022-05-06,466.63
253,6465,3082,24655,2022-02-27,2022-10-27,651.12
254,672,8490,6078,2021-10-12,2023-12-25,762.36
255,148,7861,8292,2021-05-15,NULL,1328.86
256,3943,8710,24916,2019-11-25,2023-11-30,719.03
257,5763,6385,14260,2020-06-08,2022-11-24,1173.33
258,682,2317,31307,2019-10-02,2019-11-20,279.47
259,3186,6154,18439,2019-08-11,2020-10-11,1852.49
260,7981,1156,235,2019-03-10,NULL,1570.09
261,853,2393,5055,2020-08-16,2021-12-20,603.03
262,1960,6747,30696,2018-11-15,2022-12-16,174.71
263,7584,5434,6699,2019-04-30,2020-07-31,623.71
264,1636,6794,29940,2018-06-06,2023-10-17,706.86
265,2334,9776,9596,2021-08-20,NULL,142.36
266,9500,4925,8060,2023-12-08,2025-01-27,1079.02
267,984,4483,24938,2022-08-18,2023-12-31,196.13
268,9079,6235,13058,2022-04-17,2023-05-26,109.08
269,4731,6711,15349,2021-02-20,2022-05-20,648.28
270,2193,3792,3020,2018-08-13,NULL,638.11
271,5653,4584,29129,2021-09-15,2023-11-27,1083.49
272,6390,2263,26076,2022-02-12,2022-09-18,534.54
273,66,4133,20007,2018-06-27,2023-06-29,454.09
274,632,818,13682,2021-04-01,2023-05-28,370.31
275,4618,2094,25182,2019-09-23,NULL,1130.11
276,8756,8384,11654,2023-03-23,2024-12-31,255.03
277,6309,3311,23362,2019-04-10,2021-12-24,648.71
278,9028,9292,29694,2018-12-08,2024-01-11,351.55
279,6225,5764,13091,2021-06-27,2022-12-31,178.12
280,5109,3198,31883,2018-11-06,NULL,471.33
281,5092,7557,23847,2021-01-20,2022-06-28,329.40
282,4082,6929,23147,2022-01-24,2023-03-26,1891.42
283,6536,1446,15131,2021-02-10,2021-03-12,237.66
284,3559,4852,24205,2018-03-31,2021-10-02,467.93
285,744,4414,18716,2023-05-01,NULL,551.70
286,6045,7144,23238,2023-07-20,2024-09-22,566.82
287,3400,4692,31396,2021-11-03,2022-11-26,962.79
288,1488,4579,13328,2019-01-15,2022-10-24,1405.47
289,2508,8743,23251,2019-03-04,2021-12-08,503.87
290,7553,6502,23834,2023-07-20,NULL,1515.16
291,6103,2191,11804,2020-05-08,2021-11-08,1477.33
292,5353,4656,12164,2022-06-29,2023-06-30,1656.48
293,6046,7336,9628,2020-10-13,2020-10-28,584.32
294,6111,654,13728,2022-11-24,2023-11-25,1072.62
295,9328,1941,15545,2019-09-10,NULL,490.75
296,9147,5313,8083,2023-05-09,2024-10-28,550.63
297,86,8440,10215,2021-10-06,2022-11-09,110.17
298,1345,1004,9765,2022-05-05,2023-08-15,477.53
299,5329,1389,24482,2021-04-28,2021-09-28,304.96
300,855,6573,21162,2020-10-07,NULL,509.14
301,7989,1714,23805,2018-11-10,2023-11-28,134.93
302,8430,1200,22204,2019-05-12,2023-06-25,1202.73
303,6453,8084,7507,2019-09-01,2023-09-01,223.24
304,3722,9971,8139,2020-12-26,2021-01-27,1440.34
305,4561,7544,2304,2023-03-09,NULL,1491.65
306,9888,1688,29095,2019-02-26,2019-03-03,420.68
307,3602,201,30001,2023-12-24,2025-01-27,218.52
308,7809,170,24722,2019-06-07,2021-08-19,136.68
309,8671,2936,15138,2020-10-22,2020-12-24,1009.81
310,6708,7136,20097,2022-03-11,NULL,578.49
311,7060,7639,22378,2022-12-18,2024-01-26,461.63
312,9737,1867,26759,2022-05-30,2022-08-30,995.23
313,145,7372,16931,2021-06-08,2023-06-24,774.15
314,7603,5854,22701,2018-06-06,2019-06-12,551.21
315,2683,609,17680,2021-07-31,NULL,1521.13
316,5483,6459,17828,2022-01-25,2022-04-26,714.87
317,4706,326,3854,2023-09-22,2024-10-23,452.60
318,2255,6808,7428,2021-05-29,2023-11-29,534.18
319,4786,3475,13430,2019-07-02,2021-07-16,975.71
320,6422,5133,22055,2020-12-01,NULL,1358.64
321,8543,9788,16949,2023-07-09,2024-08-09,348.43
322,3088,4904,10939,2023-04-23,2024-11-25,477.40
323,9185,6455,5579,2019-03-06,2020-09-08,439.37
324,9037,3719,32666,2019-08-06,2019-09-28,117.47
325,7192,8145,24172,2018-03-04,NULL,262.70
326,5247,1186,13204,2019-07-13,2022-09-16,127.64
327,212,645,5110,2019-11-17,2023-11-29,173.45
328,627,3842,4898,2018-03-30,2018-06-30,1388.56
329,5207,132,24195,2020-01-26,2023-05-31,276.14
330,8707,1572,5958,2021-08-30,NULL,750.63
331,4364,47,28082,2022-04-02,2022-10-09,1045.52
332,8212,2503,11013,2022-03-03,2023-07-11,1564.53
333,5950,8749,10503,2022-08-17,2022-09-27,1061.92
334,6651,7839,17967,2018-11-23,2020-12-24,724.01
335,3334,8987,747,2023-04-05,NULL,423.97
336,1286,584,3456,2023-06-06,2024-10-07,1031.31
337,759,7237,7737,2018-05-02,2022-05-17,1324.65
338,1899,9556,10042,2023-08-27,2024-10-27,1729.65
339,330,3539,29273,2020-05-24,2023-09-27,626.08
340,7121,9660,24776,2021-02-12,NULL,553.15
341,4919,8390,15440,2021-04-04,2022-06-29,104.89
342,4907,8994,27916,2019-05-13,2023-06-30,1182.92
343,3959,2378,25436,2020-04-08,2020-09-14,806.88
344,5611,9311,15455,2019-09-01,2020-10-04,1823.04
345,1604,5620,5613,2023-10-31,NULL,883.83
346,6796,8318,1652,2023-01-27,2024-10-29,558.34
347,6956,2656,22552,2020-08-20,2023-10-31,779.32
348,1127,4296,25498,2022-01-14,2022-03-19,104.55
349,9497,6874,5853,2021-11-26,2023-11-26,789.77
350,957,931,5650,2020-05-07,NULL,394.21
351,1289,5065,9170,2018-06-02,2018-06-06,130.14
352,4511,8267,13680,2019-08-28,2020-08-30,941.03
353,1238,5384,21267,2020-12-02,2023-01-11,1876.07
354,2654,9836,7494,2018-01-27,2020-10-29,691.18
355,742,2425,24971,2020-08-22,NULL,1917.09
356,2063,9985,7558,2018-02-13,2018-06-21,1446.86
357,6908,4939,23526,2021-12-24,2024-01-27,560.88
358,2674,4703,18013,2018-05-19,2022-05-21,543.99
359,5907,1874,1755,2023-05-29,2024-10-01,338.80
360,8052,4870,4729,2019-08-27,NULL,1605.80
361,4585,8142,22408,2019-11-17,2023-11-29,515.66
362,8122,523,31224,2019-05-11,2019-06-13,109.08
363,8226,8465,28433,2021-08-23,2022-12-28,396.33
364,1606,6164,28012,2018-08-11,2018-12-29,396.45
365,2816,3184,22216,2021-03-15,NULL,136.21
366,3616,325,11197,2020-06-17,2020-08-20,627.34
367,5233,8902,31369,2022-05-14,2022-07-01,1018.56
368,2466,2989,9939,2021-06-05,2021-08-29,468.75
369,268,1270,9482,2018-11-16,2020-12-22,261.50
370,7250,5550,2627,2022-11-14,NULL,483.29
371,8572,5379,7758,2022-11-06,2022-11-26,506.02
372,6379,1294,17535,2019-09-21,2019-12-26,308.63
373,9254,3794,3717,2022-09-14,2022-09-29,1086.90
374,5024,6312,32312,2021-06-02,2021-06-26,491.82
375,2625,1911,32754,2019-03-24,NULL,483.32
376,7635,4321,1259,2021-08-30,2022-10-31,759.69
377,372,1397,22716,2023-11-09,2024-12-24,702.50
378,2567,651,9430,2020-11-23,2020-12-26,452.28
379,1332,700,31147,2021-12-07,2024-01-09,534.95
380,1220,4146,5063,2023-03-03,NULL,793.66
381,6211,3201,26944,2020-05-24,2023-07-27,796.05
382,623,4834,12678,2019-02-18,2023-07-28,161.14
383,7190,1822,8880,2020-04-22,2021-04-25,1312.27
384,9524,1094,21443,2020-01-07,2023-06-29,777.03
385,8136,242,22181,2021-09-26,NULL,264.73
386,2051,4634,25299,2021-03-07,2022-09-15,223.80
387,1,397,14291,2021-09-02,2023-10-14,1672.05
388,6312,7928,2463,2018-08-09,2023-12-15,1851.06
389,1603,3071,24515,2021-07-27,2022-08-31,498.38
390,6815,3277,30354,2020-07-15,NULL,455.80
391,4918,7461,96,2022-04-27,2023-08-28,275.71
392,9256,7333,29809,2018-12-17,2023-01-28,525.23
393,5908,9068,1327,2021-11-11,2023-11-19,551.01
394,399,5547,18769,2022-01-12,2023-02-15,314.40
395,7962,8700,2870,2021-07-06,NULL,121.51
396,340,8058,7990,2018-12-04,2024-01-25,696.88
397,4882,4546,16635,2021-03-19,2023-10-23,516.51
398,5045,5449,3326,2020-03-24,2020-11-26,551.27
399,8382,940,24613,2019-09-24,2021-09-26,415.74
400,7574,8059,30620,2022-02-12,NULL,534.20
401,1032,1009,6315,2022-05-29,2023-05-31,1856.59
402,5259,7982,17113,2020-01-17,2021-10-26,1873.58
403,5773,4113,393,2019-02-01,2021-09-29,621.11
404,4121,5111,30224,2018-08-27,2018-12-31,766.78
405,290,197,1400,2020-05-27,NULL,177.74
406,5275,716,25757,2018-11-01,2020-11-12,173.77
407,4363,5206,23077,2023-11-01,2024-11-30,199.30
408,7640,8746,25348,2022-07-07,2023-09-16,751.85
409,1992,1574,28361,2023-03-18,2024-09-30,330.68
410,92,7435,26859,2018-06-07,NULL,561.67
411,7003,8507,29506,2018-03-10,2020-09-28,380.73
412,5338,2930,1411,2021-02-04,2022-11-28,498.06
413,9738,9221,13039,2020-05-04,2021-09-16,601.13
414,4846,6779,3833,2022-04-02,2023-10-12,133.50
415,3440,2074,3848,2023-12-30,NULL,751.34
416,1084,9941,18169,2023-11-30,2024-11-30,574.13
417,1420,9620,31266,2023-02-24,2024-04-30,229.46
418,8583,3658,7545,2023-09-15,2024-12-30,928.65
419,936,6859,797,2021-05-02,2023-05-09,1072.91
420,5904,385,6205,2019-06-18,NULL,318.09
421,1475,2053,20410,2018-10-12,2019-10-18,1814.22
422,3983,5316,205,2018-01-09,2019-01-18,495.24
423,5813,9669,28542,2022-08-27,2022-10-29,1819.93
424,7302,9382,9184,2022-07-07,2022-10-29,712.73
425,5344,8359,15792,2022-04-01,NULL,651.40
426,2313,890,29801,2019-07-25,2023-07-29,262.38
427,2141,5158,11675,2018-01-10,2021-02-27,547.96
428,8728,3217,6587,2018-09-14,2018-12-30,442.83
429,1164,4828,26197,2022-04-26,2023-04-28,1008.82
430,7939,181,9097,2021-12-19,NULL,586.54
431,1844,1413,5047,2022-08-03,2022-11-26,1301.28
432,6618,4810,8116,2020-11-05,2021-12-28,600.02
433,9475,63,22610,2020-11-17,2020-12-23,909.57
434,1217,7261,27926,2018-05-18,2021-07-31,1808.14
435,6903,486,26752,2022-12-30,NULL,705.94
436,1121,6751,13265,2022-07-29,2022-12-30,250.50
437,4277,8340,6370,2020-04-03,2022-12-24,200.94
438,8997,5700,14035,2022-12-01,2023-01-06,874.71
439,7772,1661,8939,2018-12-08,2020-01-24,673.68
440,7155,2577,2945,2019-12-29,NULL,431.70
441,9418,1872,8268,2019-09-05,2019-10-12,1101.77
442,513,8744,31693,2022-08-06,2023-09-09,449.54
443,1608,2200,21075,2021-03-06,2023-12-19,1625.90
444,833,7631,15399,2023-12-10,2025-01-28,193.06
445,1525,700,17572,2019-09-03,NULL,531.64
446,7873,9672,515,2018-07-25,2020-10-28,961.58
447,5520,5654,19154,2018-03-27,2020-11-30,252.32
448,9585,353,14569,2023-09-25,2024-10-31,146.91
449,3452,6548,20163,2019-11-03,2021-12-29,338.71
450,6595,7829,25426,2019-11-26,NULL,179.02
451,1203,9580,29152,2018-06-11,2020-08-27,323.69
452,9343,5799,29112,2022-04-18,2022-07-27,1734.16
453,4982,8325,13700,2018-11-20,2022-11-27,553.96
454,72,9404,21924,2018-01-07,2022-05-29,178.83
455,5527,3338,18219,2023-08-21,NULL,229.12
456,9413,1154,8097,2022-12-30,2024-01-31,1049.80
457,5397,6470,15171,2020-04-10,2022-04-25,232.83
458,2144,754,24154,2023-03-24,2024-04-27,183.23
459,3010,8442,1463,2020-11-21,2023-12-21,376.59
460,7160,578,2643,2018-09-19,NULL,489.34
461,7237,1878,27025,2019-06-15,2021-07-17,377.14
462,2721,593,23800,2020-12-04,2021-01-09,1328.53
463,284,905,31032,2019-05-14,2021-12-01,283.12
464,9301,2545,21234,2020-01-18,2020-12-27,1047.24
465,1126,6423,10042,2023-09-13,NULL,344.52
466,7449,6513,6416,2023-04-17,2024-09-18,1177.25
467,7842,7593,25516,2019-10-13,2019-11-22,914.74
468,2540,9151,4124,2020-09-08,2021-10-08,342.19
469,4645,362,25722,2021-02-04,2022-10-06,198.70
470,181,7706,16242,2023-06-25,NULL,1931.41
471,2589,7718,3901,2020-06-22,2023-06-30,550.05
472,9101,559,18234,2022-03-01,2022-12-05,367.21
473,3009,5787,6524,2020-09-04,2022-12-29,1019.48
474,6480,3976,31379,2019-05-06,2023-10-18,313.25
475,4772,3016,26711,2022-06-21,NULL,374.98
476,5600,8066,3850,2021-11-21,2021-11-29,613.42
477,5740,1407,4884,2019-07-06,2023-12-08,411.00
478,3536,5519,4667,2021-08-29,2022-10-01,510.68
479,1742,3897,15367,2020-08-19,2023-10-01,788.38
480,8505,4321,26475,2020-08-11,NULL,178.15
481,5695,139,18879,2022-12-26,2024-01-30,896.32
482,862,8017,15988,2018-10-02,2018-12-12,1492.93
483,443,9751,30356,2020-08-02,2023-09-22,1304.98
484,140,4368,4713,2019-05-21,2022-08-30,705.66
485,8834,2487,16089,2023-12-13,NULL,1306.63
486,6101,4301,6576,2019-01-19,2023-08-31,707.52
487,1061,973,32353,2020-04-06,2022-07-23,1199.07
488,5278,9232,31369,2020-08-20,2022-08-22,446.81
489,1516,7171,7198,2018-10-28,2018-11-30,658.26
490,4141,8666,24122,2019-05-03,NULL,241.51
491,2034,3197,1794,2019-05-17,2020-06-30,780.35
492,9341,3605,29271,2020-10-09,2022-11-21,750.78
493,1399,4312,4453,2019-05-10,2019-06-17,204.40
494,2168,163,23265,2018-04-15,2022-08-21,676.05
495,1197,1505,30878,2018-12-07,NULL,235.36
496,3952,1481,22831,2020-07-17,2023-11-30,554.26
497,8919,3091,11417,2022-12-17,2024-01-28,745.29
498,2253,2660,19168,2022-04-28,2023-05-30,984.94
499,6454,9186,18310,2020-03-12,2022-05-26,182.50
500,5778,847,29001,2021-08-12,NULL,283.57
501,4156,862,10233,2022-11-14,2023-12-18,229.61
502,2403,9508,32017,2018-09-06,2019-10-22,1598.88
503,5845,3017,22548,2018-04-25,2023-04-25,593.87
504,1628,8348,29448,2020-02-07,2020-07-15,1546.76
505,7765,7359,27281,2023-07-22,NULL,423.05
506,9377,5253,30292,2021-08-08,2022-11-17,284.60
507,2566,85,19143,2021-04-12,2022-06-22,769.19
508,9153,9650,10629,2018-04-14,2020-12-20,153.13
509,3111,3734,14074,2020-05-10,2020-09-13,259.58
510,788,9274,31547,2018-10-20,NULL,134.44
511,1553,4108,19613,2019-04-18,2022-12-25,1944.96
512,9326,3054,9304,2023-08-26,2024-12-30,759.97
513,9789,49,17487,2020-02-28,2021-06-29,492.48
514,432,1656,11512,2023-01-12,2024-10-14,653.45
515,4744,917,18353,2020-05-01,NULL,436.12
516,2353,2964,19111,2021-11-18,2022-11-18,1780.05
517,6305,370,15728,2023-03-26,2024-10-28,1868.71
518,3739,5103,9609,2022-12-23,2023-01-30,1942.65
519,5014,7653,4118,2020-10-11,2020-10-23,382.33
520,3209,6649,23410,2023-03-25,NULL,647.94
521,1019,308,25212,2021-06-08,2023-08-09,1207.02
522,9591,6409,16163,2020-02-01,2020-02-14,536.21
523,7125,1961,26868,2018-02-22,2020-04-23,503.91
524,3983,6897,10014,2018-01-13,2018-03-16,200.90
525,1273,6602,18570,2018-05-13,NULL,522.37
526,4175,2548,29405,2022-10-27,2023-10-29,233.65
527,7680,1268,32226,2022-10-24,2023-10-26,418.48
528,4132,8281,3649,2023-11-25,2024-12-28,626.94
529,431,3609,29608,2023-02-27,2024-06-27,1828.94
530,2660,6412,31390,2020-08-22,NULL,171.57
531,9818,1370,11396,2018-04-15,2022-04-21,202.82
532,4315,8742,4526,2021-06-06,2021-12-13,1444.11
533,3825,8599,18198,2019-07-29,2021-10-31,549.18
534,4360,4060,8778,2023-07-29,2024-12-01,489.17
535,5709,1468,14951,2021-10-05,NULL,192.44
536,1512,9119,32706,2020-07-31,2021-01-01,323.56
537,8862,6708,1989,2023-11-27,2024-12-01,244.31
538,4858,1254,29737,2021-09-26,2022-12-26,429.69
539,1975,6582,21273,2022-06-16,2023-09-17,345.05
540,474,7864,2799,2022-11-08,NULL,465.71
541,2622,9768,27916,2020-01-28,2020-12-29,1133.59
542,6468,528,11417,2019-02-03,2023-08-07,501.67
543,6161,5093,27277,2021-06-07,2022-12-09,721.17
544,2149,4208,21895,2022-01-09,2023-08-13,693.78
545,2014,2014,31658,2023-07-07,NULL,605.00
546,5858,2736,8438,2020-04-20,2023-09-25,763.96
547,9409,8973,24495,2021-06-23,2021-10-29,1973.45
548,1652,5756,16074,2020-08-11,2023-11-11,473.83
549,6154,6431,9986,2020-10-16,2023-12-23,141.51
550,1476,2618,1479,2022-11-29,NULL,1872.37
551,50,3354,31556,2021-11-13,2023-12-23,476.01
552,3981,5653,32051,2021-01-27,2021-11-29,290.45
553,5867,3506,29843,2022-12-30,2023-01-30,327.05
554,2982,4025,16427,2018-09-12,2021-11-17,400.60
555,8178,5157,9989,2020-07-26,NULL,763.98
556,1413,2350,20993,2018-10-05,2021-10-23,372.85
557,2739,8451,7607,2018-03-13,2021-06-23,1051.45
558,8990,3276,11907,2021-01-16,2023-06-29,1158.86
559,2892,6986,30973,2023-07-24,2024-12-28,323.73
560,7558,4362,25090,2022-07-24,NULL,368.40
561,647,370,27550,2018-12-04,2022-01-27,1983.15
562,7206,6739,5218,2018-05-16,2021-08-31,665.58
563,8694,2600,28448,2022-12-06,2024-01-16,750.03
564,4943,7037,32677,2023-12-25,2025-01-29,379.13
565,2924,2030,18826,2018-11-26,NULL,209.76
566,2635,7257,5555,2023-04-30,2024-05-01,341.29
567,2109,8489,30509,2019-09-17,2022-10-20,154.99
568,763,6961,29249,2020-04-21,2021-04-22,627.09
569,7811,1730,18765,2018-09-15,2019-12-22,321.90
570,9013,1683,27946,2018-08-03,NULL,749.07
571,3038,4643,7879,2021-12-30,2022-01-30,155.18
572,7396,3787,1696,2022-12-28,2024-01-30,909.54
573,7049,1294,5634,2020-06-18,2022-07-24,230.10
574,7000,3512,18926,2021-03-17,2022-08-30,532.73
575,3447,7166,2000,2018-03-09,NULL,500.38
576,2313,7422,29904,2020-03-19,2021-10-21,290.54
577,3290,6777,4361,2018-04-16,2018-06-27,298.08
578,891,7971,133,2022-12-03,2024-01-24,207.35
579,3423,7703,32006,2019-01-13,2022-09-18,747.75
580,414,9744,26411,2022-05-09,NULL,502.22
581,3701,358,5446,2022-04-11,2022-10-17,250.65
582,5687,9527,31489,2022-05-18,2022-07-25,538.60
583,9971,629,17122,2023-06-21,2024-10-30,1886.80
584,5300,7707,11941,2022-06-30,2022-12-01,325.06
585,965,469,7323,2022-12-09,NULL,130.61
586,306,8113,5226,2018-11-17,2022-12-22,1489.85
587,1538,2794,173,2020-07-02,2022-12-28,349.01
588,9737,230,28758,2020-09-01,2022-10-09,1415.66
589,9933,957,17316,2021-05-06,2023-11-12,1639.78
590,1981,5284,19309,2022-10-22,NULL,315.72
591,2826,9724,24037,2019-10-28,2021-12-01,164.20
592,8881,355,22602,2021-04-21,2023-04-21,494.23
593,9189,774,26547,2023-10-04,2024-10-28,742.92
594,3163,863,30787,2023-10-14,2024-11-21,678.66
595,8595,1988,12241,2018-05-10,NULL,1688.05
596,2229,5532,7558,2022-10-22,2022-11-26,613.65
597,7284,1003,23309,2022-01-27,2023-07-28,1589.68
598,3396,8563,29157,2018-12-04,2022-01-23,1003.33
599,1644,2696,21344,2018-01-26,2022-04-30,612.60
600,5547,7945,25435,2018-07-09,NULL,1231.23
601,1839,9168,27492,2018-09-13,2019-12-01,432.81
602,7737,4500,20079,2021-09-18,2022-12-24,477.59
603,3940,452,3912,2019-05-07,2022-06-27,223.97
604,1063,4100,17392,2020-03-18,2020-10-20,419.97
605,7424,7025,13973,2023-08-18,NULL,677.08
606,6696,7100,10962,2021-05-10,2021-10-20,855.67
607,5819,9375,6748,2018-11-17,2022-11-19,1793.63
608,9313,1553,4107,2021-09-13,2021-10-19,1777.89
609,7481,3932,2468,2018-10-13,2020-11-27,622.94
610,6323,5096,9663,2021-04-22,NULL,389.64
611,6057,3243,8750,2022-02-25,2022-07-26,705.75
612,935,4759,4129,2019-03-01,2020-11-19,982.38
613,9754,463,17909,2023-01-26,2024-02-27,748.54
614,7868,380,31185,2022-10-01,2022-12-01,444.07
615,335,2461,28135,2020-01-18,NULL,598.21
616,1796,3491,21151,2022-05-04,2022-10-31,411.84
617,7551,2677,2254,2021-10-18,2022-12-26,498.57
618,9060,761,25338,2020-07-08,2021-08-26,743.71
619,2764,5534,31077,2019-11-07,2019-11-18,1518.93
620,7601,8094,21368,2019-09-26,NULL,819.89
621,783,4910,4363,2020-04-03,2022-05-26,905.14
622,9173,6146,15153,2021-03-20,2021-07-23,1742.62
623,4609,3745,9364,2021-08-03,2022-10-14,928.36
624,9676,5037,2287,2020-02-18,2023-10-26,429.35
625,5859,3837,7969,2020-09-14,NULL,133.11
626,6540,9802,31323,2020-11-03,2020-12-24,533.99
627,8713,2695,21262,2018-11-21,2023-11-24,372.72
628,9590,6857,8615,2021-11-20,2021-12-31,158.47
629,995,3366,19286,2022-06-01,2022-08-15,347.92
630,3467,386,1400,2023-12-10,NULL,501.71
631,5442,4207,6135,2019-05-05,2022-06-07,318.20
632,8962,7360,32746,2022-08-22,2022-11-28,1677.29
633,7271,775,3648,2022-07-12,2022-12-22,200.88
634,127,1457,30991,2019-01-14,2022-10-28,944.88
635,4849,850,18963,2023-05-16,NULL,247.75
636,3162,5547,15928,2023-11-19,2024-12-23,1940.75
637,5803,7063,30588,2022-06-13,2022-07-22,343.37
638,4989,339,23261,2020-08-18,2023-12-22,954.40
639,8516,3966,7211,2023-10-01,2024-11-03,454.73
640,4036,6368,18705,2019-09-05,NULL,1079.57
641,2019,3613,20146,2021-07-18,2021-09-24,1275.91
642,6147,8406,24250,2023-12-25,2025-01-26,551.16
643,1960,2386,5536,2022-12-13,2023-01-22,710.32
644,4982,6234,23044,2023-06-05,2024-07-26,195.28
645,8912,290,6855,2018-01-21,NULL,850.87
646,7404,2675,10957,2019-06-24,2022-10-30,1082.43
647,7838,1642,1869,2022-08-27,2022-09-28,232.62
648,5030,2902,24569,2019-07-02,2020-10-18,1177.57
649,2579,7690,19297,2019-07-30,2022-11-30,1705.48
650,2707,617,18161,2023-05-01,NULL,1075.91
651,3865,859,22691,2018-11-27,2018-12-28,107.35
652,9734,1873,8380,2021-03-19,2021-04-30,871.19
653,4242,799,161,2019-01-28,2021-10-29,567.38
654,637,847,9064,2021-02-21,2023-05-31,1645.28
655,7131,353,18688,2020-08-12,NULL,612.67
656,1214,7472,8139,2019-09-09,2020-11-11,408.05
657,9559,8046,11549,2019-11-20,2020-11-25,482.25
658,4849,8363,25280,2022-08-21,2022-08-23,489.13
659,223,1304,337,2021-07-13,2022-09-20,251.81
660,5450,6479,5730,2021-01-16,NULL,552.23
661,3632,55,3614,2020-11-27,2023-12-30,614.55
662,9257,2542,21251,2018-11-16,2022-12-25,455.52
663,7465,184,4586,2022-10-21,2022-10-22,879.95
664,5494,6941,2246,2018-09-18,2023-09-29,531.83
665,3380,7151,13849,2019-03-01,NULL,496.86
666,4014,7026,16932,2018-08-13,2022-10-19,373.53
667,2380,2261,14498,2018-02-20,2023-03-02,294.70
668,5927,471,17615,2023-01-23,2024-03-30,491.24
669,5266,6744,9585,2019-02-02,2019-10-18,233.65
670,6430,6917,6566,2021-01-24,NULL,479.09
671,7915,5765,2867,2021-01-24,2023-10-29,443.56
672,2604,6388,21945,2018-05-01,2021-12-01,407.50
673,2816,6501,11627,2018-05-14,2023-11-28,1154.94
674,8625,455,28047,2019-09-11,2020-12-23,1599.98
675,532,3203,25042,2019-12-12,NULL,485.07
676,405,5200,14637,2021-11-03,2023-12-14,137.15
677,9569,4775,6515,2020-12-02,2022-01-10,585.54
678,494,5778,27278,2023-06-07,2024-11-08,813.37
679,2009,5860,7691,2020-08-09,2021-12-31,523.01
680,3490,9516,24971,2021-04-09,NULL,629.14
681,9336,3611,23182,2021-01-16,2021-06-28,263.66
682,8984,9049,20329,2021-05-23,2023-12-25,1014.20
683,6064,9673,10720,2018-10-05,2018-11-29,1343.55
684,8640,325,20860,2022-11-21,2023-12-22,419.55
685,284,503,12577,2022-02-25,NULL,111.09
686,2637,1780,23978,2021-11-04,2023-11-26,1333.33
687,413,6821,19235,2020-11-02,2022-11-19,356.23
688,8928,7635,23734,2020-12-11,2022-01-13,774.02
689,9371,6275,4322,2018-02-04,2020-04-25,1243.53
690,7104,6842,28043,2023-10-27,NULL,735.98
691,750,2287,10001,2019-01-19,2021-12-26,164.88
692,7081,8228,23055,2020-10-20,2023-11-25,292.86
693,6867,2773,15132,2019-10-08,2020-10-14,500.45
694,2293,3951,4384,2023-06-21,2024-12-28,329.42
695,2806,8218,4657,2021-11-25,NULL,1133.63
696,399,7641,21189,2018-01-09,2023-12-10,745.31
697,5774,3904,19240,2022-02-27,2023-04-29,638.35
698,4270,543,29380,2022-08-19,2022-10-01,782.61
699,2365,1763,2156,2022-09-03,2023-11-26,104.91
700,7668,1281,31501,2022-09-30,NULL,747.72
701,9918,2798,12585,2018-11-29,2023-12-01,149.56
702,7924,2394,23239,2018-03-07,2022-11-19,357.42
703,4920,7260,26990,2022-08-07,2022-10-28,1632.79
704,5295,8116,32732,2023-10-30,2024-10-30,452.02
705,2120,6588,22280,2020-02-14,NULL,303.10
706,7992,4818,2134,2022-06-23,2022-08-30,1048.88
707,7620,5494,21821,2020-06-15,2020-08-18,125.57
708,8362,2754,30195,2020-07-05,2020-07-18,159.67
709,2837,8549,27569,2020-06-19,2022-12-26,1150.40
710,6762,6467,18860,2023-05-28,NULL,364.73
711,7976,8148,17689,2021-05-26,2022-09-29,276.99
712,2592,8892,30254,2018-08-01,2023-12-08,626.68
713,6822,1857,4237,2022-05-10,2023-07-14,1307.44
714,1594,6753,32632,2019-12-28,2021-01-30,1213.06
715,2570,2463,15509,2022-04-27,NULL,1184.86
716,135,5042,13071,2018-01-21,2021-03-23,1615.43
717,7142,5600,25921,2020-01-12,2023-11-15,1987.22
718,5486,5976,30607,2018-12-14,2022-01-17,654.11
719,81,9156,12020,2023-08-13,2024-09-14,406.24
720,7946,254,4998,2020-05-05,NULL,580.30
721,9014,6402,11686,2023-01-08,2024-05-15,277.76
722,5523,9327,19156,2020-08-25,2020-10-28,1830.04
723,4365,1397,29894,2018-12-25,2024-01-27,1303.01
724,9531,3233,7940,2021-03-19,2021-03-19,437.77
725,2324,1849,3593,2022-05-17,NULL,742.34
726,4760,9245,10853,2023-08-26,2024-12-27,1755.07
727,3860,174,28100,2023-01-03,2024-12-16,280.73
728,2023,9628,18113,2022-12-01,2024-01-24,595.09
729,5773,2722,6565,2021-02-12,2021-08-14,489.79
730,6199,1296,18440,2018-11-24,NULL,384.13
731,9854,6022,10985,2023-09-01,2024-10-01,490.30
732,4474,5984,22603,2022-07-15,2023-07-22,344.54
733,7653,1647,12126,2020-09-24,2023-10-28,789.55
734,1494,2506,17878,2020-02-08,2023-09-13,167.44
735,1570,7977,15571,2022-06-22,NULL,142.92
736,9317,6201,9552,2018-07-23,2021-09-23,554.41
737,5123,8409,24769,2023-08-26,2024-08-27,807.62
738,5517,3327,22823,2018-07-01,2020-10-15,1880.54
739,3824,340,602,2022-01-05,2022-06-07,799.23
740,558,2823,11438,2020-11-03,NULL,885.48
741,9154,405,24378,2022-07-10,2023-09-10,471.46
742,5417,3388,3262,2019-08-10,2021-08-17,1162.52
743,8162,1969,4975,2021-10-18,2023-10-31,424.08
744,4680,3039,20665,2021-07-15,2021-10-19,410.47
745,372,4388,11158,2018-04-06,NULL,463.15
746,2977,2682,20023,2020-09-15,2021-12-30,1054.52
747,3039,2069,9272,2019-06-17,2019-10-26,1447.22
748,8882,449,26317,2019-01-13,2019-03-23,699.25
749,6841,128,953,2020-04-19,2022-06-24,608.61
750,2919,2338,12974,2023-11-29,NULL,1925.55
751,6287,4870,31850,2018-12-02,2024-01-16,385.13
752,7556,8203,11285,2020-02-26,2020-12-26,389.32
753,9616,9620,19105,2020-11-09,2021-12-11,1659.82
754,9361,930,7858,2020-06-11,2020-10-28,444.39
755,7125,576,24296,2022-01-09,NULL,190.75
756,1159,989,27547,2022-04-09,2023-06-11,403.63
757,956,75,26268,2021-02-12,2022-06-16,173.81
758,5657,9392,15723,2022-05-30,2022-08-31,156.70
759,5849,6651,32155,2022-03-06,2023-12-16,345.40
760,1173,9517,24977,2023-08-22,NULL,233.39
761,6570,1372,20935,2018-05-28,2022-07-29,462.55
762,4914,2365,29448,2022-08-06,2023-11-10,945.50
763,9108,6821,21905,2020-12-09,2024-01-16,534.69
764,5745,8189,10208,2023-11-26,2024-12-29,1744.27
765,4624,3877,22728,2022-05-24,NULL,248.90
766,7052,4862,13932,2022-07-13,2022-11-14,1547.09
767,7201,3414,3930,2023-06-29,2024-06-29,1483.04
768,8808,42,14319,2022-02-28,2023-05-29,281.76
769,8890,9814,17357,2018-06-27,2022-08-28,696.67
770,138,1606,32281,2022-04-22,NULL,1142.53
771,7890,2244,16287,2023-09-15,2024-09-20,1563.39
772,4777,4936,19894,2020-11-25,2020-12-25,454.18
773,4449,4367,26054,2018-07-20,2021-11-24,368.77
774,8018,903,11358,2020-03-02,2023-07-05,208.27
775,591,2292,9221,2018-12-25,NULL,515.66
776,9025,8716,14341,2022-08-14,2023-08-27,949.97
777,8268,3708,19936,2022-12-30,2024-01-31,449.86
778,2613,1274,9917,2021-08-30,2022-08-30,221.47
779,806,9219,14403,2023-08-09,2024-10-19,1478.76
780,1786,3802,25102,2021-07-06,NULL,639.05
781,2427,9520,5954,2018-01-27,2021-12-29,553.09
782,1024,9948,1185,2023-08-04,2024-12-14,437.34
783,318,212,16255,2023-11-19,2024-11-20,637.32
784,6741,4639,8762,2022-12-12,2023-01-16,924.92
785,9713,433,4876,2021-02-11,NULL,139.05
786,3843,7787,319,2022-09-23,2023-12-23,661.67
787,4301,4123,7663,2022-11-29,2023-12-30,582.12
788,3638,8289,6699,2021-01-22,2021-05-31,1942.72
789,1969,8867,18574,2023-03-28,2024-10-29,625.44
790,1872,5536,7370,2019-09-06,NULL,630.66
791,2365,6985,7854,2018-03-02,2021-08-25,750.97
792,3888,372,13326,2023-12-05,2025-01-30,621.94
793,3227,2631,1991,2019-05-20,2020-12-31,825.49
794,3190,7854,6363,2019-04-21,2021-11-21,426.00
795,8074,6601,476,2018-02-09,NULL,393.74
796,6961,4335,2340,2023-04-28,2024-07-29,694.96
797,8008,2534,2591,2021-05-16,2021-05-17,1176.95
798,4094,12,15392,2023-01-01,2024-08-03,273.55
799,9518,570,28410,2022-01-18,2023-01-20,257.59
800,4831,1024,15761,2020-09-24,NULL,710.60
801,7891,1961,23909,2018-03-18,2019-08-24,112.18
802,3366,9071,2373,2022-10-25,2022-12-30,1770.23
803,3311,2526,10118,2021-11-07,2023-12-12,1614.22
804,1042,1453,7524,2022-02-19,2022-12-01,478.36
805,8442,3083,5388,2019-06-10,NULL,175.24
806,6781,6939,21794,2019-07-20,2022-11-27,1656.81
807,8889,5588,5587,2019-10-30,2021-12-30,125.02
808,7364,3596,1768,2020-09-18,2020-11-30,274.04
809,661,1169,32163,2019-07-10,2023-07-28,950.55
810,3183,9066,26660,2023-02-16,NULL,1431.40
811,3959,2529,5164,2020-01-28,2022-09-30,371.31
812,4599,7956,28203,2018-06-13,2023-07-01,703.23
813,2438,3368,20116,2022-07-28,2022-12-30,416.62
814,2706,2525,5886,2019-09-12,2020-10-25,399.68
815,3527,165,2090,2022-08-28,NULL,128.99
816,1415,6405,1486,2023-02-14,2024-12-22,1849.41
817,6945,3888,5663,2018-05-17,2021-11-19,346.17
818,160,7058,32401,2023-04-25,2024-07-31,1626.45
819,2078,8683,11859,2021-07-13,2023-09-20,164.58
820,6416,292,22797,2022-06-11,NULL,462.04
821,60,7641,23447,2021-03-21,2022-08-30,624.50
822,8181,6230,20249,2018-01-20,2023-10-25,665.78
823,4297,2016,12789,2020-02-14,2020-03-18,1282.83
824,9297,2779,25359,2020-06-27,2023-12-29,731.72
825,986,5356,13276,2020-12-27,NULL,251.87
826,6379,5660,21147,2018-02-15,2019-11-26,582.97
827,2214,4616,27970,2018-08-05,2020-12-07,595.07
828,8609,8159,28528,2018-07-24,2023-08-31,664.77
829,3235,7595,17434,2022-07-01,2023-10-01,957.00
830,5,7613,6796,2021-04-21,NULL,576.16
831,3521,7950,28077,2020-11-18,2021-11-22,147.55
832,8145,8675,20492,2022-10-15,2022-11-17,226.70
833,1240,9323,28353,2023-09-01,2024-10-01,1366.29
834,9914,7858,196,2023-04-30,2024-05-31,675.37
835,2802,395,6277,2022-11-24,NULL,1264.99
836,6531,7565,13327,2022-06-02,2022-12-05,1978.72
837,1877,1664,9925,2022-12-21,2023-01-22,266.72
838,6275,5136,26531,2022-07-22,2022-12-26,215.08
839,2277,4297,3026,2020-05-20,2020-05-29,1052.47
840,57,7335,11324,2018-12-09,NULL,395.88
841,647,362,9496,2021-07-29,2023-11-30,1923.90
842,6102,2547,25986,2022-10-21,2022-11-28,431.66
843,4268,2968,5997,2021-10-25,2023-10-31,467.17
844,3617,8600,10364,2023-03-25,2024-06-27,259.24
845,4736,6496,31846,2023-10-30,NULL,186.69
846,7059,3964,18270,2019-12-10,2021-01-23,231.23
847,98,3985,27235,2023-04-30,2024-10-30,648.28
848,1648,4019,31400,2023-02-18,2024-09-27,797.71
849,1896,1115,18193,2019-04-25,2023-05-25,1358.31
850,9312,4159,5825,2020-03-27,NULL,1947.63
851,6928,6026,20620,2019-05-28,2020-12-31,707.16
852,557,4991,10904,2021-02-28,2023-12-29,284.90
853,9253,4436,27502,2023-02-17,2024-07-21,295.30
854,8945,4664,3826,2020-12-12,2022-01-20,533.33
855,3669,1321,7272,2022-02-26,NULL,243.49
856,1760,8231,10092,2018-08-06,2020-12-25,343.09
857,5261,8944,12863,2021-04-17,2021-04-30,125.49
858,266,1933,11614,2020-10-16,2021-11-22,1941.26
859,5136,781,6459,2020-10-22,2020-11-26,1722.40
860,2795,7301,8731,2019-04-25,NULL,507.48
861,2299,7659,11121,2023-12-19,2025-01-24,1742.77
862,4520,7498,18758,2018-05-26,2022-12-29,123.39
863,5345,4489,8554,2021-03-02,2023-11-09,217.41
864,6439,42,7482,2021-07-28,2022-11-28,125.40
865,2687,1380,7448,2023-11-05,NULL,777.33
866,460,9431,24236,2023-11-09,2024-12-29,508.97
867,5521,8482,13590,2019-12-08,2023-01-11,489.06
868,5122,1297,32272,2022-05-30,2023-06-30,306.39
869,3755,6616,30888,2021-02-07,2023-09-08,515.87
870,3418,1005,30841,2019-07-30,NULL,167.53
871,4510,2363,11512,2019-08-17,2021-12-26,499.49
872,9928,3268,10969,2020-02-24,2020-07-31,388.04
873,4890,9265,4727,2021-06-09,2022-11-25,278.55
874,7058,4763,26096,2023-12-15,2025-01-20,188.61
875,8250,1088,25981,2022-07-05,NULL,118.88
876,2912,4253,599,2018-10-12,2020-10-16,1544.02
877,5443,7888,6001,2021-01-21,2021-07-01,747.79
878,2766,7267,10073,2022-05-13,2022-08-13,503.97
879,2582,4128,32290,2021-10-31,2022-12-02,505.17
880,2745,2753,14496,2022-06-30,NULL,729.46
881,7022,1016,32027,2021-03-02,2022-12-29,846.55
882,2731,8298,15847,2022-11-27,2023-11-30,321.92
883,3466,3039,2322,2018-08-11,2022-09-20,886.83
884,6597,3209,25892,2022-02-08,2022-09-17,789.40
885,9061,2525,26572,2020-07-27,NULL,658.92
886,6411,1439,19179,2022-10-19,2023-10-23,1980.92
887,9800,443,18175,2019-10-10,2022-12-29,664.52
888,5333,4675,19965,2021-04-06,2021-09-10,745.89
889,7806,8878,17191,2020-07-23,2020-07-28,234.61
890,2138,1083,10813,2022-08-04,NULL,318.48
891,5201,1821,19264,2022-03-11,2023-08-14,1304.10
892,3861,1160,15485,2020-03-18,2020-09-24,1707.94
893,8215,9328,2269,2020-04-07,2022-06-12,577.78
894,8031,1369,29672,2018-07-01,2022-11-03,679.49
895,1191,1699,9257,2021-09-07,NULL,538.07
896,8793,8622,26355,2022-04-20,2023-10-01,411.28
897,1698,1995,29090,2019-01-24,2021-02-25,844.94
898,9959,743,4373,2021-06-11,2022-06-29,282.16
899,7076,7931,25520,2019-07-10,2022-08-29,1408.84
900,5080,6272,15294,2022-04-12,NULL,1517.76
901,6866,6905,3182,2021-02-03,2023-08-24,1129.53
902,3021,4700,20539,2019-02-01,2021-11-23,1408.40
903,474,8003,9278,2021-12-19,2022-01-27,1520.83
904,3961,2251,6549,2022-03-03,2023-04-25,194.98
905,5766,5324,30711,2022-11-26,NULL,229.01
906,476,7020,9350,2019-05-22,2021-11-22,450.61
907,6108,8095,26067,2021-02-21,2022-11-30,1372.08
908,5404,6268,16662,2023-11-15,2024-11-16,413.78
909,6165,687,14956,2022-10-01,2023-12-01,381.09
910,856,2841,31878,2020-06-07,NULL,674.28
911,827,7323,24415,2021-03-07,2022-05-25,131.51
912,5866,4328,2958,2020-12-23,2021-01-28,216.71
913,2187,8576,29556,2023-01-02,2024-10-07,1395.18
914,6122,9707,23578,2019-03-05,2023-07-19,1266.35
915,8293,4498,8286,2022-12-07,NULL,307.80
916,9455,1371,13065,2019-02-22,2023-10-22,189.06
917,2786,1037,25704,2022-08-12,2022-09-30,133.37
918,5179,6260,9629,2019-12-16,2024-01-26,172.36
919,4843,4734,7859,2023-04-16,2024-04-20,594.49
920,2695,7573,14235,2019-11-24,NULL,539.22
921,3315,5645,2765,2019-04-08,2021-08-20,224.95
922,787,6844,15952,2023-01-09,2024-05-09,1691.27
923,9985,658,3271,2022-04-05,2023-11-27,810.69
924,5000,3041,11758,2021-12-06,2022-01-12,497.16
925,6718,7824,18710,2020-12-30,NULL,454.86
926,7747,1107,31240,2019-06-28,2021-08-29,792.95
927,4554,4292,5091,2021-02-15,2022-11-20,502.31
928,9519,1590,781,2022-07-07,2022-09-14,498.33
929,8536,1738,22936,2020-11-19,2020-11-19,1994.80
930,7632,2536,31257,2018-01-11,NULL,744.71
931,5060,6079,20171,2020-11-12,2021-12-22,168.23
932,9677,8947,369,2018-11-25,2018-11-26,1601.88
933,5028,8428,1999,2019-10-21,2019-11-24,562.25
934,2241,6548,27523,2022-04-20,2023-12-31,659.39
935,7889,2632,8348,2023-04-27,NULL,1779.02
936,4371,8822,9034,2021-02-28,2022-10-31,1606.68
937,292,7604,27601,2018-01-27,2020-08-29,526.13
938,3979,7180,20572,2023-08-16,2024-10-21,463.47
939,4487,7551,17385,2021-02-24,2021-12-26,790.77
940,4556,1597,32272,2020-09-21,NULL,1732.88
941,5072,7734,9232,2020-08-12,2020-09-18,364.79
942,3019,4038,16511,2021-05-11,2022-09-25,1456.34
943,282,6265,11794,2020-02-05,2021-09-26,681.07
944,7402,6912,21323,2023-06-23,2024-06-25,1448.25
945,4663,6555,18773,2020-01-14,NULL,129.07
946,1156,9643,19828,2020-03-20,2021-10-30,1634.40
947,7224,4764,8934,2022-03-24,2022-03-30,1594.04
948,6293,429,4768,2018-06-24,2020-12-24,656.95
949,4758,2633,6395,2018-08-09,2019-12-01,133.52
950,7738,1773,30112,2022-01-10,NULL,508.18
951,9317,9979,5242,2022-01-30,2022-07-01,405.11
952,1759,533,22813,2022-09-17,2022-10-27,531.60
953,1126,8580,4457,2022-10-30,2022-11-30,1124.18
954,3742,2906,21166,2021-04-14,2023-11-20,183.00
955,743,7027,11081,2018-12-28,NULL,389.66
956,2715,3543,14791,2020-02-24,2023-12-24,735.42
957,106,836,31955,2020-06-16,2022-09-21,1070.38
958,8763,465,28479,2022-03-03,2022-11-03,696.73
959,2835,5717,4750,2023-06-11,2024-12-12,1013.95
960,1552,3643,23394,2022-06-26,NULL,1674.14
961,9176,8327,9778,2023-09-10,2024-09-17,756.36
962,369,6579,28622,2023-04-01,2024-09-27,480.65
963,744,2613,25823,2022-05-15,2022-06-15,598.83
964,5497,8609,14209,2019-06-27,2023-10-01,756.29
965,311,1241,13442,2021-12-26,NULL,1295.79
966,6128,8749,31463,2021-06-16,2022-08-20,647.47
967,7308,9170,21771,2022-02-17,2022-10-20,633.92
968,9231,1194,1743,2020-08-26,2021-10-01,277.97
969,7354,5712,26684,2018-02-22,2022-07-25,235.91
970,4999,5829,3210,2018-05-17,NULL,812.63
971,2022,903,28470,2022-05-18,2023-12-30,241.06
972,1609,4487,9886,2021-02-26,2022-02-27,330.19
973,8587,8797,14101,2022-03-22,2022-03-24,773.94
974,526,546,8410,2018-01-12,2020-01-13,654.92
975,9227,691,3636,2019-04-13,NULL,529.42
976,675,3424,942,2018-12-17,2024-01-20,741.81
977,6362,3793,502,2018-12-28,2021-01-31,1594.01
978,3777,4848,25099,2018-07-27,2021-11-28,567.29
979,5292,3316,24867,2023-06-28,2024-12-30,673.32
980,3117,8006,22080,2019-05-09,NULL,625.38
981,7559,7532,24892,2023-07-03,2024-09-06,921.88
982,6159,8036,17804,2018-05-08,2022-07-26,1322.86
983,1039,3465,7502,2023-12-15,2025-01-26,490.00
984,4598,1916,15196,2022-03-02,2022-04-27,240.93
985,5214,4796,17202,2022-03-15,NULL,466.55
986,34,5052,17521,2019-05-16,2022-06-23,255.14
987,7948,5784,14399,2020-12-30,2023-01-30,131.28
988,5752,8867,30559,2023-11-25,2024-12-25,1192.66
989,7234,5748,22733,2020-12-28,2021-01-31,159.84
990,4063,6138,6948,2019-08-31,NULL,208.14
991,730,8157,17955,2021-04-16,2022-07-23,542.13
992,5830,7621,28106,2018-11-15,2021-12-18,1277.85
993,4236,1723,3239,2021-07-13,2021-10-18,1688.24
994,401,2897,15437,2021-12-20,2023-01-22,108.46
995,2922,2341,22628,2023-01-09,NULL,1124.51
996,5203,4611,6727,2019-04-14,2019-08-29,446.27
997,5813,7863,64,2018-06-24,2021-11-24,433.33
998,2081,8144,25344,2021-02-14,2021-04-17,570.07
999,6579,2042,30849,2021-07-31,2021-12-02,823.11
1000,9077,2338,5885,2023-10-06,NULL,1125.39
