1,,Miejscowosc 1,43,19,74-714,
2,Miasto 2,,91,,93-673,Ulica 13
3,,Miejscowosc 3,8,34,19-155,Ulica 92
4,Miasto 4,,91,,21-607,Ulica 43
5,,Miejscowosc 5,18,37,51-675,
6,Miasto 6,,24,,95-242,Ulica 18
7,,Miejscowosc 7,36,62,32-578,
8,Miasto 8,,94,,79-760,Ulica 12
9,,Miejscowosc 9,10,26,39-363,
10,Miasto 10,,44,,26-521,Ulica 43
11,,Miejscowosc 11,59,87,81-114,Ulica 80
12,Miasto 12,,57,,22-223,Ulica 5
13,,Miejscowosc 13,33,3,04-569,
14,Miasto 14,,98,,54-458,Ulica 69
15,,Miejscowosc 15,2,9,86-391,Ulica 88
16,Miasto 16,,76,,84-810,Ulica 81
17,,Miejscowosc 17,19,79,96-501,Ulica 21
18,Miasto 18,,84,,22-102,Ulica 29
19,,Miejscowosc 19,53,5,81-512,Ulica 46
20,Miasto 20,,77,,73-193,Ulica 26
21,,Miejscowosc 21,41,77,87-766,Ulica 74
22,Miasto 22,,97,,85-964,Ulica 14
23,,Miejscowosc 23,74,90,94-676,Ulica 92
24,Miasto 24,,1,,77-199,Ulica 33
25,,Miejscowosc 25,49,62,84-431,Ulica 25
26,Miasto 26,,17,,29-970,Ulica 35
27,,Miejscowosc 27,13,11,39-732,Ulica 71
28,Miasto 28,,70,,41-880,Ulica 79
29,,Miejscowosc 29,38,77,24-120,Ulica 45
30,Miasto 30,,23,,04-178,Ulica 84
31,,Miejscowosc 31,51,46,91-588,Ulica 98
32,Miasto 32,,37,,75-770,Ulica 65
33,,Miejscowosc 33,83,48,97-392,Ulica 3
34,Miasto 34,,28,,61-703,Ulica 99
35,,Miejscowosc 35,92,59,29-902,Ulica 99
36,Miasto 36,,42,,60-971,Ulica 78
37,,Miejscowosc 37,8,94,48-356,Ulica 36
38,Miasto 38,,98,,38-628,Ulica 35
39,,Miejscowosc 39,20,22,60-986,Ulica 35
40,Miasto 40,,54,,48-635,Ulica 72
41,,Miejscowosc 41,7,2,23-854,Ulica 5
42,Miasto 42,,97,,95-567,Ulica 94
43,,Miejscowosc 43,60,92,56-247,Ulica 50
44,Miasto 44,,79,,23-490,Ulica 19
45,,Miejscowosc 45,38,57,61-138,Ulica 32
46,Miasto 46,,27,,63-793,Ulica 45
47,,Miejscowosc 47,24,12,77-146,Ulica 73
48,Miasto 48,,1,,06-830,Ulica 45
49,,Miejscowosc 49,56,99,57-974,Ulica 73
50,Miasto 50,,15,,15-424,Ulica 19
51,,Miejscowosc 51,24,50,54-442,Ulica 73
52,Miasto 52,,29,,80-885,Ulica 96
53,,Miejscowosc 53,95,47,15-480,Ulica 34
54,Miasto 54,,54,,42-575,Ulica 68
55,,Miejscowosc 55,29,6,56-468,Ulica 61
56,Miasto 56,,86,,94-632,Ulica 27
57,,Miejscowosc 57,13,71,29-020,Ulica 25
58,Miasto 58,,89,,69-041,Ulica 47
59,,Miejscowosc 59,31,10,44-472,Ulica 13
60,Miasto 60,,60,,41-288,Ulica 49
61,,Miejscowosc 61,50,31,82-696,Ulica 35
62,Miasto 62,,93,,08-293,Ulica 94
63,,Miejscowosc 63,81,47,14-014,Ulica 40
64,Miasto 64,,10,,40-199,Ulica 29
65,,Miejscowosc 65,96,36,27-634,Ulica 97
66,Miasto 66,,1,,36-461,Ulica 12
67,,Miejscowosc 67,40,3,70-597,Ulica 25
68,Miasto 68,,81,,99-206,Ulica 93
69,,Miejscowosc 69,42,88,50-844,Ulica 63
70,Miasto 70,,69,,20-202,Ulica 66
71,,Miejscowosc 71,6,63,48-950,Ulica 53
72,Miasto 72,,8,,69-253,Ulica 96
73,,Miejscowosc 73,42,50,94-580,Ulica 20
74,Miasto 74,,95,,43-482,Ulica 51
75,,Miejscowosc 75,50,48,67-174,Ulica 100
76,Miasto 76,,70,,68-795,Ulica 66
77,,Miejscowosc 77,38,34,51-714,Ulica 84
78,Miasto 78,,96,,56-771,Ulica 4
79,,Miejscowosc 79,40,55,66-055,Ulica 54
80,Miasto 80,,14,,63-150,Ulica 49
81,,Miejscowosc 81,53,78,82-772,Ulica 21
82,Miasto 82,,85,,41-045,Ulica 3
83,,Miejscowosc 83,1,5,74-818,Ulica 53
84,Miasto 84,,82,,04-401,Ulica 25
85,,Miejscowosc 85,96,84,12-566,Ulica 34
86,Miasto 86,,49,,62-547,Ulica 93
87,,Miejscowosc 87,51,85,32-187,Ulica 49
88,Miasto 88,,13,,26-047,Ulica 18
89,,Miejscowosc 89,96,13,05-633,Ulica 35
90,Miasto 90,,12,,98-767,Ulica 86
91,,Miejscowosc 91,100,91,49-281,Ulica 22
92,Miasto 92,,86,,92-329,Ulica 85
93,,Miejscowosc 93,60,19,27-262,Ulica 78
94,Miasto 94,,7,,35-825,Ulica 12
95,,Miejscowosc 95,60,97,81-680,Ulica 65
96,Miasto 96,,71,,06-097,Ulica 80
97,,Miejscowosc 97,13,62,04-788,Ulica 12
98,Miasto 98,,7,,58-461,Ulica 50
99,,Miejscowosc 99,88,51,95-912,Ulica 18
100,Miasto 100,,17,,31-747,Ulica 84
101,,Miejscowosc 101,76,3,56-385,Ulica 68
102,Miasto 102,,68,,57-546,Ulica 56
103,,Miejscowosc 103,52,79,01-337,Ulica 33
104,Miasto 104,,1,,40-594,Ulica 30
105,,Miejscowosc 105,29,65,47-945,Ulica 94
106,Miasto 106,,95,,85-629,Ulica 64
107,,Miejscowosc 107,54,34,63-693,Ulica 59
108,Miasto 108,,66,,97-858,Ulica 29
109,,Miejscowosc 109,9,68,35-219,Ulica 77
110,Miasto 110,,100,,60-461,Ulica 67
111,,Miejscowosc 111,32,83,58-997,Ulica 51
112,Miasto 112,,84,,74-597,Ulica 12
113,,Miejscowosc 113,75,90,94-752,Ulica 14
114,Miasto 114,,27,,13-989,Ulica 19
115,,Miejscowosc 115,4,76,26-704,Ulica 32
116,Miasto 116,,64,,07-052,Ulica 40
117,,Miejscowosc 117,41,62,87-160,Ulica 13
118,Miasto 118,,41,,37-977,Ulica 54
119,,Miejscowosc 119,19,63,30-164,Ulica 69
120,Miasto 120,,35,,26-550,Ulica 3
121,,Miejscowosc 121,14,25,39-088,Ulica 41
122,Miasto 122,,8,,19-644,Ulica 81
123,,Miejscowosc 123,86,53,06-601,Ulica 99
124,Miasto 124,,51,,30-779,Ulica 79
125,,Miejscowosc 125,79,40,73-827,Ulica 100
126,Miasto 126,,47,,68-702,Ulica 46
127,,Miejscowosc 127,46,7,11-447,Ulica 49
128,Miasto 128,,54,,44-435,Ulica 100
129,,Miejscowosc 129,80,27,42-589,Ulica 52
130,Miasto 130,,83,,55-521,Ulica 74
131,,Miejscowosc 131,2,55,40-001,Ulica 25
132,Miasto 132,,76,,50-861,Ulica 62
133,,Miejscowosc 133,82,45,21-874,Ulica 35
134,Miasto 134,,47,,90-728,Ulica 78
135,,Miejscowosc 135,72,63,16-722,Ulica 27
136,Miasto 136,,25,,24-577,Ulica 45
137,,Miejscowosc 137,67,41,11-257,Ulica 29
138,Miasto 138,,70,,32-904,Ulica 37
139,,Miejscowosc 139,84,8,63-100,Ulica 92
140,Miasto 140,,12,,63-369,Ulica 10
141,,Miejscowosc 141,70,88,66-539,Ulica 9
142,Miasto 142,,72,,82-281,Ulica 2
143,,Miejscowosc 143,44,48,11-944,Ulica 31
144,Miasto 144,,52,,50-415,Ulica 55
145,,Miejscowosc 145,47,35,03-352,Ulica 66
146,Miasto 146,,33,,20-693,Ulica 79
147,,Miejscowosc 147,12,87,05-463,Ulica 73
148,Miasto 148,,37,,79-381,Ulica 77
149,,Miejscowosc 149,74,77,08-941,Ulica 15
150,Miasto 150,,51,,81-135,Ulica 56
151,,Miejscowosc 151,76,72,27-146,Ulica 63
152,Miasto 152,,82,,96-792,Ulica 14
153,,Miejscowosc 153,32,3,13-808,Ulica 56
154,Miasto 154,,6,,45-599,Ulica 25
155,,Miejscowosc 155,32,19,64-704,Ulica 47
156,Miasto 156,,26,,38-164,Ulica 65
157,,Miejscowosc 157,75,65,39-177,Ulica 33
158,Miasto 158,,52,,12-651,Ulica 66
159,,Miejscowosc 159,15,36,33-718,Ulica 37
160,Miasto 160,,27,,79-052,Ulica 26
161,,Miejscowosc 161,66,99,39-403,Ulica 80
162,Miasto 162,,3,,29-916,Ulica 13
163,,Miejscowosc 163,34,95,73-766,Ulica 17
164,Miasto 164,,34,,95-489,Ulica 86
165,,Miejscowosc 165,97,35,87-204,
166,Miasto 166,,38,,09-147,Ulica 99
167,,Miejscowosc 167,67,38,16-102,Ulica 15
168,Miasto 168,,41,,35-316,Ulica 21
169,,Miejscowosc 169,69,2,60-493,Ulica 24
170,Miasto 170,,84,,36-215,Ulica 16
171,,Miejscowosc 171,68,38,39-740,Ulica 66
172,Miasto 172,,39,,88-777,Ulica 45
173,,Miejscowosc 173,20,79,97-955,Ulica 50
174,Miasto 174,,1,,51-437,Ulica 60
175,,Miejscowosc 175,20,99,71-395,Ulica 41
176,Miasto 176,,46,,86-013,Ulica 74
177,,Miejscowosc 177,13,15,97-872,Ulica 57
178,Miasto 178,,70,,37-538,Ulica 89
179,,Miejscowosc 179,62,92,94-824,Ulica 21
180,Miasto 180,,11,,62-869,Ulica 30
181,,Miejscowosc 181,86,82,41-965,Ulica 85
182,Miasto 182,,17,,75-375,Ulica 34
183,,Miejscowosc 183,81,46,66-896,Ulica 48
184,Miasto 184,,11,,39-106,Ulica 86
185,,Miejscowosc 185,40,60,86-351,Ulica 55
186,Miasto 186,,88,,89-195,Ulica 74
187,,Miejscowosc 187,3,77,48-745,Ulica 75
188,Miasto 188,,78,,15-078,Ulica 79
189,,Miejscowosc 189,19,72,78-863,Ulica 53
190,Miasto 190,,38,,14-713,Ulica 77
191,,Miejscowosc 191,96,44,95-207,Ulica 53
192,Miasto 192,,20,,40-487,Ulica 27
193,,Miejscowosc 193,70,56,66-801,Ulica 29
194,Miasto 194,,8,,30-400,Ulica 80
195,,Miejscowosc 195,29,42,24-359,Ulica 29
196,Miasto 196,,39,,66-195,Ulica 90
197,,Miejscowosc 197,39,83,14-965,Ulica 62
198,Miasto 198,,33,,44-762,Ulica 53
199,,Miejscowosc 199,74,20,39-509,Ulica 75
200,Miasto 200,,12,,76-838,Ulica 12
201,,Miejscowosc 201,75,23,88-641,Ulica 85
202,Miasto 202,,46,,39-829,Ulica 23
203,,Miejscowosc 203,77,45,95-642,Ulica 79
204,Miasto 204,,59,,20-709,Ulica 59
205,,Miejscowosc 205,26,71,58-086,Ulica 100
206,Miasto 206,,82,,38-554,Ulica 28
207,,Miejscowosc 207,1,36,26-698,Ulica 71
208,Miasto 208,,81,,36-503,Ulica 30
209,,Miejscowosc 209,85,71,10-821,Ulica 82
210,Miasto 210,,34,,52-019,Ulica 29
211,,Miejscowosc 211,78,90,25-786,Ulica 42
212,Miasto 212,,21,,86-510,Ulica 14
213,,Miejscowosc 213,51,24,40-801,Ulica 79
214,Miasto 214,,24,,18-744,Ulica 69
215,,Miejscowosc 215,13,77,94-310,Ulica 63
216,Miasto 216,,14,,19-981,Ulica 83
217,,Miejscowosc 217,99,47,33-428,Ulica 83
218,Miasto 218,,35,,67-505,Ulica 62
219,,Miejscowosc 219,88,25,38-677,Ulica 72
220,Miasto 220,,62,,12-789,Ulica 98
221,,Miejscowosc 221,15,21,71-280,Ulica 52
222,Miasto 222,,4,,06-786,Ulica 65
223,,Miejscowosc 223,78,50,79-683,Ulica 29
224,Miasto 224,,72,,69-699,Ulica 8
225,,Miejscowosc 225,63,50,31-645,Ulica 63
226,Miasto 226,,92,,50-254,Ulica 40
227,,Miejscowosc 227,9,30,61-955,Ulica 69
228,Miasto 228,,21,,94-571,Ulica 29
229,,Miejscowosc 229,75,20,11-954,Ulica 13
230,Miasto 230,,82,,56-082,Ulica 89
231,,Miejscowosc 231,38,7,10-388,Ulica 36
232,Miasto 232,,81,,68-246,Ulica 96
233,,Miejscowosc 233,21,55,34-383,Ulica 93
234,Miasto 234,,87,,65-481,Ulica 84
235,,Miejscowosc 235,38,5,40-104,Ulica 92
236,Miasto 236,,68,,41-674,Ulica 80
237,,Miejscowosc 237,24,15,54-594,Ulica 77
238,Miasto 238,,25,,41-658,Ulica 23
239,,Miejscowosc 239,91,33,20-130,Ulica 83
240,Miasto 240,,65,,31-527,Ulica 99
241,,Miejscowosc 241,7,20,23-520,Ulica 59
242,Miasto 242,,15,,17-399,Ulica 65
243,,Miejscowosc 243,28,43,52-975,
244,Miasto 244,,89,,72-883,Ulica 21
245,,Miejscowosc 245,21,69,16-291,Ulica 100
246,Miasto 246,,14,,17-345,Ulica 77
247,,Miejscowosc 247,52,34,49-349,
248,Miasto 248,,61,,85-311,Ulica 45
249,,Miejscowosc 249,13,72,92-767,Ulica 56
250,Miasto 250,,12,,37-055,Ulica 13
251,,Miejscowosc 251,76,49,89-097,Ulica 90
252,Miasto 252,,77,,25-443,Ulica 9
253,,Miejscowosc 253,33,58,68-792,Ulica 63
254,Miasto 254,,91,,91-509,Ulica 90
255,,Miejscowosc 255,99,54,42-362,Ulica 18
256,Miasto 256,,52,,81-070,Ulica 40
257,,Miejscowosc 257,60,79,18-830,Ulica 38
258,Miasto 258,,76,,98-441,Ulica 50
259,,Miejscowosc 259,15,14,49-655,Ulica 67
260,Miasto 260,,31,,23-908,Ulica 63
261,,Miejscowosc 261,9,95,44-975,Ulica 91
262,Miasto 262,,41,,91-162,Ulica 89
263,,Miejscowosc 263,46,38,51-690,Ulica 55
264,Miasto 264,,78,,05-660,Ulica 48
265,,Miejscowosc 265,45,85,03-355,Ulica 12
266,Miasto 266,,65,,53-576,Ulica 66
267,,Miejscowosc 267,32,15,49-468,Ulica 79
268,Miasto 268,,25,,39-741,Ulica 21
269,,Miejscowosc 269,84,27,19-338,Ulica 95
270,Miasto 270,,58,,01-624,Ulica 2
271,,Miejscowosc 271,12,73,92-415,Ulica 11
272,Miasto 272,,75,,78-143,Ulica 35
273,,Miejscowosc 273,89,89,29-561,Ulica 4
274,Miasto 274,,10,,85-423,Ulica 45
275,,Miejscowosc 275,38,84,23-954,Ulica 2
276,Miasto 276,,27,,46-543,Ulica 23
277,,Miejscowosc 277,13,35,06-644,Ulica 63
278,Miasto 278,,33,,20-189,Ulica 35
279,,Miejscowosc 279,97,71,93-262,Ulica 82
280,Miasto 280,,73,,66-303,Ulica 18
281,,Miejscowosc 281,47,59,76-779,Ulica 39
282,Miasto 282,,9,,28-525,Ulica 5
283,,Miejscowosc 283,58,78,74-546,Ulica 16
284,Miasto 284,,39,,61-188,Ulica 26
285,,Miejscowosc 285,68,79,94-934,Ulica 41
286,Miasto 286,,4,,42-654,Ulica 13
287,,Miejscowosc 287,92,85,75-923,Ulica 85
288,Miasto 288,,35,,21-203,Ulica 33
289,,Miejscowosc 289,55,19,99-235,Ulica 56
290,Miasto 290,,79,,28-649,Ulica 28
291,,Miejscowosc 291,70,53,93-139,Ulica 73
292,Miasto 292,,63,,80-574,Ulica 91
293,,Miejscowosc 293,45,89,07-399,Ulica 59
294,Miasto 294,,56,,99-773,Ulica 12
295,,Miejscowosc 295,92,20,25-166,Ulica 23
296,Miasto 296,,37,,15-045,Ulica 30
297,,Miejscowosc 297,98,33,82-800,Ulica 19
298,Miasto 298,,61,,94-311,Ulica 97
299,,Miejscowosc 299,31,18,51-711,Ulica 5
300,Miasto 300,,76,,13-365,Ulica 22
301,,Miejscowosc 301,77,39,24-832,Ulica 37
302,Miasto 302,,38,,50-388,Ulica 62
303,,Miejscowosc 303,90,20,19-061,Ulica 68
304,Miasto 304,,2,,50-388,Ulica 48
305,,Miejscowosc 305,81,30,67-226,Ulica 7
306,Miasto 306,,95,,31-313,Ulica 65
307,,Miejscowosc 307,30,45,61-326,Ulica 21
308,Miasto 308,,85,,13-332,Ulica 92
309,,Miejscowosc 309,91,77,38-390,Ulica 81
310,Miasto 310,,86,,81-006,Ulica 78
311,,Miejscowosc 311,81,13,93-363,Ulica 19
312,Miasto 312,,34,,88-727,Ulica 1
313,,Miejscowosc 313,2,5,28-004,Ulica 6
314,Miasto 314,,11,,11-429,Ulica 19
315,,Miejscowosc 315,48,36,17-334,Ulica 31
316,Miasto 316,,24,,06-729,Ulica 38
317,,Miejscowosc 317,28,39,84-368,Ulica 41
318,Miasto 318,,91,,75-716,Ulica 56
319,,Miejscowosc 319,36,55,28-849,Ulica 20
320,Miasto 320,,5,,01-074,Ulica 53
321,,Miejscowosc 321,52,19,80-949,Ulica 43
322,Miasto 322,,28,,15-542,Ulica 79
323,,Miejscowosc 323,12,70,92-815,Ulica 65
324,Miasto 324,,92,,84-533,Ulica 35
325,,Miejscowosc 325,62,44,33-935,Ulica 37
326,Miasto 326,,8,,23-392,Ulica 70
327,,Miejscowosc 327,95,81,04-266,Ulica 76
328,Miasto 328,,60,,97-554,Ulica 97
329,,Miejscowosc 329,53,63,08-668,Ulica 68
330,Miasto 330,,71,,81-379,Ulica 34
331,,Miejscowosc 331,66,26,03-681,Ulica 41
332,Miasto 332,,41,,14-958,Ulica 80
333,,Miejscowosc 333,21,46,65-951,Ulica 12
334,Miasto 334,,97,,94-681,Ulica 88
335,,Miejscowosc 335,40,69,24-085,Ulica 49
336,Miasto 336,,22,,02-250,Ulica 29
337,,Miejscowosc 337,89,38,84-790,Ulica 97
338,Miasto 338,,53,,80-959,Ulica 4
339,,Miejscowosc 339,46,89,34-645,Ulica 35
340,Miasto 340,,60,,03-082,Ulica 57
341,,Miejscowosc 341,35,56,31-565,Ulica 66
342,Miasto 342,,29,,94-340,Ulica 43
343,,Miejscowosc 343,51,26,64-514,Ulica 9
344,Miasto 344,,85,,57-519,Ulica 66
345,,Miejscowosc 345,70,19,09-536,Ulica 13
346,Miasto 346,,2,,73-676,Ulica 70
347,,Miejscowosc 347,86,30,15-321,Ulica 62
348,Miasto 348,,42,,58-006,Ulica 95
349,,Miejscowosc 349,37,66,22-561,Ulica 16
350,Miasto 350,,18,,01-806,Ulica 70
351,,Miejscowosc 351,76,94,11-369,Ulica 99
352,Miasto 352,,27,,24-799,Ulica 90
353,,Miejscowosc 353,75,26,73-909,Ulica 100
354,Miasto 354,,94,,66-352,Ulica 26
355,,Miejscowosc 355,64,16,58-040,Ulica 19
356,Miasto 356,,97,,16-171,Ulica 8
357,,Miejscowosc 357,35,16,24-552,Ulica 72
358,Miasto 358,,17,,74-952,Ulica 86
359,,Miejscowosc 359,24,16,86-250,Ulica 8
360,Miasto 360,,19,,47-139,Ulica 88
361,,Miejscowosc 361,53,30,28-669,Ulica 80
362,Miasto 362,,95,,15-569,Ulica 89
363,,Miejscowosc 363,53,47,42-026,Ulica 76
364,Miasto 364,,32,,45-856,Ulica 82
365,,Miejscowosc 365,49,94,21-333,Ulica 100
366,Miasto 366,,17,,03-545,Ulica 41
367,,Miejscowosc 367,10,92,97-432,Ulica 23
368,Miasto 368,,32,,60-275,Ulica 98
369,,Miejscowosc 369,46,43,48-167,Ulica 16
370,Miasto 370,,30,,96-633,Ulica 19
371,,Miejscowosc 371,99,27,44-566,Ulica 56
372,Miasto 372,,44,,15-088,Ulica 44
373,,Miejscowosc 373,94,77,89-563,Ulica 92
374,Miasto 374,,14,,22-919,Ulica 13
375,,Miejscowosc 375,64,82,16-301,Ulica 74
376,Miasto 376,,24,,06-674,Ulica 6
377,,Miejscowosc 377,12,25,62-025,Ulica 30
378,Miasto 378,,41,,91-054,Ulica 65
379,,Miejscowosc 379,94,67,14-371,Ulica 100
380,Miasto 380,,92,,39-376,Ulica 18
381,,Miejscowosc 381,57,6,67-850,Ulica 86
382,Miasto 382,,78,,86-819,Ulica 90
383,,Miejscowosc 383,49,73,36-566,Ulica 51
384,Miasto 384,,32,,40-979,Ulica 77
385,,Miejscowosc 385,18,27,54-331,Ulica 16
386,Miasto 386,,56,,12-711,Ulica 83
387,,Miejscowosc 387,72,66,99-985,Ulica 9
388,Miasto 388,,51,,69-515,Ulica 15
389,,Miejscowosc 389,98,55,22-798,Ulica 54
390,Miasto 390,,90,,46-506,Ulica 23
391,,Miejscowosc 391,88,73,95-457,Ulica 15
392,Miasto 392,,16,,78-463,Ulica 14
393,,Miejscowosc 393,49,83,92-114,Ulica 93
394,Miasto 394,,51,,10-192,Ulica 3
395,,Miejscowosc 395,39,14,92-043,Ulica 15
396,Miasto 396,,87,,67-067,Ulica 12
397,,Miejscowosc 397,86,6,22-532,Ulica 6
398,Miasto 398,,69,,80-462,Ulica 52
399,,Miejscowosc 399,46,51,20-951,Ulica 70
400,Miasto 400,,1,,91-941,Ulica 18
401,,Miejscowosc 401,26,54,06-197,Ulica 4
402,Miasto 402,,23,,88-055,Ulica 70
403,,Miejscowosc 403,46,6,26-609,Ulica 14
404,Miasto 404,,56,,10-139,Ulica 46
405,,Miejscowosc 405,2,98,30-821,Ulica 88
406,Miasto 406,,50,,64-640,Ulica 98
407,,Miejscowosc 407,8,79,77-245,Ulica 35
408,Miasto 408,,42,,80-745,Ulica 30
409,,Miejscowosc 409,10,22,53-969,Ulica 81
410,Miasto 410,,48,,72-324,Ulica 86
411,,Miejscowosc 411,96,2,94-238,Ulica 70
412,Miasto 412,,53,,71-519,Ulica 67
413,,Miejscowosc 413,40,11,03-130,Ulica 17
414,Miasto 414,,24,,06-948,Ulica 3
415,,Miejscowosc 415,19,27,01-285,Ulica 73
416,Miasto 416,,95,,31-395,Ulica 86
417,,Miejscowosc 417,53,58,04-402,Ulica 15
418,Miasto 418,,54,,47-355,Ulica 8
419,,Miejscowosc 419,8,88,07-947,Ulica 76
420,Miasto 420,,2,,40-743,Ulica 13
421,,Miejscowosc 421,27,25,46-915,Ulica 88
422,Miasto 422,,50,,38-314,Ulica 17
423,,Miejscowosc 423,97,74,62-411,Ulica 27
424,Miasto 424,,27,,15-394,Ulica 44
425,,Miejscowosc 425,23,29,88-814,Ulica 2
426,Miasto 426,,7,,24-385,Ulica 6
427,,Miejscowosc 427,23,97,59-969,Ulica 7
428,Miasto 428,,35,,89-965,Ulica 32
429,,Miejscowosc 429,1,84,84-114,Ulica 36
430,Miasto 430,,20,,06-052,Ulica 69
431,,Miejscowosc 431,80,3,56-905,Ulica 40
432,Miasto 432,,14,,94-560,Ulica 85
433,,Miejscowosc 433,89,47,31-144,Ulica 71
434,Miasto 434,,9,,48-497,Ulica 24
435,,Miejscowosc 435,12,100,44-867,Ulica 80
436,Miasto 436,,8,,90-621,Ulica 91
437,,Miejscowosc 437,82,23,09-312,Ulica 26
438,Miasto 438,,59,,09-661,Ulica 11
439,,Miejscowosc 439,9,95,82-096,Ulica 9
440,Miasto 440,,14,,24-141,Ulica 91
441,,Miejscowosc 441,12,81,02-223,Ulica 92
442,Miasto 442,,76,,91-124,Ulica 74
443,,Miejscowosc 443,57,42,55-871,Ulica 22
444,Miasto 444,,89,,75-134,Ulica 73
445,,Miejscowosc 445,100,78,66-162,Ulica 2
446,Miasto 446,,64,,73-769,Ulica 8
447,,Miejscowosc 447,5,55,81-226,Ulica 71
448,Miasto 448,,17,,05-713,Ulica 90
449,,Miejscowosc 449,83,80,46-591,
450,Miasto 450,,100,,65-761,Ulica 42
451,,Miejscowosc 451,97,91,96-754,Ulica 13
452,Miasto 452,,81,,50-662,Ulica 74
453,,Miejscowosc 453,12,12,28-310,
454,Miasto 454,,84,,55-379,Ulica 44
455,,Miejscowosc 455,8,98,74-908,Ulica 88
456,Miasto 456,,70,,23-238,Ulica 94
457,,Miejscowosc 457,86,53,09-326,
458,Miasto 458,,56,,44-389,Ulica 73
459,,Miejscowosc 459,86,67,03-085,Ulica 8
460,Miasto 460,,75,,17-038,Ulica 16
461,,Miejscowosc 461,87,53,73-744,
462,Miasto 462,,65,,50-158,Ulica 14
463,,Miejscowosc 463,22,50,21-079,Ulica 98
464,Miasto 464,,80,,38-059,Ulica 21
465,,Miejscowosc 465,19,53,13-243,
466,Miasto 466,,95,,70-393,Ulica 13
467,,Miejscowosc 467,49,41,84-884,
468,Miasto 468,,3,,75-446,Ulica 84
469,,Miejscowosc 469,4,2,30-120,Ulica 44
470,Miasto 470,,9,,53-817,Ulica 25
471,,Miejscowosc 471,72,96,72-258,Ulica 30
472,Miasto 472,,72,,53-427,Ulica 31
473,,Miejscowosc 473,82,6,18-509,Ulica 60
474,Miasto 474,,51,,57-120,Ulica 69
475,,Miejscowosc 475,84,4,31-982,Ulica 86
476,Miasto 476,,34,,98-212,Ulica 16
477,,Miejscowosc 477,8,65,25-793,
478,Miasto 478,,28,,31-404,Ulica 37
479,,Miejscowosc 479,44,71,40-006,Ulica 21
480,Miasto 480,,73,,01-490,Ulica 12
481,,Miejscowosc 481,46,23,51-490,Ulica 62
482,Miasto 482,,44,,80-704,Ulica 2
483,,Miejscowosc 483,33,42,88-315,Ulica 14
484,Miasto 484,,22,,58-949,Ulica 13
485,,Miejscowosc 485,95,85,02-139,Ulica 66
486,Miasto 486,,70,,11-147,Ulica 18
487,,Miejscowosc 487,67,36,06-178,Ulica 8
488,Miasto 488,,6,,62-062,Ulica 65
489,,Miejscowosc 489,58,69,11-606,
490,Miasto 490,,76,,44-498,Ulica 89
491,,Miejscowosc 491,54,41,70-891,Ulica 97
492,Miasto 492,,45,,83-133,Ulica 61
493,,Miejscowosc 493,61,48,88-057,
494,Miasto 494,,61,,47-987,Ulica 83
495,,Miejscowosc 495,45,22,25-162,Ulica 89
496,Miasto 496,,72,,82-628,Ulica 7
497,,Miejscowosc 497,100,72,57-387,Ulica 31
498,Miasto 498,,7,,68-065,Ulica 22
499,,Miejscowosc 499,83,73,16-792,Ulica 67
500,Miasto 500,,7,,69-694,Ulica 99
501,,Miejscowosc 501,97,29,74-053,Ulica 94
502,Miasto 502,,96,,89-993,Ulica 84
503,,Miejscowosc 503,92,65,87-578,Ulica 86
504,Miasto 504,,2,,66-352,Ulica 35
505,,Miejscowosc 505,21,95,90-493,Ulica 21
506,Miasto 506,,13,,33-039,Ulica 74
507,,Miejscowosc 507,45,68,82-011,Ulica 13
508,Miasto 508,,15,,95-056,Ulica 19
509,,Miejscowosc 509,58,89,45-820,
510,Miasto 510,,87,,82-176,Ulica 3
511,,Miejscowosc 511,75,66,68-363,Ulica 100
512,Miasto 512,,78,,07-076,Ulica 81
513,,Miejscowosc 513,62,46,78-545,Ulica 58
514,Miasto 514,,56,,82-326,Ulica 69
515,,Miejscowosc 515,69,66,91-045,Ulica 64
516,Miasto 516,,44,,76-368,Ulica 24
517,,Miejscowosc 517,75,59,61-753,
518,Miasto 518,,21,,55-207,Ulica 20
519,,Miejscowosc 519,70,32,64-331,Ulica 47
520,Miasto 520,,80,,31-139,Ulica 19
521,,Miejscowosc 521,2,90,55-833,Ulica 16
522,Miasto 522,,1,,69-457,Ulica 13
523,,Miejscowosc 523,82,55,41-087,Ulica 99
524,Miasto 524,,27,,52-591,Ulica 57
525,,Miejscowosc 525,44,56,45-291,
526,Miasto 526,,96,,07-733,Ulica 97
527,,Miejscowosc 527,8,98,61-458,Ulica 20
528,Miasto 528,,15,,79-417,Ulica 19
529,,Miejscowosc 529,46,60,94-719,Ulica 3
530,Miasto 530,,73,,55-505,Ulica 57
531,,Miejscowosc 531,30,22,09-021,Ulica 56
532,Miasto 532,,45,,99-812,Ulica 2
533,,Miejscowosc 533,40,65,20-789,Ulica 29
534,Miasto 534,,93,,42-054,Ulica 73
535,,Miejscowosc 535,30,59,28-585,Ulica 69
536,Miasto 536,,78,,40-673,Ulica 82
537,,Miejscowosc 537,28,76,18-604,Ulica 54
538,Miasto 538,,95,,48-381,Ulica 58
539,,Miejscowosc 539,25,60,69-225,Ulica 58
540,Miasto 540,,80,,86-460,Ulica 36
541,,Miejscowosc 541,28,80,12-773,
542,Miasto 542,,90,,66-313,Ulica 98
543,,Miejscowosc 543,31,6,96-838,Ulica 69
544,Miasto 544,,70,,23-053,Ulica 94
545,,Miejscowosc 545,83,81,41-267,Ulica 38
546,Miasto 546,,2,,40-553,Ulica 29
547,,Miejscowosc 547,62,64,24-633,Ulica 98
548,Miasto 548,,42,,84-187,Ulica 21
549,,Miejscowosc 549,59,98,68-955,Ulica 11
550,Miasto 550,,79,,54-869,Ulica 9
551,,Miejscowosc 551,2,34,63-096,Ulica 81
552,Miasto 552,,81,,37-054,Ulica 61
553,,Miejscowosc 553,32,54,20-267,Ulica 1
554,Miasto 554,,35,,97-548,Ulica 22
555,,Miejscowosc 555,72,2,78-586,Ulica 3
556,Miasto 556,,100,,35-594,Ulica 93
557,,Miejscowosc 557,22,28,60-094,Ulica 34
558,Miasto 558,,32,,56-490,Ulica 54
559,,Miejscowosc 559,2,41,23-058,Ulica 33
560,Miasto 560,,88,,52-897,Ulica 19
561,,Miejscowosc 561,49,12,62-462,Ulica 74
562,Miasto 562,,79,,71-310,Ulica 58
563,,Miejscowosc 563,15,12,60-655,
564,Miasto 564,,63,,34-242,Ulica 24
565,,Miejscowosc 565,36,45,68-441,
566,Miasto 566,,88,,83-407,Ulica 39
567,,Miejscowosc 567,18,41,24-126,Ulica 93
568,Miasto 568,,3,,06-758,Ulica 21
569,,Miejscowosc 569,81,76,47-810,Ulica 41
570,Miasto 570,,63,,88-064,Ulica 34
571,,Miejscowosc 571,36,36,81-201,Ulica 29
572,Miasto 572,,21,,10-294,Ulica 23
573,,Miejscowosc 573,67,1,67-661,
574,Miasto 574,,98,,47-678,Ulica 41
575,,Miejscowosc 575,14,75,21-496,Ulica 96
576,Miasto 576,,96,,06-673,Ulica 45
577,,Miejscowosc 577,71,100,10-126,
578,Miasto 578,,4,,64-141,Ulica 14
579,,Miejscowosc 579,98,34,94-719,Ulica 7
580,Miasto 580,,6,,11-702,Ulica 76
581,,Miejscowosc 581,90,41,41-969,
582,Miasto 582,,22,,02-063,Ulica 61
583,,Miejscowosc 583,98,14,44-148,Ulica 15
584,Miasto 584,,8,,83-009,Ulica 42
585,,Miejscowosc 585,63,53,47-470,
586,Miasto 586,,67,,06-276,Ulica 98
587,,Miejscowosc 587,43,41,08-301,Ulica 54
588,Miasto 588,,74,,21-043,Ulica 14
589,,Miejscowosc 589,15,53,42-916,
590,Miasto 590,,54,,98-354,Ulica 78
591,,Miejscowosc 591,2,10,53-495,Ulica 59
592,Miasto 592,,37,,72-075,Ulica 76
593,,Miejscowosc 593,63,19,76-914,Ulica 75
594,Miasto 594,,95,,96-335,Ulica 32
595,,Miejscowosc 595,85,21,51-307,Ulica 62
596,Miasto 596,,41,,30-639,Ulica 16
597,,Miejscowosc 597,76,16,79-062,Ulica 9
598,Miasto 598,,25,,88-288,Ulica 76
599,,Miejscowosc 599,12,84,17-926,Ulica 17
600,Miasto 600,,85,,15-037,Ulica 34
601,,Miejscowosc 601,71,17,02-087,
602,Miasto 602,,25,,34-249,Ulica 93
603,,Miejscowosc 603,44,75,35-031,Ulica 42
604,Miasto 604,,80,,23-909,Ulica 13
605,,Miejscowosc 605,99,85,29-523,
606,Miasto 606,,3,,76-291,Ulica 89
607,,Miejscowosc 607,3,85,66-935,Ulica 88
608,Miasto 608,,98,,39-295,Ulica 17
609,,Miejscowosc 609,13,65,87-038,Ulica 47
610,Miasto 610,,72,,52-953,Ulica 41
611,,Miejscowosc 611,76,72,11-863,Ulica 34
612,Miasto 612,,37,,61-832,Ulica 38
613,,Miejscowosc 613,92,98,09-990,
614,Miasto 614,,84,,78-178,Ulica 1
615,,Miejscowosc 615,27,7,77-729,
616,Miasto 616,,54,,27-531,Ulica 36
617,,Miejscowosc 617,17,56,95-099,Ulica 15
618,Miasto 618,,75,,03-095,Ulica 53
619,,Miejscowosc 619,92,98,07-716,Ulica 23
620,Miasto 620,,18,,65-818,Ulica 27
621,,Miejscowosc 621,85,90,08-420,Ulica 61
622,Miasto 622,,3,,54-707,Ulica 8
623,,Miejscowosc 623,68,48,75-935,Ulica 55
624,Miasto 624,,72,,04-783,Ulica 23
625,,Miejscowosc 625,19,42,33-468,Ulica 12
626,Miasto 626,,40,,74-726,Ulica 41
627,,Miejscowosc 627,99,70,99-913,
628,Miasto 628,,63,,80-271,Ulica 26
629,,Miejscowosc 629,98,81,63-973,Ulica 34
630,Miasto 630,,6,,95-229,Ulica 37
631,,Miejscowosc 631,61,38,04-086,Ulica 49
632,Miasto 632,,48,,22-761,Ulica 67
633,,Miejscowosc 633,53,18,50-225,
634,Miasto 634,,11,,79-231,Ulica 90
635,,Miejscowosc 635,76,54,28-323,Ulica 46
636,Miasto 636,,89,,86-699,Ulica 70
637,,Miejscowosc 637,2,78,47-635,
638,Miasto 638,,16,,43-004,Ulica 89
639,,Miejscowosc 639,24,4,98-746,Ulica 23
640,Miasto 640,,50,,15-505,Ulica 83
641,,Miejscowosc 641,74,88,70-033,Ulica 40
642,Miasto 642,,34,,86-269,Ulica 30
643,,Miejscowosc 643,43,63,28-680,Ulica 58
644,Miasto 644,,78,,06-178,Ulica 10
645,,Miejscowosc 645,54,74,67-658,Ulica 32
646,Miasto 646,,84,,10-048,Ulica 1
647,,Miejscowosc 647,80,7,14-608,Ulica 22
648,Miasto 648,,64,,48-465,Ulica 28
649,,Miejscowosc 649,56,70,62-174,
650,Miasto 650,,61,,05-795,Ulica 44
651,,Miejscowosc 651,35,35,76-444,Ulica 79
652,Miasto 652,,24,,38-201,Ulica 92
653,,Miejscowosc 653,49,78,42-906,
654,Miasto 654,,53,,19-032,Ulica 88
655,,Miejscowosc 655,20,83,98-456,Ulica 3
656,Miasto 656,,89,,80-180,Ulica 83
657,,Miejscowosc 657,85,78,75-432,Ulica 84
658,Miasto 658,,64,,58-387,Ulica 51
659,,Miejscowosc 659,20,76,61-802,Ulica 67
660,Miasto 660,,13,,35-671,Ulica 43
661,,Miejscowosc 661,53,97,35-464,Ulica 19
662,Miasto 662,,54,,54-349,Ulica 80
663,,Miejscowosc 663,74,65,87-736,Ulica 39
664,Miasto 664,,74,,87-151,Ulica 18
665,,Miejscowosc 665,36,37,87-164,Ulica 12
666,Miasto 666,,4,,13-630,Ulica 94
667,,Miejscowosc 667,99,79,10-266,Ulica 18
668,Miasto 668,,76,,47-628,Ulica 7
669,,Miejscowosc 669,26,17,87-295,Ulica 10
670,Miasto 670,,7,,20-422,Ulica 4
671,,Miejscowosc 671,24,79,99-879,Ulica 98
672,Miasto 672,,96,,15-905,Ulica 24
673,,Miejscowosc 673,7,27,57-826,Ulica 53
674,Miasto 674,,47,,01-817,Ulica 68
675,,Miejscowosc 675,73,2,31-232,Ulica 86
676,Miasto 676,,56,,65-617,Ulica 88
677,,Miejscowosc 677,45,39,62-516,
678,Miasto 678,,25,,78-746,Ulica 31
679,,Miejscowosc 679,55,22,05-078,Ulica 91
680,Miasto 680,,14,,86-383,Ulica 73
681,,Miejscowosc 681,98,91,59-024,
682,Miasto 682,,51,,74-718,Ulica 90
683,,Miejscowosc 683,34,46,64-882,Ulica 15
684,Miasto 684,,3,,14-219,Ulica 67
685,,Miejscowosc 685,33,72,21-448,
686,Miasto 686,,8,,84-890,Ulica 27
687,,Miejscowosc 687,68,71,49-514,Ulica 79
688,Miasto 688,,25,,45-927,Ulica 4
689,,Miejscowosc 689,81,90,99-822,Ulica 88
690,Miasto 690,,41,,12-034,Ulica 92
691,,Miejscowosc 691,35,77,86-167,Ulica 31
692,Miasto 692,,53,,54-539,Ulica 24
693,,Miejscowosc 693,98,53,93-743,
694,Miasto 694,,82,,53-135,Ulica 99
695,,Miejscowosc 695,60,8,28-087,
696,Miasto 696,,65,,63-585,Ulica 50
697,,Miejscowosc 697,98,97,13-045,Ulica 53
698,Miasto 698,,6,,71-968,Ulica 57
699,,Miejscowosc 699,59,51,52-796,
700,Miasto 700,,30,,77-754,Ulica 62
701,,Miejscowosc 701,17,9,35-965,
702,Miasto 702,,54,,87-729,Ulica 24
703,,Miejscowosc 703,14,33,38-447,Ulica 61
704,Miasto 704,,21,,74-520,Ulica 54
705,,Miejscowosc 705,26,65,09-249,Ulica 4
706,Miasto 706,,54,,59-184,Ulica 10
707,,Miejscowosc 707,23,27,92-694,
708,Miasto 708,,43,,17-342,Ulica 25
709,,Miejscowosc 709,50,38,52-021,
710,Miasto 710,,91,,96-877,Ulica 4
711,,Miejscowosc 711,79,32,86-659,Ulica 85
712,Miasto 712,,66,,72-043,Ulica 66
713,,Miejscowosc 713,100,30,32-984,Ulica 67
714,Miasto 714,,97,,02-295,Ulica 35
715,,Miejscowosc 715,14,4,82-038,
716,Miasto 716,,29,,71-014,Ulica 36
717,,Miejscowosc 717,60,79,50-922,
718,Miasto 718,,12,,96-049,Ulica 6
719,,Miejscowosc 719,38,71,18-561,Ulica 88
720,Miasto 720,,2,,82-278,Ulica 16
721,,Miejscowosc 721,75,63,98-420,Ulica 89
722,Miasto 722,,24,,48-952,Ulica 34
723,,Miejscowosc 723,24,29,69-733,Ulica 92
724,Miasto 724,,79,,41-438,Ulica 66
725,,Miejscowosc 725,53,16,26-180,Ulica 87
726,Miasto 726,,69,,43-576,Ulica 98
727,,Miejscowosc 727,96,28,66-334,Ulica 56
728,Miasto 728,,1,,12-539,Ulica 55
729,,Miejscowosc 729,28,100,44-575,Ulica 59
730,Miasto 730,,15,,77-200,Ulica 50
731,,Miejscowosc 731,60,62,11-924,Ulica 62
732,Miasto 732,,69,,94-538,Ulica 98
733,,Miejscowosc 733,100,26,56-912,
734,Miasto 734,,40,,22-624,Ulica 36
735,,Miejscowosc 735,23,36,83-237,Ulica 56
736,Miasto 736,,14,,50-390,Ulica 1
737,,Miejscowosc 737,97,84,14-542,Ulica 51
738,Miasto 738,,84,,22-753,Ulica 69
739,,Miejscowosc 739,9,65,55-449,
740,Miasto 740,,61,,33-395,Ulica 30
741,,Miejscowosc 741,84,79,05-174,
742,Miasto 742,,24,,04-748,Ulica 14
743,,Miejscowosc 743,69,58,39-059,Ulica 30
744,Miasto 744,,99,,13-922,Ulica 68
745,,Miejscowosc 745,20,52,54-623,
746,Miasto 746,,7,,87-279,Ulica 56
747,,Miejscowosc 747,8,64,34-363,Ulica 4
748,Miasto 748,,82,,90-547,Ulica 31
749,,Miejscowosc 749,48,49,46-138,
750,Miasto 750,,93,,10-915,Ulica 97
751,,Miejscowosc 751,91,71,42-662,Ulica 36
752,Miasto 752,,45,,12-751,Ulica 30
753,,Miejscowosc 753,85,3,38-182,Ulica 59
754,Miasto 754,,60,,03-190,Ulica 62
755,,Miejscowosc 755,41,73,06-167,
756,Miasto 756,,58,,69-862,Ulica 24
757,,Miejscowosc 757,97,99,60-659,
758,Miasto 758,,47,,06-355,Ulica 92
759,,Miejscowosc 759,91,63,89-368,Ulica 52
760,Miasto 760,,86,,70-782,Ulica 79
761,,Miejscowosc 761,60,16,21-417,Ulica 91
762,Miasto 762,,43,,27-139,Ulica 94
763,,Miejscowosc 763,100,32,99-978,Ulica 12
764,Miasto 764,,36,,43-947,Ulica 71
765,,Miejscowosc 765,90,16,81-523,Ulica 91
766,Miasto 766,,31,,70-451,Ulica 49
767,,Miejscowosc 767,95,7,08-332,Ulica 84
768,Miasto 768,,84,,21-809,Ulica 37
769,,Miejscowosc 769,8,89,81-014,Ulica 15
770,Miasto 770,,11,,50-068,Ulica 66
771,,Miejscowosc 771,59,44,33-160,
772,Miasto 772,,44,,26-390,Ulica 11
773,,Miejscowosc 773,30,96,64-836,
774,Miasto 774,,83,,33-399,Ulica 26
775,,Miejscowosc 775,21,53,79-614,Ulica 92
776,Miasto 776,,37,,85-620,Ulica 26
777,,Miejscowosc 777,62,38,88-895,
778,Miasto 778,,54,,24-507,Ulica 53
779,,Miejscowosc 779,95,44,93-461,Ulica 76
780,Miasto 780,,52,,70-877,Ulica 86
781,,Miejscowosc 781,66,75,44-290,
782,Miasto 782,,4,,53-807,Ulica 55
783,,Miejscowosc 783,8,66,28-620,Ulica 20
784,Miasto 784,,91,,04-123,Ulica 63
785,,Miejscowosc 785,32,100,72-754,Ulica 55
786,Miasto 786,,40,,02-698,Ulica 44
787,,Miejscowosc 787,25,62,69-838,Ulica 10
788,Miasto 788,,30,,42-371,Ulica 80
789,,Miejscowosc 789,87,90,04-254,Ulica 25
790,Miasto 790,,42,,99-291,Ulica 47
791,,Miejscowosc 791,20,2,46-107,Ulica 99
792,Miasto 792,,42,,85-560,Ulica 77
793,,Miejscowosc 793,96,74,54-869,Ulica 87
794,Miasto 794,,40,,90-527,Ulica 51
795,,Miejscowosc 795,49,48,17-879,Ulica 62
796,Miasto 796,,65,,83-955,Ulica 30
797,,Miejscowosc 797,43,70,34-306,Ulica 25
798,Miasto 798,,38,,35-166,Ulica 11
799,,Miejscowosc 799,78,85,35-522,Ulica 57
800,Miasto 800,,26,,99-497,Ulica 63
801,,Miejscowosc 801,100,33,22-749,Ulica 5
802,Miasto 802,,69,,50-224,Ulica 51
803,,Miejscowosc 803,6,10,93-981,Ulica 64
804,Miasto 804,,40,,85-018,Ulica 83
805,,Miejscowosc 805,52,29,04-359,
806,Miasto 806,,26,,79-259,Ulica 48
807,,Miejscowosc 807,68,65,45-194,Ulica 34
808,Miasto 808,,92,,03-338,Ulica 61
809,,Miejscowosc 809,82,35,14-338,Ulica 40
810,Miasto 810,,11,,43-657,Ulica 33
811,,Miejscowosc 811,9,65,48-250,
812,Miasto 812,,71,,15-092,Ulica 37
813,,Miejscowosc 813,73,60,66-277,Ulica 92
814,Miasto 814,,2,,22-731,Ulica 62
815,,Miejscowosc 815,10,100,45-495,Ulica 22
816,Miasto 816,,83,,12-921,Ulica 85
817,,Miejscowosc 817,57,14,36-227,Ulica 5
818,Miasto 818,,57,,76-383,Ulica 75
819,,Miejscowosc 819,14,99,03-990,
820,Miasto 820,,68,,98-389,Ulica 67
821,,Miejscowosc 821,25,63,93-330,
822,Miasto 822,,11,,52-428,Ulica 74
823,,Miejscowosc 823,80,73,04-186,Ulica 93
824,Miasto 824,,57,,67-879,Ulica 95
825,,Miejscowosc 825,40,94,64-091,Ulica 43
826,Miasto 826,,69,,19-293,Ulica 93
827,,Miejscowosc 827,97,47,44-971,Ulica 44
828,Miasto 828,,25,,12-234,Ulica 75
829,,Miejscowosc 829,21,2,87-667,Ulica 8
830,Miasto 830,,35,,59-822,Ulica 8
831,,Miejscowosc 831,88,68,47-470,Ulica 78
832,Miasto 832,,86,,82-659,Ulica 16
833,,Miejscowosc 833,96,43,13-938,
834,Miasto 834,,78,,88-616,Ulica 93
835,,Miejscowosc 835,15,93,03-619,
836,Miasto 836,,100,,07-578,Ulica 20
837,,Miejscowosc 837,87,43,35-185,Ulica 12
838,Miasto 838,,82,,66-186,Ulica 96
839,,Miejscowosc 839,13,51,36-921,Ulica 82
840,Miasto 840,,54,,04-323,Ulica 61
841,,Miejscowosc 841,41,80,04-857,
842,Miasto 842,,68,,84-491,Ulica 97
843,,Miejscowosc 843,29,31,22-153,
844,Miasto 844,,86,,59-312,Ulica 98
845,,Miejscowosc 845,64,10,68-864,
846,Miasto 846,,4,,86-172,Ulica 82
847,,Miejscowosc 847,2,96,56-234,Ulica 85
848,Miasto 848,,5,,82-304,Ulica 22
849,,Miejscowosc 849,71,46,66-011,
850,Miasto 850,,8,,30-754,Ulica 59
851,,Miejscowosc 851,63,46,39-180,Ulica 6
852,Miasto 852,,28,,50-077,Ulica 38
853,,Miejscowosc 853,17,34,03-135,Ulica 20
854,Miasto 854,,45,,12-059,Ulica 39
855,,Miejscowosc 855,35,57,12-426,Ulica 37
856,Miasto 856,,34,,42-110,Ulica 6
857,,Miejscowosc 857,41,98,81-661,Ulica 12
858,Miasto 858,,34,,76-778,Ulica 45
859,,Miejscowosc 859,51,5,68-250,Ulica 31
860,Miasto 860,,65,,34-630,Ulica 94
861,,Miejscowosc 861,29,99,20-005,Ulica 66
862,Miasto 862,,48,,02-223,Ulica 16
863,,Miejscowosc 863,59,2,61-445,Ulica 5
864,Miasto 864,,3,,13-864,Ulica 59
865,,Miejscowosc 865,26,44,30-980,
866,Miasto 866,,89,,53-764,Ulica 87
867,,Miejscowosc 867,23,61,46-629,
868,Miasto 868,,7,,21-974,Ulica 22
869,,Miejscowosc 869,85,28,64-629,Ulica 60
870,Miasto 870,,41,,68-347,Ulica 6
871,,Miejscowosc 871,68,63,21-355,Ulica 83
872,Miasto 872,,21,,38-126,Ulica 64
873,,Miejscowosc 873,99,24,10-539,
874,Miasto 874,,58,,75-320,Ulica 39
875,,Miejscowosc 875,39,65,82-094,Ulica 13
876,Miasto 876,,12,,77-657,Ulica 24
877,,Miejscowosc 877,71,5,86-902,
878,Miasto 878,,27,,61-199,Ulica 6
879,,Miejscowosc 879,22,52,12-377,Ulica 52
880,Miasto 880,,76,,69-185,Ulica 70
881,,Miejscowosc 881,54,14,98-674,
882,Miasto 882,,65,,60-187,Ulica 2
883,,Miejscowosc 883,31,81,11-633,
884,Miasto 884,,19,,31-936,Ulica 25
885,,Miejscowosc 885,33,50,88-400,Ulica 57
886,Miasto 886,,71,,63-941,Ulica 8
887,,Miejscowosc 887,94,37,66-723,Ulica 64
888,Miasto 888,,12,,78-654,Ulica 93
889,,Miejscowosc 889,84,89,26-854,Ulica 87
890,Miasto 890,,3,,76-954,Ulica 82
891,,Miejscowosc 891,17,96,24-623,Ulica 10
892,Miasto 892,,92,,54-797,Ulica 40
893,,Miejscowosc 893,61,86,63-224,
894,Miasto 894,,69,,12-175,Ulica 65
895,,Miejscowosc 895,9,60,30-692,Ulica 62
896,Miasto 896,,88,,56-283,Ulica 21
897,,Miejscowosc 897,32,62,01-684,Ulica 23
898,Miasto 898,,44,,62-409,Ulica 93
899,,Miejscowosc 899,55,95,24-221,Ulica 67
900,Miasto 900,,95,,38-462,Ulica 59
901,,Miejscowosc 901,40,11,03-281,
902,Miasto 902,,93,,21-886,Ulica 18
903,,Miejscowosc 903,57,88,03-897,Ulica 52
904,Miasto 904,,13,,47-753,Ulica 22
905,,Miejscowosc 905,78,10,83-760,
906,Miasto 906,,65,,41-291,Ulica 14
907,,Miejscowosc 907,86,84,89-377,Ulica 39
908,Miasto 908,,16,,60-550,Ulica 9
909,,Miejscowosc 909,36,69,15-672,
910,Miasto 910,,20,,50-976,Ulica 73
911,,Miejscowosc 911,52,13,96-539,Ulica 1
912,Miasto 912,,87,,25-830,Ulica 59
913,,Miejscowosc 913,1,22,78-073,Ulica 12
914,Miasto 914,,100,,19-443,Ulica 72
915,,Miejscowosc 915,44,54,45-129,Ulica 100
916,Miasto 916,,81,,12-235,Ulica 50
917,,Miejscowosc 917,1,75,97-253,
918,Miasto 918,,77,,49-537,Ulica 23
919,,Miejscowosc 919,41,3,52-971,Ulica 35
920,Miasto 920,,29,,50-242,Ulica 77
921,,Miejscowosc 921,23,77,73-004,Ulica 92
922,Miasto 922,,25,,26-218,Ulica 5
923,,Miejscowosc 923,73,75,98-820,
924,Miasto 924,,2,,96-905,Ulica 89
925,,Miejscowosc 925,46,64,96-860,
926,Miasto 926,,4,,77-306,Ulica 77
927,,Miejscowosc 927,42,68,03-016,Ulica 55
928,Miasto 928,,96,,76-816,Ulica 63
929,,Miejscowosc 929,66,65,26-836,Ulica 61
930,Miasto 930,,51,,02-279,Ulica 60
931,,Miejscowosc 931,82,40,16-305,Ulica 72
932,Miasto 932,,26,,50-460,Ulica 69
933,,Miejscowosc 933,54,5,99-362,Ulica 59
934,Miasto 934,,73,,32-186,Ulica 26
935,,Miejscowosc 935,29,62,43-698,Ulica 24
936,Miasto 936,,74,,11-326,Ulica 42
937,,Miejscowosc 937,84,25,22-840,Ulica 89
938,Miasto 938,,56,,59-227,Ulica 2
939,,Miejscowosc 939,13,57,26-201,Ulica 29
940,Miasto 940,,38,,64-647,Ulica 71
941,,Miejscowosc 941,27,90,66-871,
942,Miasto 942,,93,,48-297,Ulica 39
943,,Miejscowosc 943,72,26,71-060,Ulica 87
944,Miasto 944,,10,,38-388,Ulica 23
945,,Miejscowosc 945,52,28,18-276,Ulica 41
946,Miasto 946,,74,,47-466,Ulica 64
947,,Miejscowosc 947,70,52,39-823,Ulica 50
948,Miasto 948,,46,,35-472,Ulica 43
949,,Miejscowosc 949,86,94,97-409,Ulica 91
950,Miasto 950,,64,,20-302,Ulica 49
951,,Miejscowosc 951,72,68,78-157,Ulica 62
952,Miasto 952,,54,,76-712,Ulica 95
953,,Miejscowosc 953,84,88,61-089,
954,Miasto 954,,85,,03-626,Ulica 48
955,,Miejscowosc 955,2,94,85-683,Ulica 75
956,Miasto 956,,22,,82-408,Ulica 8
957,,Miejscowosc 957,56,81,16-282,
958,Miasto 958,,67,,21-951,Ulica 71
959,,Miejscowosc 959,80,14,07-107,Ulica 60
960,Miasto 960,,74,,49-110,Ulica 52
961,,Miejscowosc 961,93,42,27-653,Ulica 59
962,Miasto 962,,55,,71-320,Ulica 67
963,,Miejscowosc 963,3,51,35-240,Ulica 76
964,Miasto 964,,95,,33-029,Ulica 76
965,,Miejscowosc 965,38,23,88-078,Ulica 68
966,Miasto 966,,51,,52-361,Ulica 92
967,,Miejscowosc 967,46,23,36-363,Ulica 91
968,Miasto 968,,48,,53-096,Ulica 4
969,,Miejscowosc 969,6,57,89-713,Ulica 82
970,Miasto 970,,73,,06-152,Ulica 43
971,,Miejscowosc 971,53,54,49-107,Ulica 63
972,Miasto 972,,21,,49-674,Ulica 10
973,,Miejscowosc 973,6,30,20-071,Ulica 5
974,Miasto 974,,29,,01-185,Ulica 67
975,,Miejscowosc 975,43,38,07-584,Ulica 21
976,Miasto 976,,8,,89-622,Ulica 34
977,,Miejscowosc 977,56,95,91-280,Ulica 2
978,Miasto 978,,28,,60-804,Ulica 97
979,,Miejscowosc 979,74,77,83-694,Ulica 64
980,Miasto 980,,89,,59-123,Ulica 99
981,,Miejscowosc 981,91,37,87-176,Ulica 99
982,Miasto 982,,65,,24-607,Ulica 26
983,,Miejscowosc 983,6,89,80-031,Ulica 78
984,Miasto 984,,26,,88-326,Ulica 78
985,,Miejscowosc 985,54,8,86-449,
986,Miasto 986,,27,,15-107,Ulica 37
987,,Miejscowosc 987,54,58,90-580,Ulica 3
988,Miasto 988,,49,,70-328,Ulica 19
989,,Miejscowosc 989,90,15,56-564,
990,Miasto 990,,71,,74-212,Ulica 5
991,,Miejscowosc 991,44,37,80-158,Ulica 16
992,Miasto 992,,55,,78-975,Ulica 94
993,,Miejscowosc 993,70,48,79-780,
994,Miasto 994,,89,,56-566,Ulica 68
995,,Miejscowosc 995,27,44,86-828,Ulica 36
996,Miasto 996,,60,,72-461,Ulica 7
997,,Miejscowosc 997,52,5,61-436,
998,Miasto 998,,20,,03-141,Ulica 43
999,,Miejscowosc 999,27,85,34-022,Ulica 44
1000,Miasto 1000,,24,,71-869,Ulica 85
