1,31,Imie 1,Nazwisko 1,email1@example.com,100026223
2,172,Imie 2,Nazwisko 2,email2@example.com,100003072
3,94,Imie 3,Nazwisko 3,email3@example.com,100014531
4,133,Imie 4,Nazwisko 4,email4@example.com,100006130
5,187,Imie 5,Nazwisko 5,email5@example.com,100008202
6,193,Imie 6,Nazwisko 6,email6@example.com,100006289
7,105,Imie 7,Nazwisko 7,email7@example.com,100010980
8,59,Imie 8,Nazwisko 8,email8@example.com,100016040
9,174,Imie 9,Nazwisko 9,email9@example.com,100009874
10,16,Imie 10,Nazwisko 10,email10@example.com,100002212
11,53,Imie 11,Nazwisko 11,email11@example.com,100001292
12,7,Imie 12,Nazwisko 12,email12@example.com,100031049
13,194,Imie 13,Nazwisko 13,email13@example.com,100026957
14,77,Imie 14,Nazwisko 14,email14@example.com,100009893
15,14,Imie 15,Nazwisko 15,email15@example.com,100019954
16,100,Imie 16,Nazwisko 16,email16@example.com,100013634
17,116,Imie 17,Nazwisko 17,email17@example.com,100031235
18,29,Imie 18,Nazwisko 18,email18@example.com,100005024
19,50,Imie 19,Nazwisko 19,email19@example.com,100014353
20,51,Imie 20,Nazwisko 20,email20@example.com,100002530
21,100,Imie 21,Nazwisko 21,email21@example.com,100000897
22,114,Imie 22,Nazwisko 22,email22@example.com,100029128
23,117,Imie 23,Nazwisko 23,email23@example.com,100008231
24,40,Imie 24,Nazwisko 24,email24@example.com,100010973
25,168,Imie 25,Nazwisko 25,email25@example.com,100020503
26,131,Imie 26,Nazwisko 26,email26@example.com,100007922
27,159,Imie 27,Nazwisko 27,email27@example.com,100007095
28,187,Imie 28,Nazwisko 28,email28@example.com,100027338
29,49,Imie 29,Nazwisko 29,email29@example.com,100024601
30,25,Imie 30,Nazwisko 30,email30@example.com,100032535
31,1,Imie 31,Nazwisko 31,email31@example.com,100006024
32,184,Imie 32,Nazwisko 32,email32@example.com,100019877
33,100,Imie 33,Nazwisko 33,email33@example.com,100004193
34,58,Imie 34,Nazwisko 34,email34@example.com,100022230
35,148,Imie 35,Nazwisko 35,email35@example.com,100001573
36,94,Imie 36,Nazwisko 36,email36@example.com,100011086
37,187,Imie 37,Nazwisko 37,email37@example.com,100020683
38,81,Imie 38,Nazwisko 38,email38@example.com,100013807
39,129,Imie 39,Nazwisko 39,email39@example.com,100007771
40,51,Imie 40,Nazwisko 40,email40@example.com,100025096
41,58,Imie 41,Nazwisko 41,email41@example.com,100027320
42,132,Imie 42,Nazwisko 42,email42@example.com,100029129
43,186,Imie 43,Nazwisko 43,email43@example.com,100010685
44,175,Imie 44,Nazwisko 44,email44@example.com,100006395
45,19,Imie 45,Nazwisko 45,email45@example.com,100022412
46,133,Imie 46,Nazwisko 46,email46@example.com,100012270
47,144,Imie 47,Nazwisko 47,email47@example.com,100025379
48,125,Imie 48,Nazwisko 48,email48@example.com,100004786
49,130,Imie 49,Nazwisko 49,email49@example.com,100010033
50,82,Imie 50,Nazwisko 50,email50@example.com,100000137
51,163,Imie 51,Nazwisko 51,email51@example.com,100025895
52,182,Imie 52,Nazwisko 52,email52@example.com,100003997
53,105,Imie 53,Nazwisko 53,email53@example.com,100030353
54,6,Imie 54,Nazwisko 54,email54@example.com,100002287
55,126,Imie 55,Nazwisko 55,email55@example.com,100010407
56,61,Imie 56,Nazwisko 56,email56@example.com,100016528
57,173,Imie 57,Nazwisko 57,email57@example.com,100030239
58,77,Imie 58,Nazwisko 58,email58@example.com,100015891
59,87,Imie 59,Nazwisko 59,email59@example.com,100004934
60,147,Imie 60,Nazwisko 60,email60@example.com,100018754
61,159,Imie 61,Nazwisko 61,email61@example.com,100000079
62,195,Imie 62,Nazwisko 62,email62@example.com,100012048
63,155,Imie 63,Nazwisko 63,email63@example.com,100005611
64,133,Imie 64,Nazwisko 64,email64@example.com,100021199
65,181,Imie 65,Nazwisko 65,email65@example.com,100016410
66,22,Imie 66,Nazwisko 66,email66@example.com,100024483
67,120,Imie 67,Nazwisko 67,email67@example.com,100023360
68,145,Imie 68,Nazwisko 68,email68@example.com,100011831
69,78,Imie 69,Nazwisko 69,email69@example.com,100026491
70,127,Imie 70,Nazwisko 70,email70@example.com,100012974
71,9,Imie 71,Nazwisko 71,email71@example.com,100001588
72,181,Imie 72,Nazwisko 72,email72@example.com,100001757
73,73,Imie 73,Nazwisko 73,email73@example.com,100030196
74,150,Imie 74,Nazwisko 74,email74@example.com,100025783
75,166,Imie 75,Nazwisko 75,email75@example.com,100000121
76,88,Imie 76,Nazwisko 76,email76@example.com,100009480
77,199,Imie 77,Nazwisko 77,email77@example.com,100003850
78,163,Imie 78,Nazwisko 78,email78@example.com,100005735
79,162,Imie 79,Nazwisko 79,email79@example.com,100022791
80,23,Imie 80,Nazwisko 80,email80@example.com,100016485
81,100,Imie 81,Nazwisko 81,email81@example.com,100024772
82,125,Imie 82,Nazwisko 82,email82@example.com,100026379
83,3,Imie 83,Nazwisko 83,email83@example.com,100012951
84,25,Imie 84,Nazwisko 84,email84@example.com,100025220
85,66,Imie 85,Nazwisko 85,email85@example.com,100006704
86,46,Imie 86,Nazwisko 86,email86@example.com,100007958
87,37,Imie 87,Nazwisko 87,email87@example.com,100016937
88,3,Imie 88,Nazwisko 88,email88@example.com,100022871
89,94,Imie 89,Nazwisko 89,email89@example.com,100029150
90,29,Imie 90,Nazwisko 90,email90@example.com,100027293
91,47,Imie 91,Nazwisko 91,email91@example.com,100023935
92,197,Imie 92,Nazwisko 92,email92@example.com,100014774
93,97,Imie 93,Nazwisko 93,email93@example.com,100015460
94,83,Imie 94,Nazwisko 94,email94@example.com,100009177
95,180,Imie 95,Nazwisko 95,email95@example.com,100006560
96,27,Imie 96,Nazwisko 96,email96@example.com,100029149
97,40,Imie 97,Nazwisko 97,email97@example.com,100004824
98,167,Imie 98,Nazwisko 98,email98@example.com,100011689
99,12,Imie 99,Nazwisko 99,email99@example.com,100031062
100,109,Imie 100,Nazwisko 100,email100@example.com,100027628
101,37,Imie 101,Nazwisko 101,email101@example.com,100002393
102,59,Imie 102,Nazwisko 102,email102@example.com,100024078
103,185,Imie 103,Nazwisko 103,email103@example.com,100011183
104,128,Imie 104,Nazwisko 104,email104@example.com,100016486
105,35,Imie 105,Nazwisko 105,email105@example.com,100030086
106,188,Imie 106,Nazwisko 106,email106@example.com,100030893
107,106,Imie 107,Nazwisko 107,email107@example.com,100023168
108,50,Imie 108,Nazwisko 108,email108@example.com,100030898
109,190,Imie 109,Nazwisko 109,email109@example.com,100017669
110,101,Imie 110,Nazwisko 110,email110@example.com,100014672
111,83,Imie 111,Nazwisko 111,email111@example.com,100002269
112,154,Imie 112,Nazwisko 112,email112@example.com,100024989
113,121,Imie 113,Nazwisko 113,email113@example.com,100025598
114,85,Imie 114,Nazwisko 114,email114@example.com,100028261
115,98,Imie 115,Nazwisko 115,email115@example.com,100000418
116,62,Imie 116,Nazwisko 116,email116@example.com,100028119
117,54,Imie 117,Nazwisko 117,email117@example.com,100013213
118,20,Imie 118,Nazwisko 118,email118@example.com,100009085
119,148,Imie 119,Nazwisko 119,email119@example.com,100021998
120,2,Imie 120,Nazwisko 120,email120@example.com,100010354
121,106,Imie 121,Nazwisko 121,email121@example.com,100004244
122,26,Imie 122,Nazwisko 122,email122@example.com,100023503
123,6,Imie 123,Nazwisko 123,email123@example.com,100027555
124,200,Imie 124,Nazwisko 124,email124@example.com,100014182
125,110,Imie 125,Nazwisko 125,email125@example.com,100027030
126,88,Imie 126,Nazwisko 126,email126@example.com,100023731
127,21,Imie 127,Nazwisko 127,email127@example.com,100007143
128,187,Imie 128,Nazwisko 128,email128@example.com,100028175
129,135,Imie 129,Nazwisko 129,email129@example.com,100026077
130,13,Imie 130,Nazwisko 130,email130@example.com,100002087
131,103,Imie 131,Nazwisko 131,email131@example.com,100024998
132,194,Imie 132,Nazwisko 132,email132@example.com,100028589
133,22,Imie 133,Nazwisko 133,email133@example.com,100007077
134,83,Imie 134,Nazwisko 134,email134@example.com,100018253
135,175,Imie 135,Nazwisko 135,email135@example.com,100006157
136,188,Imie 136,Nazwisko 136,email136@example.com,100025059
137,113,Imie 137,Nazwisko 137,email137@example.com,100022191
138,144,Imie 138,Nazwisko 138,email138@example.com,100001259
139,133,Imie 139,Nazwisko 139,email139@example.com,100018704
140,46,Imie 140,Nazwisko 140,email140@example.com,100012088
141,64,Imie 141,Nazwisko 141,email141@example.com,100028351
142,141,Imie 142,Nazwisko 142,email142@example.com,100014314
143,107,Imie 143,Nazwisko 143,email143@example.com,100003045
144,158,Imie 144,Nazwisko 144,email144@example.com,100022938
145,73,Imie 145,Nazwisko 145,email145@example.com,100011806
146,10,Imie 146,Nazwisko 146,email146@example.com,100032215
147,153,Imie 147,Nazwisko 147,email147@example.com,100029575
148,92,Imie 148,Nazwisko 148,email148@example.com,100023766
149,117,Imie 149,Nazwisko 149,email149@example.com,100018457
150,127,Imie 150,Nazwisko 150,email150@example.com,100017765
151,138,Imie 151,Nazwisko 151,email151@example.com,100003381
152,83,Imie 152,Nazwisko 152,email152@example.com,100008481
153,1,Imie 153,Nazwisko 153,email153@example.com,100024447
154,28,Imie 154,Nazwisko 154,email154@example.com,100002281
155,21,Imie 155,Nazwisko 155,email155@example.com,100028400
156,164,Imie 156,Nazwisko 156,email156@example.com,100032146
157,62,Imie 157,Nazwisko 157,email157@example.com,100007463
158,123,Imie 158,Nazwisko 158,email158@example.com,100006364
159,69,Imie 159,Nazwisko 159,email159@example.com,100022016
160,76,Imie 160,Nazwisko 160,email160@example.com,100019109
161,1,Imie 161,Nazwisko 161,email161@example.com,100022120
162,97,Imie 162,Nazwisko 162,email162@example.com,100030301
163,193,Imie 163,Nazwisko 163,email163@example.com,100021872
164,89,Imie 164,Nazwisko 164,email164@example.com,100001210
165,147,Imie 165,Nazwisko 165,email165@example.com,100017312
166,161,Imie 166,Nazwisko 166,email166@example.com,100015789
167,189,Imie 167,Nazwisko 167,email167@example.com,100005261
168,73,Imie 168,Nazwisko 168,email168@example.com,100032404
169,154,Imie 169,Nazwisko 169,email169@example.com,100018093
170,200,Imie 170,Nazwisko 170,email170@example.com,100008369
171,159,Imie 171,Nazwisko 171,email171@example.com,100007531
172,11,Imie 172,Nazwisko 172,email172@example.com,100009179
173,14,Imie 173,Nazwisko 173,email173@example.com,100016759
174,154,Imie 174,Nazwisko 174,email174@example.com,100029043
175,123,Imie 175,Nazwisko 175,email175@example.com,100015200
176,195,Imie 176,Nazwisko 176,email176@example.com,100019354
177,117,Imie 177,Nazwisko 177,email177@example.com,100031844
178,60,Imie 178,Nazwisko 178,email178@example.com,100015521
179,191,Imie 179,Nazwisko 179,email179@example.com,100027015
180,163,Imie 180,Nazwisko 180,email180@example.com,100006849
181,160,Imie 181,Nazwisko 181,email181@example.com,100007394
182,120,Imie 182,Nazwisko 182,email182@example.com,100029709
183,103,Imie 183,Nazwisko 183,email183@example.com,100020798
184,149,Imie 184,Nazwisko 184,email184@example.com,100030372
185,187,Imie 185,Nazwisko 185,email185@example.com,100011233
186,140,Imie 186,Nazwisko 186,email186@example.com,100010539
187,123,Imie 187,Nazwisko 187,email187@example.com,100022696
188,186,Imie 188,Nazwisko 188,email188@example.com,100001915
189,169,Imie 189,Nazwisko 189,email189@example.com,100011350
190,51,Imie 190,Nazwisko 190,email190@example.com,100022422
191,100,Imie 191,Nazwisko 191,email191@example.com,100016684
192,14,Imie 192,Nazwisko 192,email192@example.com,100019168
193,126,Imie 193,Nazwisko 193,email193@example.com,100016826
194,74,Imie 194,Nazwisko 194,email194@example.com,100016268
195,99,Imie 195,Nazwisko 195,email195@example.com,100022004
196,1,Imie 196,Nazwisko 196,email196@example.com,100013908
197,171,Imie 197,Nazwisko 197,email197@example.com,100026248
198,36,Imie 198,Nazwisko 198,email198@example.com,100020589
199,178,Imie 199,Nazwisko 199,email199@example.com,100010863
200,47,Imie 200,Nazwisko 200,email200@example.com,100027066
201,158,Imie 201,Nazwisko 201,email201@example.com,100012994
202,191,Imie 202,Nazwisko 202,email202@example.com,100009024
203,144,Imie 203,Nazwisko 203,email203@example.com,100026832
204,33,Imie 204,Nazwisko 204,email204@example.com,100029146
205,111,Imie 205,Nazwisko 205,email205@example.com,100012909
206,60,Imie 206,Nazwisko 206,email206@example.com,100001325
207,193,Imie 207,Nazwisko 207,email207@example.com,100012429
208,74,Imie 208,Nazwisko 208,email208@example.com,100006879
209,100,Imie 209,Nazwisko 209,email209@example.com,100019473
210,147,Imie 210,Nazwisko 210,email210@example.com,100004612
211,188,Imie 211,Nazwisko 211,email211@example.com,100001248
212,139,Imie 212,Nazwisko 212,email212@example.com,100021209
213,101,Imie 213,Nazwisko 213,email213@example.com,100014138
214,101,Imie 214,Nazwisko 214,email214@example.com,100024245
215,92,Imie 215,Nazwisko 215,email215@example.com,100019273
216,120,Imie 216,Nazwisko 216,email216@example.com,100007228
217,57,Imie 217,Nazwisko 217,email217@example.com,100000761
218,89,Imie 218,Nazwisko 218,email218@example.com,100013270
219,136,Imie 219,Nazwisko 219,email219@example.com,100023050
220,40,Imie 220,Nazwisko 220,email220@example.com,100004192
221,128,Imie 221,Nazwisko 221,email221@example.com,100011364
222,87,Imie 222,Nazwisko 222,email222@example.com,100022561
223,74,Imie 223,Nazwisko 223,email223@example.com,100005802
224,33,Imie 224,Nazwisko 224,email224@example.com,100029183
225,182,Imie 225,Nazwisko 225,email225@example.com,100017681
226,80,Imie 226,Nazwisko 226,email226@example.com,100027378
227,51,Imie 227,Nazwisko 227,email227@example.com,100009331
228,154,Imie 228,Nazwisko 228,email228@example.com,100020410
229,71,Imie 229,Nazwisko 229,email229@example.com,100010655
230,68,Imie 230,Nazwisko 230,email230@example.com,100020173
231,182,Imie 231,Nazwisko 231,email231@example.com,100008948
232,191,Imie 232,Nazwisko 232,email232@example.com,100013972
233,77,Imie 233,Nazwisko 233,email233@example.com,100018478
234,66,Imie 234,Nazwisko 234,email234@example.com,100009174
235,1,Imie 235,Nazwisko 235,email235@example.com,100031871
236,112,Imie 236,Nazwisko 236,email236@example.com,100029813
237,43,Imie 237,Nazwisko 237,email237@example.com,100030434
238,68,Imie 238,Nazwisko 238,email238@example.com,100021080
239,71,Imie 239,Nazwisko 239,email239@example.com,100017580
240,154,Imie 240,Nazwisko 240,email240@example.com,100027304
241,150,Imie 241,Nazwisko 241,email241@example.com,100023139
242,168,Imie 242,Nazwisko 242,email242@example.com,100009535
243,1,Imie 243,Nazwisko 243,email243@example.com,100009940
244,69,Imie 244,Nazwisko 244,email244@example.com,100028765
245,174,Imie 245,Nazwisko 245,email245@example.com,100023648
246,120,Imie 246,Nazwisko 246,email246@example.com,100029853
247,168,Imie 247,Nazwisko 247,email247@example.com,100025751
248,68,Imie 248,Nazwisko 248,email248@example.com,100017704
249,50,Imie 249,Nazwisko 249,email249@example.com,100012808
250,115,Imie 250,Nazwisko 250,email250@example.com,100024617
251,60,Imie 251,Nazwisko 251,email251@example.com,100025686
252,24,Imie 252,Nazwisko 252,email252@example.com,100004993
253,185,Imie 253,Nazwisko 253,email253@example.com,100029327
254,130,Imie 254,Nazwisko 254,email254@example.com,100006587
255,32,Imie 255,Nazwisko 255,email255@example.com,100020410
256,118,Imie 256,Nazwisko 256,email256@example.com,100000834
257,122,Imie 257,Nazwisko 257,email257@example.com,100015791
258,35,Imie 258,Nazwisko 258,email258@example.com,100016337
259,67,Imie 259,Nazwisko 259,email259@example.com,100016940
260,20,Imie 260,Nazwisko 260,email260@example.com,100023596
261,173,Imie 261,Nazwisko 261,email261@example.com,100029220
262,34,Imie 262,Nazwisko 262,email262@example.com,100018446
263,57,Imie 263,Nazwisko 263,email263@example.com,100001882
264,200,Imie 264,Nazwisko 264,email264@example.com,100014434
265,176,Imie 265,Nazwisko 265,email265@example.com,100029743
266,123,Imie 266,Nazwisko 266,email266@example.com,100031157
267,57,Imie 267,Nazwisko 267,email267@example.com,100027064
268,169,Imie 268,Nazwisko 268,email268@example.com,100018156
269,51,Imie 269,Nazwisko 269,email269@example.com,100001044
270,65,Imie 270,Nazwisko 270,email270@example.com,100030770
271,125,Imie 271,Nazwisko 271,email271@example.com,100004349
272,12,Imie 272,Nazwisko 272,email272@example.com,100007733
273,147,Imie 273,Nazwisko 273,email273@example.com,100009372
274,66,Imie 274,Nazwisko 274,email274@example.com,100023954
275,36,Imie 275,Nazwisko 275,email275@example.com,100028834
276,152,Imie 276,Nazwisko 276,email276@example.com,100007821
277,67,Imie 277,Nazwisko 277,email277@example.com,100004500
278,80,Imie 278,Nazwisko 278,email278@example.com,100025862
279,43,Imie 279,Nazwisko 279,email279@example.com,100018022
280,82,Imie 280,Nazwisko 280,email280@example.com,100025769
281,126,Imie 281,Nazwisko 281,email281@example.com,100017996
282,74,Imie 282,Nazwisko 282,email282@example.com,100009572
283,151,Imie 283,Nazwisko 283,email283@example.com,100010445
284,114,Imie 284,Nazwisko 284,email284@example.com,100019486
285,6,Imie 285,Nazwisko 285,email285@example.com,100005145
286,57,Imie 286,Nazwisko 286,email286@example.com,100023462
287,69,Imie 287,Nazwisko 287,email287@example.com,100009628
288,36,Imie 288,Nazwisko 288,email288@example.com,100000489
289,17,Imie 289,Nazwisko 289,email289@example.com,100018643
290,76,Imie 290,Nazwisko 290,email290@example.com,100017769
291,11,Imie 291,Nazwisko 291,email291@example.com,100028767
292,24,Imie 292,Nazwisko 292,email292@example.com,100009962
293,23,Imie 293,Nazwisko 293,email293@example.com,100025944
294,92,Imie 294,Nazwisko 294,email294@example.com,100002926
295,140,Imie 295,Nazwisko 295,email295@example.com,100008419
296,186,Imie 296,Nazwisko 296,email296@example.com,100000612
297,5,Imie 297,Nazwisko 297,email297@example.com,100025607
298,113,Imie 298,Nazwisko 298,email298@example.com,100015389
299,24,Imie 299,Nazwisko 299,email299@example.com,100000444
300,139,Imie 300,Nazwisko 300,email300@example.com,100017535
301,157,Imie 301,Nazwisko 301,email301@example.com,100003909
302,123,Imie 302,Nazwisko 302,email302@example.com,100022013
303,105,Imie 303,Nazwisko 303,email303@example.com,100028352
304,102,Imie 304,Nazwisko 304,email304@example.com,100022727
305,188,Imie 305,Nazwisko 305,email305@example.com,100026620
306,105,Imie 306,Nazwisko 306,email306@example.com,100025149
307,151,Imie 307,Nazwisko 307,email307@example.com,100017290
308,36,Imie 308,Nazwisko 308,email308@example.com,100018602
309,146,Imie 309,Nazwisko 309,email309@example.com,100007191
310,198,Imie 310,Nazwisko 310,email310@example.com,100007983
311,181,Imie 311,Nazwisko 311,email311@example.com,100023033
312,65,Imie 312,Nazwisko 312,email312@example.com,100011773
313,125,Imie 313,Nazwisko 313,email313@example.com,100003335
314,110,Imie 314,Nazwisko 314,email314@example.com,100015047
315,10,Imie 315,Nazwisko 315,email315@example.com,100006318
316,36,Imie 316,Nazwisko 316,email316@example.com,100013688
317,175,Imie 317,Nazwisko 317,email317@example.com,100026177
318,102,Imie 318,Nazwisko 318,email318@example.com,100007457
319,25,Imie 319,Nazwisko 319,email319@example.com,100004497
320,35,Imie 320,Nazwisko 320,email320@example.com,100012597
321,187,Imie 321,Nazwisko 321,email321@example.com,100017342
322,90,Imie 322,Nazwisko 322,email322@example.com,100017144
323,65,Imie 323,Nazwisko 323,email323@example.com,100012364
324,4,Imie 324,Nazwisko 324,email324@example.com,100015157
325,12,Imie 325,Nazwisko 325,email325@example.com,100026745
326,20,Imie 326,Nazwisko 326,email326@example.com,100010287
327,54,Imie 327,Nazwisko 327,email327@example.com,100030926
328,13,Imie 328,Nazwisko 328,email328@example.com,100026587
329,166,Imie 329,Nazwisko 329,email329@example.com,100001269
330,68,Imie 330,Nazwisko 330,email330@example.com,100016972
331,62,Imie 331,Nazwisko 331,email331@example.com,100021962
332,142,Imie 332,Nazwisko 332,email332@example.com,100002159
333,35,Imie 333,Nazwisko 333,email333@example.com,100003508
334,66,Imie 334,Nazwisko 334,email334@example.com,100002808
335,45,Imie 335,Nazwisko 335,email335@example.com,100030518
336,170,Imie 336,Nazwisko 336,email336@example.com,100032156
337,16,Imie 337,Nazwisko 337,email337@example.com,100008641
338,62,Imie 338,Nazwisko 338,email338@example.com,100006785
339,185,Imie 339,Nazwisko 339,email339@example.com,100016589
340,153,Imie 340,Nazwisko 340,email340@example.com,100006643
341,165,Imie 341,Nazwisko 341,email341@example.com,100000296
342,176,Imie 342,Nazwisko 342,email342@example.com,100021080
343,31,Imie 343,Nazwisko 343,email343@example.com,100018573
344,73,Imie 344,Nazwisko 344,email344@example.com,100005222
345,8,Imie 345,Nazwisko 345,email345@example.com,100004984
346,80,Imie 346,Nazwisko 346,email346@example.com,100006035
347,124,Imie 347,Nazwisko 347,email347@example.com,100025913
348,104,Imie 348,Nazwisko 348,email348@example.com,100002765
349,18,Imie 349,Nazwisko 349,email349@example.com,100032327
350,112,Imie 350,Nazwisko 350,email350@example.com,100007532
351,28,Imie 351,Nazwisko 351,email351@example.com,100019672
352,19,Imie 352,Nazwisko 352,email352@example.com,100005221
353,105,Imie 353,Nazwisko 353,email353@example.com,100019374
354,181,Imie 354,Nazwisko 354,email354@example.com,100016320
355,63,Imie 355,Nazwisko 355,email355@example.com,100017204
356,19,Imie 356,Nazwisko 356,email356@example.com,100025676
357,84,Imie 357,Nazwisko 357,email357@example.com,100008393
358,178,Imie 358,Nazwisko 358,email358@example.com,100028049
359,103,Imie 359,Nazwisko 359,email359@example.com,100022620
360,162,Imie 360,Nazwisko 360,email360@example.com,100031750
361,107,Imie 361,Nazwisko 361,email361@example.com,100001081
362,36,Imie 362,Nazwisko 362,email362@example.com,100009092
363,52,Imie 363,Nazwisko 363,email363@example.com,100014114
364,146,Imie 364,Nazwisko 364,email364@example.com,100028155
365,108,Imie 365,Nazwisko 365,email365@example.com,100013474
366,199,Imie 366,Nazwisko 366,email366@example.com,100030308
367,64,Imie 367,Nazwisko 367,email367@example.com,100000926
368,7,Imie 368,Nazwisko 368,email368@example.com,100012278
369,127,Imie 369,Nazwisko 369,email369@example.com,100003885
370,199,Imie 370,Nazwisko 370,email370@example.com,100011677
371,99,Imie 371,Nazwisko 371,email371@example.com,100018858
372,184,Imie 372,Nazwisko 372,email372@example.com,100032168
373,91,Imie 373,Nazwisko 373,email373@example.com,100001543
374,32,Imie 374,Nazwisko 374,email374@example.com,100028097
375,119,Imie 375,Nazwisko 375,email375@example.com,100031587
376,10,Imie 376,Nazwisko 376,email376@example.com,100019235
377,182,Imie 377,Nazwisko 377,email377@example.com,100009951
378,23,Imie 378,Nazwisko 378,email378@example.com,100029447
379,29,Imie 379,Nazwisko 379,email379@example.com,100032686
380,109,Imie 380,Nazwisko 380,email380@example.com,100018271
381,121,Imie 381,Nazwisko 381,email381@example.com,100012652
382,15,Imie 382,Nazwisko 382,email382@example.com,100023495
383,87,Imie 383,Nazwisko 383,email383@example.com,100020657
384,37,Imie 384,Nazwisko 384,email384@example.com,100028345
385,89,Imie 385,Nazwisko 385,email385@example.com,100015845
386,101,Imie 386,Nazwisko 386,email386@example.com,100000768
387,84,Imie 387,Nazwisko 387,email387@example.com,100010838
388,74,Imie 388,Nazwisko 388,email388@example.com,100011631
389,168,Imie 389,Nazwisko 389,email389@example.com,100029575
390,108,Imie 390,Nazwisko 390,email390@example.com,100027346
391,144,Imie 391,Nazwisko 391,email391@example.com,100018636
392,160,Imie 392,Nazwisko 392,email392@example.com,100004645
393,194,Imie 393,Nazwisko 393,email393@example.com,100020243
394,186,Imie 394,Nazwisko 394,email394@example.com,100014084
395,153,Imie 395,Nazwisko 395,email395@example.com,100014085
396,72,Imie 396,Nazwisko 396,email396@example.com,100004195
397,81,Imie 397,Nazwisko 397,email397@example.com,100031054
398,176,Imie 398,Nazwisko 398,email398@example.com,100014207
399,194,Imie 399,Nazwisko 399,email399@example.com,100011576
400,189,Imie 400,Nazwisko 400,email400@example.com,100021268
401,1,Imie 401,Nazwisko 401,email401@example.com,100011647
402,62,Imie 402,Nazwisko 402,email402@example.com,100000721
403,163,Imie 403,Nazwisko 403,email403@example.com,100032609
404,128,Imie 404,Nazwisko 404,email404@example.com,100007945
405,76,Imie 405,Nazwisko 405,email405@example.com,100012276
406,69,Imie 406,Nazwisko 406,email406@example.com,100008363
407,96,Imie 407,Nazwisko 407,email407@example.com,100007100
408,165,Imie 408,Nazwisko 408,email408@example.com,100017780
409,71,Imie 409,Nazwisko 409,email409@example.com,100021629
410,100,Imie 410,Nazwisko 410,email410@example.com,100017507
411,78,Imie 411,Nazwisko 411,email411@example.com,100006478
412,163,Imie 412,Nazwisko 412,email412@example.com,100009838
413,179,Imie 413,Nazwisko 413,email413@example.com,100005359
414,59,Imie 414,Nazwisko 414,email414@example.com,100006003
415,161,Imie 415,Nazwisko 415,email415@example.com,100022108
416,56,Imie 416,Nazwisko 416,email416@example.com,100017265
417,45,Imie 417,Nazwisko 417,email417@example.com,100014242
418,155,Imie 418,Nazwisko 418,email418@example.com,100005112
419,96,Imie 419,Nazwisko 419,email419@example.com,100009970
420,26,Imie 420,Nazwisko 420,email420@example.com,100025054
421,7,Imie 421,Nazwisko 421,email421@example.com,100001524
422,172,Imie 422,Nazwisko 422,email422@example.com,100028468
423,47,Imie 423,Nazwisko 423,email423@example.com,100004957
424,87,Imie 424,Nazwisko 424,email424@example.com,100015736
425,45,Imie 425,Nazwisko 425,email425@example.com,100004804
426,133,Imie 426,Nazwisko 426,email426@example.com,100005132
427,77,Imie 427,Nazwisko 427,email427@example.com,100009906
428,55,Imie 428,Nazwisko 428,email428@example.com,100019175
429,176,Imie 429,Nazwisko 429,email429@example.com,100004344
430,72,Imie 430,Nazwisko 430,email430@example.com,100011659
431,188,Imie 431,Nazwisko 431,email431@example.com,100019781
432,141,Imie 432,Nazwisko 432,email432@example.com,100002615
433,103,Imie 433,Nazwisko 433,email433@example.com,100014839
434,146,Imie 434,Nazwisko 434,email434@example.com,100016733
435,35,Imie 435,Nazwisko 435,email435@example.com,100017202
436,65,Imie 436,Nazwisko 436,email436@example.com,100026966
437,25,Imie 437,Nazwisko 437,email437@example.com,100017455
438,136,Imie 438,Nazwisko 438,email438@example.com,100023125
439,23,Imie 439,Nazwisko 439,email439@example.com,100004823
440,40,Imie 440,Nazwisko 440,email440@example.com,100013978
441,51,Imie 441,Nazwisko 441,email441@example.com,100027025
442,149,Imie 442,Nazwisko 442,email442@example.com,100017128
443,141,Imie 443,Nazwisko 443,email443@example.com,100009048
444,195,Imie 444,Nazwisko 444,email444@example.com,100009016
445,72,Imie 445,Nazwisko 445,email445@example.com,100032272
446,45,Imie 446,Nazwisko 446,email446@example.com,100020399
447,26,Imie 447,Nazwisko 447,email447@example.com,100022298
448,92,Imie 448,Nazwisko 448,email448@example.com,100021966
449,93,Imie 449,Nazwisko 449,email449@example.com,100005670
450,30,Imie 450,Nazwisko 450,email450@example.com,100014825
451,148,Imie 451,Nazwisko 451,email451@example.com,100014920
452,116,Imie 452,Nazwisko 452,email452@example.com,100003290
453,161,Imie 453,Nazwisko 453,email453@example.com,100015695
454,177,Imie 454,Nazwisko 454,email454@example.com,100002550
455,134,Imie 455,Nazwisko 455,email455@example.com,100016722
456,176,Imie 456,Nazwisko 456,email456@example.com,100020800
457,27,Imie 457,Nazwisko 457,email457@example.com,100015499
458,109,Imie 458,Nazwisko 458,email458@example.com,100004573
459,152,Imie 459,Nazwisko 459,email459@example.com,100005992
460,79,Imie 460,Nazwisko 460,email460@example.com,100014536
461,35,Imie 461,Nazwisko 461,email461@example.com,100028896
462,140,Imie 462,Nazwisko 462,email462@example.com,100030663
463,180,Imie 463,Nazwisko 463,email463@example.com,100032004
464,37,Imie 464,Nazwisko 464,email464@example.com,100014494
465,7,Imie 465,Nazwisko 465,email465@example.com,100012758
466,196,Imie 466,Nazwisko 466,email466@example.com,100020610
467,90,Imie 467,Nazwisko 467,email467@example.com,100013917
468,164,Imie 468,Nazwisko 468,email468@example.com,100002000
469,152,Imie 469,Nazwisko 469,email469@example.com,100018425
470,135,Imie 470,Nazwisko 470,email470@example.com,100018943
471,13,Imie 471,Nazwisko 471,email471@example.com,100002549
472,125,Imie 472,Nazwisko 472,email472@example.com,100004564
473,179,Imie 473,Nazwisko 473,email473@example.com,100029531
474,196,Imie 474,Nazwisko 474,email474@example.com,100026068
475,140,Imie 475,Nazwisko 475,email475@example.com,100020236
476,147,Imie 476,Nazwisko 476,email476@example.com,100030975
477,169,Imie 477,Nazwisko 477,email477@example.com,100000527
478,116,Imie 478,Nazwisko 478,email478@example.com,100017339
479,74,Imie 479,Nazwisko 479,email479@example.com,100003114
480,81,Imie 480,Nazwisko 480,email480@example.com,100010511
481,71,Imie 481,Nazwisko 481,email481@example.com,100030383
482,30,Imie 482,Nazwisko 482,email482@example.com,100031761
483,39,Imie 483,Nazwisko 483,email483@example.com,100009625
484,167,Imie 484,Nazwisko 484,email484@example.com,100031138
485,6,Imie 485,Nazwisko 485,email485@example.com,100016087
486,51,Imie 486,Nazwisko 486,email486@example.com,100002648
487,12,Imie 487,Nazwisko 487,email487@example.com,100007144
488,1,Imie 488,Nazwisko 488,email488@example.com,100024764
489,188,Imie 489,Nazwisko 489,email489@example.com,100031144
490,162,Imie 490,Nazwisko 490,email490@example.com,100018358
491,123,Imie 491,Nazwisko 491,email491@example.com,100023146
492,16,Imie 492,Nazwisko 492,email492@example.com,100013637
493,114,Imie 493,Nazwisko 493,email493@example.com,100020038
494,21,Imie 494,Nazwisko 494,email494@example.com,100030067
495,20,Imie 495,Nazwisko 495,email495@example.com,100005557
496,39,Imie 496,Nazwisko 496,email496@example.com,100000393
497,180,Imie 497,Nazwisko 497,email497@example.com,100021083
498,75,Imie 498,Nazwisko 498,email498@example.com,100022399
499,153,Imie 499,Nazwisko 499,email499@example.com,100014883
500,135,Imie 500,Nazwisko 500,email500@example.com,100026038
501,163,Imie 501,Nazwisko 501,email501@example.com,100000145
502,20,Imie 502,Nazwisko 502,email502@example.com,100024298
503,99,Imie 503,Nazwisko 503,email503@example.com,100027220
504,92,Imie 504,Nazwisko 504,email504@example.com,100002658
505,198,Imie 505,Nazwisko 505,email505@example.com,100016155
506,16,Imie 506,Nazwisko 506,email506@example.com,100025705
507,75,Imie 507,Nazwisko 507,email507@example.com,100003498
508,181,Imie 508,Nazwisko 508,email508@example.com,100008962
509,181,Imie 509,Nazwisko 509,email509@example.com,100030253
510,104,Imie 510,Nazwisko 510,email510@example.com,100029400
511,82,Imie 511,Nazwisko 511,email511@example.com,100028364
512,72,Imie 512,Nazwisko 512,email512@example.com,100000116
513,165,Imie 513,Nazwisko 513,email513@example.com,100013951
514,139,Imie 514,Nazwisko 514,email514@example.com,100008626
515,49,Imie 515,Nazwisko 515,email515@example.com,100027172
516,19,Imie 516,Nazwisko 516,email516@example.com,100013174
517,71,Imie 517,Nazwisko 517,email517@example.com,100028623
518,2,Imie 518,Nazwisko 518,email518@example.com,100032667
519,34,Imie 519,Nazwisko 519,email519@example.com,100011361
520,196,Imie 520,Nazwisko 520,email520@example.com,100016172
521,129,Imie 521,Nazwisko 521,email521@example.com,100014172
522,29,Imie 522,Nazwisko 522,email522@example.com,100003287
523,84,Imie 523,Nazwisko 523,email523@example.com,100000245
524,51,Imie 524,Nazwisko 524,email524@example.com,100023454
525,51,Imie 525,Nazwisko 525,email525@example.com,100007787
526,4,Imie 526,Nazwisko 526,email526@example.com,100017872
527,44,Imie 527,Nazwisko 527,email527@example.com,100012440
528,187,Imie 528,Nazwisko 528,email528@example.com,100018488
529,131,Imie 529,Nazwisko 529,email529@example.com,100006342
530,127,Imie 530,Nazwisko 530,email530@example.com,100015764
531,62,Imie 531,Nazwisko 531,email531@example.com,100028611
532,180,Imie 532,Nazwisko 532,email532@example.com,100011849
533,10,Imie 533,Nazwisko 533,email533@example.com,100029496
534,22,Imie 534,Nazwisko 534,email534@example.com,100018516
535,192,Imie 535,Nazwisko 535,email535@example.com,100023862
536,27,Imie 536,Nazwisko 536,email536@example.com,100004996
537,100,Imie 537,Nazwisko 537,email537@example.com,100023058
538,65,Imie 538,Nazwisko 538,email538@example.com,100013798
539,32,Imie 539,Nazwisko 539,email539@example.com,100004211
540,9,Imie 540,Nazwisko 540,email540@example.com,100023681
541,140,Imie 541,Nazwisko 541,email541@example.com,100028585
542,58,Imie 542,Nazwisko 542,email542@example.com,100007236
543,9,Imie 543,Nazwisko 543,email543@example.com,100014400
544,200,Imie 544,Nazwisko 544,email544@example.com,100024381
545,182,Imie 545,Nazwisko 545,email545@example.com,100029397
546,198,Imie 546,Nazwisko 546,email546@example.com,100012812
547,146,Imie 547,Nazwisko 547,email547@example.com,100018729
548,161,Imie 548,Nazwisko 548,email548@example.com,100001430
549,131,Imie 549,Nazwisko 549,email549@example.com,100030068
550,127,Imie 550,Nazwisko 550,email550@example.com,100014590
551,39,Imie 551,Nazwisko 551,email551@example.com,100015356
552,41,Imie 552,Nazwisko 552,email552@example.com,100032721
553,200,Imie 553,Nazwisko 553,email553@example.com,100008933
554,189,Imie 554,Nazwisko 554,email554@example.com,100030848
555,181,Imie 555,Nazwisko 555,email555@example.com,100023627
556,119,Imie 556,Nazwisko 556,email556@example.com,100001812
557,136,Imie 557,Nazwisko 557,email557@example.com,100005774
558,128,Imie 558,Nazwisko 558,email558@example.com,100018461
559,2,Imie 559,Nazwisko 559,email559@example.com,100009965
560,7,Imie 560,Nazwisko 560,email560@example.com,100012267
561,157,Imie 561,Nazwisko 561,email561@example.com,100016983
562,80,Imie 562,Nazwisko 562,email562@example.com,100010753
563,75,Imie 563,Nazwisko 563,email563@example.com,100014461
564,146,Imie 564,Nazwisko 564,email564@example.com,100019655
565,91,Imie 565,Nazwisko 565,email565@example.com,100025900
566,30,Imie 566,Nazwisko 566,email566@example.com,100030079
567,157,Imie 567,Nazwisko 567,email567@example.com,100019418
568,36,Imie 568,Nazwisko 568,email568@example.com,100024698
569,158,Imie 569,Nazwisko 569,email569@example.com,100004479
570,120,Imie 570,Nazwisko 570,email570@example.com,100004492
571,117,Imie 571,Nazwisko 571,email571@example.com,100018598
572,189,Imie 572,Nazwisko 572,email572@example.com,100008381
573,126,Imie 573,Nazwisko 573,email573@example.com,100017347
574,40,Imie 574,Nazwisko 574,email574@example.com,100016193
575,31,Imie 575,Nazwisko 575,email575@example.com,100025031
576,81,Imie 576,Nazwisko 576,email576@example.com,100002219
577,106,Imie 577,Nazwisko 577,email577@example.com,100002290
578,157,Imie 578,Nazwisko 578,email578@example.com,100029789
579,11,Imie 579,Nazwisko 579,email579@example.com,100017384
580,168,Imie 580,Nazwisko 580,email580@example.com,100031555
581,114,Imie 581,Nazwisko 581,email581@example.com,100013576
582,33,Imie 582,Nazwisko 582,email582@example.com,100017857
583,82,Imie 583,Nazwisko 583,email583@example.com,100021497
584,62,Imie 584,Nazwisko 584,email584@example.com,100030185
585,35,Imie 585,Nazwisko 585,email585@example.com,100010629
586,42,Imie 586,Nazwisko 586,email586@example.com,100025074
587,142,Imie 587,Nazwisko 587,email587@example.com,100032171
588,140,Imie 588,Nazwisko 588,email588@example.com,100021221
589,8,Imie 589,Nazwisko 589,email589@example.com,100011247
590,114,Imie 590,Nazwisko 590,email590@example.com,100007066
591,128,Imie 591,Nazwisko 591,email591@example.com,100004597
592,173,Imie 592,Nazwisko 592,email592@example.com,100007139
593,139,Imie 593,Nazwisko 593,email593@example.com,100019534
594,14,Imie 594,Nazwisko 594,email594@example.com,100001031
595,200,Imie 595,Nazwisko 595,email595@example.com,100013714
596,66,Imie 596,Nazwisko 596,email596@example.com,100027762
597,96,Imie 597,Nazwisko 597,email597@example.com,100023471
598,74,Imie 598,Nazwisko 598,email598@example.com,100005546
599,72,Imie 599,Nazwisko 599,email599@example.com,100024448
600,174,Imie 600,Nazwisko 600,email600@example.com,100025733
601,98,Imie 601,Nazwisko 601,email601@example.com,100029346
602,35,Imie 602,Nazwisko 602,email602@example.com,100028314
603,81,Imie 603,Nazwisko 603,email603@example.com,100026499
604,35,Imie 604,Nazwisko 604,email604@example.com,100010997
605,140,Imie 605,Nazwisko 605,email605@example.com,100001979
606,164,Imie 606,Nazwisko 606,email606@example.com,100006927
607,140,Imie 607,Nazwisko 607,email607@example.com,100009376
608,115,Imie 608,Nazwisko 608,email608@example.com,100032765
609,9,Imie 609,Nazwisko 609,email609@example.com,100005652
610,122,Imie 610,Nazwisko 610,email610@example.com,100028647
611,42,Imie 611,Nazwisko 611,email611@example.com,100007074
612,128,Imie 612,Nazwisko 612,email612@example.com,100024508
613,164,Imie 613,Nazwisko 613,email613@example.com,100021450
614,80,Imie 614,Nazwisko 614,email614@example.com,100029988
615,102,Imie 615,Nazwisko 615,email615@example.com,100015768
616,141,Imie 616,Nazwisko 616,email616@example.com,100013494
617,50,Imie 617,Nazwisko 617,email617@example.com,100030844
618,172,Imie 618,Nazwisko 618,email618@example.com,100024684
619,109,Imie 619,Nazwisko 619,email619@example.com,100013909
620,50,Imie 620,Nazwisko 620,email620@example.com,100006739
621,123,Imie 621,Nazwisko 621,email621@example.com,100005071
622,168,Imie 622,Nazwisko 622,email622@example.com,100008071
623,173,Imie 623,Nazwisko 623,email623@example.com,100019183
624,180,Imie 624,Nazwisko 624,email624@example.com,100012127
625,4,Imie 625,Nazwisko 625,email625@example.com,100029676
626,90,Imie 626,Nazwisko 626,email626@example.com,100029413
627,27,Imie 627,Nazwisko 627,email627@example.com,100018497
628,186,Imie 628,Nazwisko 628,email628@example.com,100030857
629,24,Imie 629,Nazwisko 629,email629@example.com,100007168
630,76,Imie 630,Nazwisko 630,email630@example.com,100006166
631,35,Imie 631,Nazwisko 631,email631@example.com,100000361
632,10,Imie 632,Nazwisko 632,email632@example.com,100021220
633,162,Imie 633,Nazwisko 633,email633@example.com,100019131
634,188,Imie 634,Nazwisko 634,email634@example.com,100001104
635,60,Imie 635,Nazwisko 635,email635@example.com,100024138
636,106,Imie 636,Nazwisko 636,email636@example.com,100030313
637,60,Imie 637,Nazwisko 637,email637@example.com,100004306
638,29,Imie 638,Nazwisko 638,email638@example.com,100012012
639,113,Imie 639,Nazwisko 639,email639@example.com,100031243
640,87,Imie 640,Nazwisko 640,email640@example.com,100002163
641,180,Imie 641,Nazwisko 641,email641@example.com,100030589
642,181,Imie 642,Nazwisko 642,email642@example.com,100027625
643,57,Imie 643,Nazwisko 643,email643@example.com,100020886
644,17,Imie 644,Nazwisko 644,email644@example.com,100015937
645,42,Imie 645,Nazwisko 645,email645@example.com,100014074
646,13,Imie 646,Nazwisko 646,email646@example.com,100022119
647,88,Imie 647,Nazwisko 647,email647@example.com,100000538
648,141,Imie 648,Nazwisko 648,email648@example.com,100003959
649,43,Imie 649,Nazwisko 649,email649@example.com,100032008
650,12,Imie 650,Nazwisko 650,email650@example.com,100019246
651,180,Imie 651,Nazwisko 651,email651@example.com,100006026
652,34,Imie 652,Nazwisko 652,email652@example.com,100030878
653,89,Imie 653,Nazwisko 653,email653@example.com,100017261
654,180,Imie 654,Nazwisko 654,email654@example.com,100029477
655,137,Imie 655,Nazwisko 655,email655@example.com,100027419
656,68,Imie 656,Nazwisko 656,email656@example.com,100019871
657,65,Imie 657,Nazwisko 657,email657@example.com,100013936
658,187,Imie 658,Nazwisko 658,email658@example.com,100024027
659,30,Imie 659,Nazwisko 659,email659@example.com,100004554
660,140,Imie 660,Nazwisko 660,email660@example.com,100007244
661,27,Imie 661,Nazwisko 661,email661@example.com,100011103
662,3,Imie 662,Nazwisko 662,email662@example.com,100011265
663,61,Imie 663,Nazwisko 663,email663@example.com,100023252
664,134,Imie 664,Nazwisko 664,email664@example.com,100007895
665,141,Imie 665,Nazwisko 665,email665@example.com,100009995
666,35,Imie 666,Nazwisko 666,email666@example.com,100018926
667,142,Imie 667,Nazwisko 667,email667@example.com,100024124
668,146,Imie 668,Nazwisko 668,email668@example.com,100015961
669,153,Imie 669,Nazwisko 669,email669@example.com,100029767
670,148,Imie 670,Nazwisko 670,email670@example.com,100014874
671,109,Imie 671,Nazwisko 671,email671@example.com,100006984
672,164,Imie 672,Nazwisko 672,email672@example.com,100009549
673,154,Imie 673,Nazwisko 673,email673@example.com,100019052
674,100,Imie 674,Nazwisko 674,email674@example.com,100028579
675,88,Imie 675,Nazwisko 675,email675@example.com,100009988
676,156,Imie 676,Nazwisko 676,email676@example.com,100025106
677,123,Imie 677,Nazwisko 677,email677@example.com,100000984
678,23,Imie 678,Nazwisko 678,email678@example.com,100014539
679,10,Imie 679,Nazwisko 679,email679@example.com,100027326
680,6,Imie 680,Nazwisko 680,email680@example.com,100006509
681,168,Imie 681,Nazwisko 681,email681@example.com,100025707
682,177,Imie 682,Nazwisko 682,email682@example.com,100014712
683,66,Imie 683,Nazwisko 683,email683@example.com,100029320
684,162,Imie 684,Nazwisko 684,email684@example.com,100018692
685,195,Imie 685,Nazwisko 685,email685@example.com,100028681
686,21,Imie 686,Nazwisko 686,email686@example.com,100030131
687,141,Imie 687,Nazwisko 687,email687@example.com,100019386
688,30,Imie 688,Nazwisko 688,email688@example.com,100006628
689,16,Imie 689,Nazwisko 689,email689@example.com,100020762
690,1,Imie 690,Nazwisko 690,email690@example.com,100027689
691,32,Imie 691,Nazwisko 691,email691@example.com,100029549
692,175,Imie 692,Nazwisko 692,email692@example.com,100017148
693,9,Imie 693,Nazwisko 693,email693@example.com,100020237
694,8,Imie 694,Nazwisko 694,email694@example.com,100016557
695,78,Imie 695,Nazwisko 695,email695@example.com,100021761
696,116,Imie 696,Nazwisko 696,email696@example.com,100031647
697,44,Imie 697,Nazwisko 697,email697@example.com,100021712
698,150,Imie 698,Nazwisko 698,email698@example.com,100030388
699,96,Imie 699,Nazwisko 699,email699@example.com,100022679
700,83,Imie 700,Nazwisko 700,email700@example.com,100032262
701,64,Imie 701,Nazwisko 701,email701@example.com,100001882
702,183,Imie 702,Nazwisko 702,email702@example.com,100015320
703,136,Imie 703,Nazwisko 703,email703@example.com,100000408
704,130,Imie 704,Nazwisko 704,email704@example.com,100006604
705,187,Imie 705,Nazwisko 705,email705@example.com,100027682
706,169,Imie 706,Nazwisko 706,email706@example.com,100016982
707,181,Imie 707,Nazwisko 707,email707@example.com,100007469
708,119,Imie 708,Nazwisko 708,email708@example.com,100022128
709,103,Imie 709,Nazwisko 709,email709@example.com,100008101
710,54,Imie 710,Nazwisko 710,email710@example.com,100011151
711,59,Imie 711,Nazwisko 711,email711@example.com,100000196
712,168,Imie 712,Nazwisko 712,email712@example.com,100009686
713,88,Imie 713,Nazwisko 713,email713@example.com,100007140
714,99,Imie 714,Nazwisko 714,email714@example.com,100000650
715,160,Imie 715,Nazwisko 715,email715@example.com,100022673
716,21,Imie 716,Nazwisko 716,email716@example.com,100009927
717,112,Imie 717,Nazwisko 717,email717@example.com,100003811
718,147,Imie 718,Nazwisko 718,email718@example.com,100018033
719,15,Imie 719,Nazwisko 719,email719@example.com,100001546
720,40,Imie 720,Nazwisko 720,email720@example.com,100030572
721,107,Imie 721,Nazwisko 721,email721@example.com,100016683
722,77,Imie 722,Nazwisko 722,email722@example.com,100001296
723,9,Imie 723,Nazwisko 723,email723@example.com,100003691
724,124,Imie 724,Nazwisko 724,email724@example.com,100006103
725,155,Imie 725,Nazwisko 725,email725@example.com,100003145
726,89,Imie 726,Nazwisko 726,email726@example.com,100001369
727,167,Imie 727,Nazwisko 727,email727@example.com,100006448
728,179,Imie 728,Nazwisko 728,email728@example.com,100023675
729,93,Imie 729,Nazwisko 729,email729@example.com,100024908
730,159,Imie 730,Nazwisko 730,email730@example.com,100000483
731,41,Imie 731,Nazwisko 731,email731@example.com,100032414
732,62,Imie 732,Nazwisko 732,email732@example.com,100028847
733,26,Imie 733,Nazwisko 733,email733@example.com,100024395
734,152,Imie 734,Nazwisko 734,email734@example.com,100029542
735,154,Imie 735,Nazwisko 735,email735@example.com,100026170
736,17,Imie 736,Nazwisko 736,email736@example.com,100026926
737,184,Imie 737,Nazwisko 737,email737@example.com,100031197
738,91,Imie 738,Nazwisko 738,email738@example.com,100027456
739,138,Imie 739,Nazwisko 739,email739@example.com,100030031
740,164,Imie 740,Nazwisko 740,email740@example.com,100026266
741,22,Imie 741,Nazwisko 741,email741@example.com,100012192
742,66,Imie 742,Nazwisko 742,email742@example.com,100032243
743,171,Imie 743,Nazwisko 743,email743@example.com,100003437
744,108,Imie 744,Nazwisko 744,email744@example.com,100018420
745,187,Imie 745,Nazwisko 745,email745@example.com,100020659
746,162,Imie 746,Nazwisko 746,email746@example.com,100015781
747,108,Imie 747,Nazwisko 747,email747@example.com,100006884
748,144,Imie 748,Nazwisko 748,email748@example.com,100027942
749,32,Imie 749,Nazwisko 749,email749@example.com,100021819
750,199,Imie 750,Nazwisko 750,email750@example.com,100017567
751,81,Imie 751,Nazwisko 751,email751@example.com,100029517
752,92,Imie 752,Nazwisko 752,email752@example.com,100002425
753,129,Imie 753,Nazwisko 753,email753@example.com,100017378
754,141,Imie 754,Nazwisko 754,email754@example.com,100020431
755,49,Imie 755,Nazwisko 755,email755@example.com,100017410
756,33,Imie 756,Nazwisko 756,email756@example.com,100001567
757,32,Imie 757,Nazwisko 757,email757@example.com,100010323
758,200,Imie 758,Nazwisko 758,email758@example.com,100026950
759,191,Imie 759,Nazwisko 759,email759@example.com,100004258
760,59,Imie 760,Nazwisko 760,email760@example.com,100029867
761,34,Imie 761,Nazwisko 761,email761@example.com,100006591
762,69,Imie 762,Nazwisko 762,email762@example.com,100008890
763,81,Imie 763,Nazwisko 763,email763@example.com,100016782
764,10,Imie 764,Nazwisko 764,email764@example.com,100004500
765,88,Imie 765,Nazwisko 765,email765@example.com,100020827
766,151,Imie 766,Nazwisko 766,email766@example.com,100024580
767,108,Imie 767,Nazwisko 767,email767@example.com,100017006
768,10,Imie 768,Nazwisko 768,email768@example.com,100022198
769,95,Imie 769,Nazwisko 769,email769@example.com,100020703
770,19,Imie 770,Nazwisko 770,email770@example.com,100012707
771,6,Imie 771,Nazwisko 771,email771@example.com,100012460
772,131,Imie 772,Nazwisko 772,email772@example.com,100007632
773,145,Imie 773,Nazwisko 773,email773@example.com,100006409
774,67,Imie 774,Nazwisko 774,email774@example.com,100016184
775,2,Imie 775,Nazwisko 775,email775@example.com,100006647
776,185,Imie 776,Nazwisko 776,email776@example.com,100021254
777,34,Imie 777,Nazwisko 777,email777@example.com,100028696
778,199,Imie 778,Nazwisko 778,email778@example.com,100016904
779,104,Imie 779,Nazwisko 779,email779@example.com,100019138
780,53,Imie 780,Nazwisko 780,email780@example.com,100014177
781,59,Imie 781,Nazwisko 781,email781@example.com,100014418
782,64,Imie 782,Nazwisko 782,email782@example.com,100003966
783,171,Imie 783,Nazwisko 783,email783@example.com,100011459
784,194,Imie 784,Nazwisko 784,email784@example.com,100013131
785,98,Imie 785,Nazwisko 785,email785@example.com,100022143
786,75,Imie 786,Nazwisko 786,email786@example.com,100013222
787,161,Imie 787,Nazwisko 787,email787@example.com,100013684
788,168,Imie 788,Nazwisko 788,email788@example.com,100014612
789,160,Imie 789,Nazwisko 789,email789@example.com,100010347
790,108,Imie 790,Nazwisko 790,email790@example.com,100007090
791,198,Imie 791,Nazwisko 791,email791@example.com,100025749
792,13,Imie 792,Nazwisko 792,email792@example.com,100014191
793,90,Imie 793,Nazwisko 793,email793@example.com,100002919
794,136,Imie 794,Nazwisko 794,email794@example.com,100020601
795,137,Imie 795,Nazwisko 795,email795@example.com,100021160
796,71,Imie 796,Nazwisko 796,email796@example.com,100007157
797,113,Imie 797,Nazwisko 797,email797@example.com,100029385
798,58,Imie 798,Nazwisko 798,email798@example.com,100016627
799,21,Imie 799,Nazwisko 799,email799@example.com,100020340
800,44,Imie 800,Nazwisko 800,email800@example.com,100026017
801,194,Imie 801,Nazwisko 801,email801@example.com,100003687
802,191,Imie 802,Nazwisko 802,email802@example.com,100007358
803,185,Imie 803,Nazwisko 803,email803@example.com,100004227
804,74,Imie 804,Nazwisko 804,email804@example.com,100018258
805,47,Imie 805,Nazwisko 805,email805@example.com,100000288
806,154,Imie 806,Nazwisko 806,email806@example.com,100016029
807,25,Imie 807,Nazwisko 807,email807@example.com,100028580
808,15,Imie 808,Nazwisko 808,email808@example.com,100023117
809,76,Imie 809,Nazwisko 809,email809@example.com,100010068
810,193,Imie 810,Nazwisko 810,email810@example.com,100009972
811,59,Imie 811,Nazwisko 811,email811@example.com,100014698
812,114,Imie 812,Nazwisko 812,email812@example.com,100024760
813,18,Imie 813,Nazwisko 813,email813@example.com,100028007
814,14,Imie 814,Nazwisko 814,email814@example.com,100001613
815,35,Imie 815,Nazwisko 815,email815@example.com,100002986
816,72,Imie 816,Nazwisko 816,email816@example.com,100006176
817,175,Imie 817,Nazwisko 817,email817@example.com,100013890
818,6,Imie 818,Nazwisko 818,email818@example.com,100022485
819,136,Imie 819,Nazwisko 819,email819@example.com,100017409
820,81,Imie 820,Nazwisko 820,email820@example.com,100007156
821,108,Imie 821,Nazwisko 821,email821@example.com,100020945
822,166,Imie 822,Nazwisko 822,email822@example.com,100003039
823,116,Imie 823,Nazwisko 823,email823@example.com,100032331
824,176,Imie 824,Nazwisko 824,email824@example.com,100022536
825,102,Imie 825,Nazwisko 825,email825@example.com,100000902
826,105,Imie 826,Nazwisko 826,email826@example.com,100016992
827,176,Imie 827,Nazwisko 827,email827@example.com,100009005
828,6,Imie 828,Nazwisko 828,email828@example.com,100002835
829,182,Imie 829,Nazwisko 829,email829@example.com,100006357
830,107,Imie 830,Nazwisko 830,email830@example.com,100005490
831,37,Imie 831,Nazwisko 831,email831@example.com,100001677
832,135,Imie 832,Nazwisko 832,email832@example.com,100022832
833,169,Imie 833,Nazwisko 833,email833@example.com,100004022
834,193,Imie 834,Nazwisko 834,email834@example.com,100029650
835,124,Imie 835,Nazwisko 835,email835@example.com,100005653
836,35,Imie 836,Nazwisko 836,email836@example.com,100028257
837,120,Imie 837,Nazwisko 837,email837@example.com,100019750
838,134,Imie 838,Nazwisko 838,email838@example.com,100002914
839,127,Imie 839,Nazwisko 839,email839@example.com,100006067
840,159,Imie 840,Nazwisko 840,email840@example.com,100012552
841,81,Imie 841,Nazwisko 841,email841@example.com,100025510
842,8,Imie 842,Nazwisko 842,email842@example.com,100017319
843,70,Imie 843,Nazwisko 843,email843@example.com,100030748
844,50,Imie 844,Nazwisko 844,email844@example.com,100001132
845,180,Imie 845,Nazwisko 845,email845@example.com,100027066
846,73,Imie 846,Nazwisko 846,email846@example.com,100018508
847,75,Imie 847,Nazwisko 847,email847@example.com,100010564
848,200,Imie 848,Nazwisko 848,email848@example.com,100006970
849,39,Imie 849,Nazwisko 849,email849@example.com,100024683
850,47,Imie 850,Nazwisko 850,email850@example.com,100009117
851,46,Imie 851,Nazwisko 851,email851@example.com,100004327
852,98,Imie 852,Nazwisko 852,email852@example.com,100023041
853,27,Imie 853,Nazwisko 853,email853@example.com,100010694
854,108,Imie 854,Nazwisko 854,email854@example.com,100026892
855,162,Imie 855,Nazwisko 855,email855@example.com,100001796
856,172,Imie 856,Nazwisko 856,email856@example.com,100018868
857,28,Imie 857,Nazwisko 857,email857@example.com,100003931
858,63,Imie 858,Nazwisko 858,email858@example.com,100028592
859,117,Imie 859,Nazwisko 859,email859@example.com,100025692
860,126,Imie 860,Nazwisko 860,email860@example.com,100006700
861,93,Imie 861,Nazwisko 861,email861@example.com,100022719
862,177,Imie 862,Nazwisko 862,email862@example.com,100007361
863,148,Imie 863,Nazwisko 863,email863@example.com,100008440
864,115,Imie 864,Nazwisko 864,email864@example.com,100013476
865,154,Imie 865,Nazwisko 865,email865@example.com,100029195
866,128,Imie 866,Nazwisko 866,email866@example.com,100015902
867,54,Imie 867,Nazwisko 867,email867@example.com,100000672
868,37,Imie 868,Nazwisko 868,email868@example.com,100024124
869,76,Imie 869,Nazwisko 869,email869@example.com,100008794
870,199,Imie 870,Nazwisko 870,email870@example.com,100029895
871,180,Imie 871,Nazwisko 871,email871@example.com,100023397
872,31,Imie 872,Nazwisko 872,email872@example.com,100027254
873,65,Imie 873,Nazwisko 873,email873@example.com,100021070
874,28,Imie 874,Nazwisko 874,email874@example.com,100012131
875,79,Imie 875,Nazwisko 875,email875@example.com,100022552
876,194,Imie 876,Nazwisko 876,email876@example.com,100032188
877,169,Imie 877,Nazwisko 877,email877@example.com,100025228
878,178,Imie 878,Nazwisko 878,email878@example.com,100013499
879,10,Imie 879,Nazwisko 879,email879@example.com,100024272
880,105,Imie 880,Nazwisko 880,email880@example.com,100024536
881,186,Imie 881,Nazwisko 881,email881@example.com,100004667
882,125,Imie 882,Nazwisko 882,email882@example.com,100015933
883,115,Imie 883,Nazwisko 883,email883@example.com,100032104
884,37,Imie 884,Nazwisko 884,email884@example.com,100024186
885,53,Imie 885,Nazwisko 885,email885@example.com,100030089
886,184,Imie 886,Nazwisko 886,email886@example.com,100008826
887,62,Imie 887,Nazwisko 887,email887@example.com,100026622
888,137,Imie 888,Nazwisko 888,email888@example.com,100016309
889,78,Imie 889,Nazwisko 889,email889@example.com,100031783
890,154,Imie 890,Nazwisko 890,email890@example.com,100004008
891,35,Imie 891,Nazwisko 891,email891@example.com,100001910
892,191,Imie 892,Nazwisko 892,email892@example.com,100017538
893,128,Imie 893,Nazwisko 893,email893@example.com,100001992
894,132,Imie 894,Nazwisko 894,email894@example.com,100022049
895,131,Imie 895,Nazwisko 895,email895@example.com,100006133
896,105,Imie 896,Nazwisko 896,email896@example.com,100015164
897,7,Imie 897,Nazwisko 897,email897@example.com,100004773
898,84,Imie 898,Nazwisko 898,email898@example.com,100017122
899,191,Imie 899,Nazwisko 899,email899@example.com,100022374
900,88,Imie 900,Nazwisko 900,email900@example.com,100008739
901,76,Imie 901,Nazwisko 901,email901@example.com,100026108
902,30,Imie 902,Nazwisko 902,email902@example.com,100002573
903,73,Imie 903,Nazwisko 903,email903@example.com,100017400
904,161,Imie 904,Nazwisko 904,email904@example.com,100023002
905,28,Imie 905,Nazwisko 905,email905@example.com,100024717
906,86,Imie 906,Nazwisko 906,email906@example.com,100016743
907,16,Imie 907,Nazwisko 907,email907@example.com,100027294
908,99,Imie 908,Nazwisko 908,email908@example.com,100026600
909,57,Imie 909,Nazwisko 909,email909@example.com,100019739
910,119,Imie 910,Nazwisko 910,email910@example.com,100027355
911,72,Imie 911,Nazwisko 911,email911@example.com,100017806
912,195,Imie 912,Nazwisko 912,email912@example.com,100018746
913,128,Imie 913,Nazwisko 913,email913@example.com,100018673
914,120,Imie 914,Nazwisko 914,email914@example.com,100003829
915,120,Imie 915,Nazwisko 915,email915@example.com,100010947
916,97,Imie 916,Nazwisko 916,email916@example.com,100021663
917,170,Imie 917,Nazwisko 917,email917@example.com,100014939
918,65,Imie 918,Nazwisko 918,email918@example.com,100026471
919,99,Imie 919,Nazwisko 919,email919@example.com,100019067
920,160,Imie 920,Nazwisko 920,email920@example.com,100011595
921,43,Imie 921,Nazwisko 921,email921@example.com,100022312
922,34,Imie 922,Nazwisko 922,email922@example.com,100006536
923,111,Imie 923,Nazwisko 923,email923@example.com,100015801
924,113,Imie 924,Nazwisko 924,email924@example.com,100017749
925,150,Imie 925,Nazwisko 925,email925@example.com,100015151
926,52,Imie 926,Nazwisko 926,email926@example.com,100000208
927,177,Imie 927,Nazwisko 927,email927@example.com,100009412
928,136,Imie 928,Nazwisko 928,email928@example.com,100028729
929,63,Imie 929,Nazwisko 929,email929@example.com,100003783
930,166,Imie 930,Nazwisko 930,email930@example.com,100002398
931,167,Imie 931,Nazwisko 931,email931@example.com,100021926
932,77,Imie 932,Nazwisko 932,email932@example.com,100001366
933,63,Imie 933,Nazwisko 933,email933@example.com,100015693
934,50,Imie 934,Nazwisko 934,email934@example.com,100006770
935,44,Imie 935,Nazwisko 935,email935@example.com,100006830
936,28,Imie 936,Nazwisko 936,email936@example.com,100004721
937,155,Imie 937,Nazwisko 937,email937@example.com,100015265
938,165,Imie 938,Nazwisko 938,email938@example.com,100004339
939,192,Imie 939,Nazwisko 939,email939@example.com,100000239
940,102,Imie 940,Nazwisko 940,email940@example.com,100007729
941,101,Imie 941,Nazwisko 941,email941@example.com,100024233
942,2,Imie 942,Nazwisko 942,email942@example.com,100018922
943,46,Imie 943,Nazwisko 943,email943@example.com,100014015
944,63,Imie 944,Nazwisko 944,email944@example.com,100031393
945,162,Imie 945,Nazwisko 945,email945@example.com,100016845
946,192,Imie 946,Nazwisko 946,email946@example.com,100015621
947,148,Imie 947,Nazwisko 947,email947@example.com,100031288
948,158,Imie 948,Nazwisko 948,email948@example.com,100010161
949,82,Imie 949,Nazwisko 949,email949@example.com,100015738
950,167,Imie 950,Nazwisko 950,email950@example.com,100010005
951,102,Imie 951,Nazwisko 951,email951@example.com,100006074
952,112,Imie 952,Nazwisko 952,email952@example.com,100017844
953,164,Imie 953,Nazwisko 953,email953@example.com,100028064
954,111,Imie 954,Nazwisko 954,email954@example.com,100017553
955,51,Imie 955,Nazwisko 955,email955@example.com,100030823
956,52,Imie 956,Nazwisko 956,email956@example.com,100006115
957,175,Imie 957,Nazwisko 957,email957@example.com,100018484
958,170,Imie 958,Nazwisko 958,email958@example.com,100007184
959,30,Imie 959,Nazwisko 959,email959@example.com,100016550
960,192,Imie 960,Nazwisko 960,email960@example.com,100005849
961,10,Imie 961,Nazwisko 961,email961@example.com,100017326
962,125,Imie 962,Nazwisko 962,email962@example.com,100022738
963,198,Imie 963,Nazwisko 963,email963@example.com,100032417
964,43,Imie 964,Nazwisko 964,email964@example.com,100004886
965,197,Imie 965,Nazwisko 965,email965@example.com,100003467
966,35,Imie 966,Nazwisko 966,email966@example.com,100013624
967,15,Imie 967,Nazwisko 967,email967@example.com,100026823
968,129,Imie 968,Nazwisko 968,email968@example.com,100026493
969,109,Imie 969,Nazwisko 969,email969@example.com,100020684
970,97,Imie 970,Nazwisko 970,email970@example.com,100030024
971,167,Imie 971,Nazwisko 971,email971@example.com,100011338
972,122,Imie 972,Nazwisko 972,email972@example.com,100015317
973,140,Imie 973,Nazwisko 973,email973@example.com,100003190
974,83,Imie 974,Nazwisko 974,email974@example.com,100028970
975,34,Imie 975,Nazwisko 975,email975@example.com,100019361
976,115,Imie 976,Nazwisko 976,email976@example.com,100022347
977,199,Imie 977,Nazwisko 977,email977@example.com,100031248
978,21,Imie 978,Nazwisko 978,email978@example.com,100012206
979,7,Imie 979,Nazwisko 979,email979@example.com,100003336
980,52,Imie 980,Nazwisko 980,email980@example.com,100000750
981,174,Imie 981,Nazwisko 981,email981@example.com,100001064
982,27,Imie 982,Nazwisko 982,email982@example.com,100004291
983,184,Imie 983,Nazwisko 983,email983@example.com,100030972
984,113,Imie 984,Nazwisko 984,email984@example.com,100031794
985,199,Imie 985,Nazwisko 985,email985@example.com,100019662
986,10,Imie 986,Nazwisko 986,email986@example.com,100002049
987,174,Imie 987,Nazwisko 987,email987@example.com,100026815
988,153,Imie 988,Nazwisko 988,email988@example.com,100030574
989,100,Imie 989,Nazwisko 989,email989@example.com,100017431
990,165,Imie 990,Nazwisko 990,email990@example.com,100026401
991,82,Imie 991,Nazwisko 991,email991@example.com,100009434
992,73,Imie 992,Nazwisko 992,email992@example.com,100012894
993,152,Imie 993,Nazwisko 993,email993@example.com,100020124
994,65,Imie 994,Nazwisko 994,email994@example.com,100014463
995,117,Imie 995,Nazwisko 995,email995@example.com,100005013
996,178,Imie 996,Nazwisko 996,email996@example.com,100005794
997,54,Imie 997,Nazwisko 997,email997@example.com,100031736
998,113,Imie 998,Nazwisko 998,email998@example.com,100010655
999,25,Imie 999,Nazwisko 999,email999@example.com,100030593
1000,175,Imie 1000,Nazwisko 1000,email1000@example.com,100027709
