1,10,190,99,Imie 1,Nazwisko 1,email1@example.com,100001445,12703.85
2,56,96,91,Imie 2,Nazwisko 2,email2@example.com,100014429,5019.59
3,100,148,86,Imie 3,Nazwisko 3,email3@example.com,100023926,21718.83
4,35,135,26,Imie 4,Nazwisko 4,email4@example.com,100021735,5437.88
5,89,123,28,Imie 5,Nazwisko 5,email5@example.com,100020888,7976.47
6,13,60,43,Imie 6,Nazwisko 6,email6@example.com,100019209,18038.85
7,3,29,90,Imie 7,Nazwisko 7,email7@example.com,100016882,21869.90
8,39,48,3,Imie 8,Nazwisko 8,email8@example.com,100026510,19364.21
9,8,50,1,Imie 9,Nazwisko 9,email9@example.com,100024897,17038.45
10,5,132,44,Imie 10,Nazwisko 10,email10@example.com,100025777,5201.54
11,74,181,39,Imie 11,Nazwisko 11,email11@example.com,100005572,21633.56
12,71,131,16,Imie 12,Nazwisko 12,email12@example.com,100027627,4185.03
13,63,111,98,Imie 13,Nazwisko 13,email13@example.com,100029681,21859.83
14,82,169,75,Imie 14,Nazwisko 14,email14@example.com,100031947,15224.31
15,6,92,12,Imie 15,Nazwisko 15,email15@example.com,100020937,3989.65
16,20,138,7,Imie 16,Nazwisko 16,email16@example.com,100008032,19401.81
17,50,9,48,Imie 17,Nazwisko 17,email17@example.com,100016328,10698.36
18,23,85,12,Imie 18,Nazwisko 18,email18@example.com,100000518,11453.02
19,70,154,59,Imie 19,Nazwisko 19,email19@example.com,100023685,24799.92
20,87,96,18,Imie 20,Nazwisko 20,email20@example.com,100028055,23128.12
21,30,127,34,Imie 21,Nazwisko 21,email21@example.com,100002681,12081.45
22,46,26,67,Imie 22,Nazwisko 22,email22@example.com,100010304,21428.79
23,68,198,23,Imie 23,Nazwisko 23,email23@example.com,100007050,8586.11
24,10,129,30,Imie 24,Nazwisko 24,email24@example.com,100016027,21583.21
25,35,142,5,Imie 25,Nazwisko 25,email25@example.com,100007244,16247.54
26,26,110,70,Imie 26,Nazwisko 26,email26@example.com,100002998,22478.19
27,57,96,25,Imie 27,Nazwisko 27,email27@example.com,100006424,17876.37
28,46,172,73,Imie 28,Nazwisko 28,email28@example.com,100003114,5844.08
29,4,16,97,Imie 29,Nazwisko 29,email29@example.com,100004453,23996.25
30,42,85,78,Imie 30,Nazwisko 30,email30@example.com,100023931,20545.21
31,3,74,29,Imie 31,Nazwisko 31,email31@example.com,100025095,9539.51
32,68,196,6,Imie 32,Nazwisko 32,email32@example.com,100004682,6548.39
33,58,175,66,Imie 33,Nazwisko 33,email33@example.com,100019781,11873.99
34,10,119,17,Imie 34,Nazwisko 34,email34@example.com,100003372,20439.80
35,37,116,11,Imie 35,Nazwisko 35,email35@example.com,100032739,16559.74
36,3,175,39,Imie 36,Nazwisko 36,email36@example.com,100012060,14230.63
37,69,138,6,Imie 37,Nazwisko 37,email37@example.com,100005263,9642.23
38,1,187,96,Imie 38,Nazwisko 38,email38@example.com,100009186,14686.51
39,39,55,70,Imie 39,Nazwisko 39,email39@example.com,100013143,10673.51
40,78,181,93,Imie 40,Nazwisko 40,email40@example.com,100017902,7986.54
41,88,198,8,Imie 41,Nazwisko 41,email41@example.com,100004365,12950.93
42,52,83,50,Imie 42,Nazwisko 42,email42@example.com,100017514,19173.53
43,28,44,56,Imie 43,Nazwisko 43,email43@example.com,100021196,10327.07
44,49,126,3,Imie 44,Nazwisko 44,email44@example.com,100014741,16148.17
45,31,152,33,Imie 45,Nazwisko 45,email45@example.com,100017396,15174.63
46,46,130,71,Imie 46,Nazwisko 46,email46@example.com,100001201,18774.04
47,8,45,78,Imie 47,Nazwisko 47,email47@example.com,100029011,19368.91
48,37,20,65,Imie 48,Nazwisko 48,email48@example.com,100020986,11655.78
49,7,66,30,Imie 49,Nazwisko 49,email49@example.com,100010853,13334.30
50,68,146,25,Imie 50,Nazwisko 50,email50@example.com,100005251,5144.47
51,2,171,3,Imie 51,Nazwisko 51,email51@example.com,100012737,8930.54
52,96,120,30,Imie 52,Nazwisko 52,email52@example.com,100008436,5821.25
53,61,76,78,Imie 53,Nazwisko 53,email53@example.com,100006196,8042.27
54,10,195,24,Imie 54,Nazwisko 54,email54@example.com,100025974,13872.10
55,82,138,40,Imie 55,Nazwisko 55,email55@example.com,100027162,11931.06
56,6,99,12,Imie 56,Nazwisko 56,email56@example.com,100014934,11160.96
57,78,172,24,Imie 57,Nazwisko 57,email57@example.com,100003310,6422.16
58,69,89,4,Imie 58,Nazwisko 58,email58@example.com,100018465,13163.76
59,87,193,85,Imie 59,Nazwisko 59,email59@example.com,100031537,14635.49
60,17,123,11,Imie 60,Nazwisko 60,email60@example.com,100021321,16990.11
61,41,64,23,Imie 61,Nazwisko 61,email61@example.com,100001814,3918.49
62,35,148,28,Imie 62,Nazwisko 62,email62@example.com,100012947,13273.87
63,56,6,38,Imie 63,Nazwisko 63,email63@example.com,100000142,22711.17
64,75,33,88,Imie 64,Nazwisko 64,email64@example.com,100007389,22473.49
65,82,138,76,Imie 65,Nazwisko 65,email65@example.com,100006576,19959.07
66,56,101,32,Imie 66,Nazwisko 66,email66@example.com,100009217,6841.79
67,95,41,63,Imie 67,Nazwisko 67,email67@example.com,100015505,8216.16
68,94,192,59,Imie 68,Nazwisko 68,email68@example.com,100028123,6802.18
69,66,21,29,Imie 69,Nazwisko 69,email69@example.com,100018434,9381.05
70,83,87,15,Imie 70,Nazwisko 70,email70@example.com,100022975,21339.49
71,73,79,46,Imie 71,Nazwisko 71,email71@example.com,100025814,4965.88
72,8,152,80,Imie 72,Nazwisko 72,email72@example.com,100004063,13205.39
73,71,47,41,Imie 73,Nazwisko 73,email73@example.com,100027543,10586.90
74,93,36,70,Imie 74,Nazwisko 74,email74@example.com,100018802,3806.36
75,20,74,34,Imie 75,Nazwisko 75,email75@example.com,100013017,14696.58
76,71,59,82,Imie 76,Nazwisko 76,email76@example.com,100017316,6465.80
77,15,8,87,Imie 77,Nazwisko 77,email77@example.com,100010373,22339.88
78,49,65,84,Imie 78,Nazwisko 78,email78@example.com,100005253,17076.72
79,42,54,64,Imie 79,Nazwisko 79,email79@example.com,100023770,13484.02
80,3,39,69,Imie 80,Nazwisko 80,email80@example.com,100020639,10635.91
81,35,90,51,Imie 81,Nazwisko 81,email81@example.com,100013297,14155.43
82,20,12,7,Imie 82,Nazwisko 82,email82@example.com,100026842,5658.10
83,83,71,93,Imie 83,Nazwisko 83,email83@example.com,100023300,6841.79
84,39,148,13,Imie 84,Nazwisko 84,email84@example.com,100013264,10646.66
85,74,112,1,Imie 85,Nazwisko 85,email85@example.com,100028881,24220.50
86,43,36,62,Imie 86,Nazwisko 86,email86@example.com,100000707,6483.26
87,46,104,60,Imie 87,Nazwisko 87,email87@example.com,100007370,4944.40
88,96,32,30,Imie 88,Nazwisko 88,email88@example.com,100016853,14481.06
89,43,195,20,Imie 89,Nazwisko 89,email89@example.com,100009970,23772.67
90,66,153,84,Imie 90,Nazwisko 90,email90@example.com,100017457,18687.43
91,3,158,7,Imie 91,Nazwisko 91,email91@example.com,100004755,20402.20
92,9,152,33,Imie 92,Nazwisko 92,email92@example.com,100020545,23617.57
93,1,113,99,Imie 93,Nazwisko 93,email93@example.com,100022586,7888.52
94,86,30,73,Imie 94,Nazwisko 94,email94@example.com,100005420,11629.60
95,48,110,9,Imie 95,Nazwisko 95,email95@example.com,100012183,4039.34
96,11,66,84,Imie 96,Nazwisko 96,email96@example.com,100014893,22417.77
97,30,193,17,Imie 97,Nazwisko 97,email97@example.com,100030768,13609.58
98,42,188,91,Imie 98,Nazwisko 98,email98@example.com,100000388,11327.46
99,53,116,90,Imie 99,Nazwisko 99,email99@example.com,100018442,19103.03
100,83,145,31,Imie 100,Nazwisko 100,email100@example.com,100021518,20154.45
101,76,109,7,Imie 101,Nazwisko 101,email101@example.com,100002490,19337.35
102,85,128,19,Imie 102,Nazwisko 102,email102@example.com,100018375,18494.06
103,37,62,90,Imie 103,Nazwisko 103,email103@example.com,100028536,19340.71
104,17,96,91,Imie 104,Nazwisko 104,email104@example.com,100008903,14359.54
105,9,142,58,Imie 105,Nazwisko 105,email105@example.com,100026406,20457.93
106,52,39,88,Imie 106,Nazwisko 106,email106@example.com,100019827,6373.15
107,91,168,74,Imie 107,Nazwisko 107,email107@example.com,100015217,15389.48
108,66,74,46,Imie 108,Nazwisko 108,email108@example.com,100027135,19187.63
109,90,110,90,Imie 109,Nazwisko 109,email109@example.com,100014445,15107.49
110,63,127,52,Imie 110,Nazwisko 110,email110@example.com,100011374,15550.62
111,16,48,71,Imie 111,Nazwisko 111,email111@example.com,100003687,16912.90
112,51,88,91,Imie 112,Nazwisko 112,email112@example.com,100026037,5476.82
113,13,17,70,Imie 113,Nazwisko 113,email113@example.com,100023477,19033.20
114,10,89,89,Imie 114,Nazwisko 114,email114@example.com,100019892,21937.71
115,17,179,47,Imie 115,Nazwisko 115,email115@example.com,100020180,6916.32
116,84,132,63,Imie 116,Nazwisko 116,email116@example.com,100017170,6197.91
117,16,20,80,Imie 117,Nazwisko 117,email117@example.com,100017430,19475.66
118,45,7,98,Imie 118,Nazwisko 118,email118@example.com,100017744,13104.01
119,4,17,86,Imie 119,Nazwisko 119,email119@example.com,100011937,17687.70
120,83,13,56,Imie 120,Nazwisko 120,email120@example.com,100011392,13974.82
121,54,59,76,Imie 121,Nazwisko 121,email121@example.com,100004767,9026.55
122,69,32,83,Imie 122,Nazwisko 122,email122@example.com,100025486,15162.54
123,87,167,10,Imie 123,Nazwisko 123,email123@example.com,100026308,14792.60
124,53,148,1,Imie 124,Nazwisko 124,email124@example.com,100031994,12367.47
125,61,157,4,Imie 125,Nazwisko 125,email125@example.com,100028056,9377.70
126,17,123,33,Imie 126,Nazwisko 126,email126@example.com,100012143,21375.07
127,57,91,63,Imie 127,Nazwisko 127,email127@example.com,100002857,10572.80
128,4,126,58,Imie 128,Nazwisko 128,email128@example.com,100028323,9610.00
129,70,26,17,Imie 129,Nazwisko 129,email129@example.com,100023050,5915.25
130,76,50,34,Imie 130,Nazwisko 130,email130@example.com,100015966,4681.88
131,33,133,77,Imie 131,Nazwisko 131,email131@example.com,100023252,3570.02
132,99,82,37,Imie 132,Nazwisko 132,email132@example.com,100022683,20476.06
133,64,64,81,Imie 133,Nazwisko 133,email133@example.com,100007038,11092.47
134,81,189,29,Imie 134,Nazwisko 134,email134@example.com,100007458,9336.74
135,59,115,94,Imie 135,Nazwisko 135,email135@example.com,100012357,11326.79
136,58,13,10,Imie 136,Nazwisko 136,email136@example.com,100020494,18972.78
137,68,66,64,Imie 137,Nazwisko 137,email137@example.com,100024067,23512.83
138,14,35,65,Imie 138,Nazwisko 138,email138@example.com,100015893,19832.18
139,96,189,82,Imie 139,Nazwisko 139,email139@example.com,100030237,12991.21
140,10,4,96,Imie 140,Nazwisko 140,email140@example.com,100016527,5548.66
141,32,145,36,Imie 141,Nazwisko 141,email141@example.com,100011892,12669.61
142,96,44,79,Imie 142,Nazwisko 142,email142@example.com,100008340,20304.18
143,1,138,97,Imie 143,Nazwisko 143,email143@example.com,100017408,3171.21
144,76,1,59,Imie 144,Nazwisko 144,email144@example.com,100020389,13500.14
145,66,151,24,Imie 145,Nazwisko 145,email145@example.com,100001273,4273.66
146,55,83,16,Imie 146,Nazwisko 146,email146@example.com,100009655,8610.95
147,12,186,17,Imie 147,Nazwisko 147,email147@example.com,100001979,17474.20
148,16,81,83,Imie 148,Nazwisko 148,email148@example.com,100008100,22259.32
149,35,105,51,Imie 149,Nazwisko 149,email149@example.com,100026059,22110.26
150,56,178,52,Imie 150,Nazwisko 150,email150@example.com,100017987,4262.25
151,63,13,99,Imie 151,Nazwisko 151,email151@example.com,100024231,23160.34
152,1,196,22,Imie 152,Nazwisko 152,email152@example.com,100017855,20260.54
153,60,52,53,Imie 153,Nazwisko 153,email153@example.com,100023613,5352.61
154,59,148,52,Imie 154,Nazwisko 154,email154@example.com,100007646,12390.97
155,33,99,55,Imie 155,Nazwisko 155,email155@example.com,100000845,19361.52
156,70,118,50,Imie 156,Nazwisko 156,email156@example.com,100001883,9070.86
157,68,115,79,Imie 157,Nazwisko 157,email157@example.com,100021497,7294.32
158,26,26,98,Imie 158,Nazwisko 158,email158@example.com,100032643,4959.17
159,81,133,98,Imie 159,Nazwisko 159,email159@example.com,100029516,20294.78
160,87,45,34,Imie 160,Nazwisko 160,email160@example.com,100012967,15466.69
161,90,167,88,Imie 161,Nazwisko 161,email161@example.com,100005257,24403.79
162,18,160,47,Imie 162,Nazwisko 162,email162@example.com,100001846,13379.28
163,1,179,11,Imie 163,Nazwisko 163,email163@example.com,100012665,23907.62
164,49,36,71,Imie 164,Nazwisko 164,email164@example.com,100009835,13143.62
165,65,40,51,Imie 165,Nazwisko 165,email165@example.com,100025367,3665.36
166,14,32,24,Imie 166,Nazwisko 166,email166@example.com,100023801,19740.20
167,26,167,71,Imie 167,Nazwisko 167,email167@example.com,100018502,13394.73
168,15,144,45,Imie 168,Nazwisko 168,email168@example.com,100023838,18757.26
169,38,178,6,Imie 169,Nazwisko 169,email169@example.com,100003702,15137.03
170,17,161,13,Imie 170,Nazwisko 170,email170@example.com,100007423,4828.24
171,1,130,36,Imie 171,Nazwisko 171,email171@example.com,100028773,6024.02
172,26,32,66,Imie 172,Nazwisko 172,email172@example.com,100003900,21973.97
173,26,27,43,Imie 173,Nazwisko 173,email173@example.com,100026977,15654.01
174,100,56,70,Imie 174,Nazwisko 174,email174@example.com,100006432,16130.71
175,66,117,85,Imie 175,Nazwisko 175,email175@example.com,100032686,20711.72
176,43,113,89,Imie 176,Nazwisko 176,email176@example.com,100016599,14215.19
177,76,108,93,Imie 177,Nazwisko 177,email177@example.com,100030468,4624.81
178,28,160,83,Imie 178,Nazwisko 178,email178@example.com,100026509,19998.02
179,92,114,57,Imie 179,Nazwisko 179,email179@example.com,100001087,22772.27
180,67,121,24,Imie 180,Nazwisko 180,email180@example.com,100020076,17799.16
181,88,165,46,Imie 181,Nazwisko 181,email181@example.com,100019898,19861.05
182,92,61,71,Imie 182,Nazwisko 182,email182@example.com,100029383,17175.42
183,61,107,73,Imie 183,Nazwisko 183,email183@example.com,100012260,3298.10
184,18,36,44,Imie 184,Nazwisko 184,email184@example.com,100019705,6144.20
185,24,70,55,Imie 185,Nazwisko 185,email185@example.com,100029718,4356.24
186,2,55,96,Imie 186,Nazwisko 186,email186@example.com,100032459,9863.79
187,78,98,32,Imie 187,Nazwisko 187,email187@example.com,100030647,9599.26
188,55,190,24,Imie 188,Nazwisko 188,email188@example.com,100020814,12744.80
189,38,59,92,Imie 189,Nazwisko 189,email189@example.com,100015397,3986.97
190,83,52,85,Imie 190,Nazwisko 190,email190@example.com,100022416,13522.96
191,85,3,41,Imie 191,Nazwisko 191,email191@example.com,100003080,20126.26
192,88,96,25,Imie 192,Nazwisko 192,email192@example.com,100029345,11589.31
193,67,182,50,Imie 193,Nazwisko 193,email193@example.com,100024819,23038.82
194,24,78,31,Imie 194,Nazwisko 194,email194@example.com,100007348,9581.80
195,70,47,84,Imie 195,Nazwisko 195,email195@example.com,100003199,8339.70
196,90,126,63,Imie 196,Nazwisko 196,email196@example.com,100007270,20721.12
197,83,43,81,Imie 197,Nazwisko 197,email197@example.com,100027212,19513.26
198,36,191,89,Imie 198,Nazwisko 198,email198@example.com,100024178,10263.28
199,56,58,52,Imie 199,Nazwisko 199,email199@example.com,100007297,22948.85
200,3,95,28,Imie 200,Nazwisko 200,email200@example.com,100000862,11613.48
201,95,112,50,Imie 201,Nazwisko 201,email201@example.com,100006854,5154.55
202,27,17,59,Imie 202,Nazwisko 202,email202@example.com,100032729,21697.35
203,84,150,48,Imie 203,Nazwisko 203,email203@example.com,100015314,12949.58
204,55,62,74,Imie 204,Nazwisko 204,email204@example.com,100020974,10071.93
205,22,59,96,Imie 205,Nazwisko 205,email205@example.com,100027645,6126.07
206,32,115,28,Imie 206,Nazwisko 206,email206@example.com,100004665,10512.38
207,3,160,35,Imie 207,Nazwisko 207,email207@example.com,100001914,16923.64
208,79,64,93,Imie 208,Nazwisko 208,email208@example.com,100024499,15318.98
209,10,144,5,Imie 209,Nazwisko 209,email209@example.com,100023838,3269.23
210,97,144,67,Imie 210,Nazwisko 210,email210@example.com,100007646,12103.61
211,92,19,29,Imie 211,Nazwisko 211,email211@example.com,100018154,5004.15
212,84,199,99,Imie 212,Nazwisko 212,email212@example.com,100002132,12976.44
213,62,122,93,Imie 213,Nazwisko 213,email213@example.com,100006056,3903.04
214,41,50,71,Imie 214,Nazwisko 214,email214@example.com,100003073,23746.48
215,60,36,67,Imie 215,Nazwisko 215,email215@example.com,100026976,14978.58
216,67,30,70,Imie 216,Nazwisko 216,email216@example.com,100030104,16620.17
217,99,81,34,Imie 217,Nazwisko 217,email217@example.com,100011887,12079.44
218,60,63,98,Imie 218,Nazwisko 218,email218@example.com,100009724,18757.93
219,6,174,7,Imie 219,Nazwisko 219,email219@example.com,100022408,24936.89
220,61,44,72,Imie 220,Nazwisko 220,email220@example.com,100028857,17593.04
221,60,21,39,Imie 221,Nazwisko 221,email221@example.com,100031459,5239.81
222,99,161,17,Imie 222,Nazwisko 222,email222@example.com,100023999,10890.38
223,29,118,65,Imie 223,Nazwisko 223,email223@example.com,100015717,5925.32
224,70,118,1,Imie 224,Nazwisko 224,email224@example.com,100003833,19769.74
225,93,81,66,Imie 225,Nazwisko 225,email225@example.com,100023696,14221.90
226,7,196,73,Imie 226,Nazwisko 226,email226@example.com,100021376,21138.74
227,63,88,89,Imie 227,Nazwisko 227,email227@example.com,100012400,15030.95
228,61,192,87,Imie 228,Nazwisko 228,email228@example.com,100019827,16959.23
229,63,43,26,Imie 229,Nazwisko 229,email229@example.com,100024294,18528.98
230,38,147,39,Imie 230,Nazwisko 230,email230@example.com,100019640,8155.06
231,59,179,89,Imie 231,Nazwisko 231,email231@example.com,100022016,24332.62
232,39,149,15,Imie 232,Nazwisko 232,email232@example.com,100028725,23629.66
233,33,107,98,Imie 233,Nazwisko 233,email233@example.com,100002364,17828.03
234,30,131,11,Imie 234,Nazwisko 234,email234@example.com,100004171,10457.32
235,67,42,64,Imie 235,Nazwisko 235,email235@example.com,100028138,6165.69
236,20,151,38,Imie 236,Nazwisko 236,email236@example.com,100014476,16643.00
237,43,1,2,Imie 237,Nazwisko 237,email237@example.com,100023824,13590.11
238,90,116,91,Imie 238,Nazwisko 238,email238@example.com,100023559,11618.18
239,68,124,100,Imie 239,Nazwisko 239,email239@example.com,100025962,14135.29
240,81,95,36,Imie 240,Nazwisko 240,email240@example.com,100018080,8694.88
241,56,19,64,Imie 241,Nazwisko 241,email241@example.com,100018065,19827.48
242,18,61,60,Imie 242,Nazwisko 242,email242@example.com,100026449,18620.29
243,89,22,92,Imie 243,Nazwisko 243,email243@example.com,100022083,10304.24
244,67,112,69,Imie 244,Nazwisko 244,email244@example.com,100014914,23136.17
245,85,23,11,Imie 245,Nazwisko 245,email245@example.com,100000864,12850.89
246,100,15,2,Imie 246,Nazwisko 246,email246@example.com,100010011,18566.58
247,53,79,26,Imie 247,Nazwisko 247,email247@example.com,100005667,14011.08
248,12,73,32,Imie 248,Nazwisko 248,email248@example.com,100026370,14869.14
249,55,197,50,Imie 249,Nazwisko 249,email249@example.com,100017299,5001.46
250,15,149,27,Imie 250,Nazwisko 250,email250@example.com,100018202,17937.47
251,12,100,48,Imie 251,Nazwisko 251,email251@example.com,100014922,14739.55
252,48,81,20,Imie 252,Nazwisko 252,email252@example.com,100012165,13007.32
253,20,25,43,Imie 253,Nazwisko 253,email253@example.com,100002300,20275.98
254,94,153,43,Imie 254,Nazwisko 254,email254@example.com,100003126,5574.85
255,97,77,100,Imie 255,Nazwisko 255,email255@example.com,100013163,4489.85
256,26,88,91,Imie 256,Nazwisko 256,email256@example.com,100023574,23984.83
257,14,79,81,Imie 257,Nazwisko 257,email257@example.com,100002217,24793.21
258,65,1,71,Imie 258,Nazwisko 258,email258@example.com,100005187,21585.89
259,82,127,89,Imie 259,Nazwisko 259,email259@example.com,100026067,12082.12
260,51,27,57,Imie 260,Nazwisko 260,email260@example.com,100000124,14797.97
261,48,63,8,Imie 261,Nazwisko 261,email261@example.com,100004781,8044.95
262,22,60,19,Imie 262,Nazwisko 262,email262@example.com,100009968,19349.44
263,8,138,87,Imie 263,Nazwisko 263,email263@example.com,100025033,10825.92
264,2,183,86,Imie 264,Nazwisko 264,email264@example.com,100017676,21078.98
265,66,42,67,Imie 265,Nazwisko 265,email265@example.com,100017439,3854.03
266,40,159,31,Imie 266,Nazwisko 266,email266@example.com,100003070,10819.21
267,16,197,6,Imie 267,Nazwisko 267,email267@example.com,100008247,22006.87
268,26,41,20,Imie 268,Nazwisko 268,email268@example.com,100009984,17671.59
269,78,5,71,Imie 269,Nazwisko 269,email269@example.com,100001888,4986.69
270,79,5,88,Imie 270,Nazwisko 270,email270@example.com,100006834,6306.01
271,13,17,19,Imie 271,Nazwisko 271,email271@example.com,100026504,21612.08
272,41,117,72,Imie 272,Nazwisko 272,email272@example.com,100001031,14415.27
273,23,5,86,Imie 273,Nazwisko 273,email273@example.com,100009891,22356.67
274,40,126,69,Imie 274,Nazwisko 274,email274@example.com,100030350,18929.14
275,43,43,15,Imie 275,Nazwisko 275,email275@example.com,100015570,16741.69
276,94,150,70,Imie 276,Nazwisko 276,email276@example.com,100001311,14810.72
277,85,36,85,Imie 277,Nazwisko 277,email277@example.com,100029863,22753.47
278,71,38,5,Imie 278,Nazwisko 278,email278@example.com,100011580,18915.04
279,60,69,13,Imie 279,Nazwisko 279,email279@example.com,100001333,9146.06
280,84,165,58,Imie 280,Nazwisko 280,email280@example.com,100015520,14259.50
281,18,35,74,Imie 281,Nazwisko 281,email281@example.com,100020424,18041.54
282,41,48,31,Imie 282,Nazwisko 282,email282@example.com,100010700,19955.05
283,34,151,57,Imie 283,Nazwisko 283,email283@example.com,100015235,14312.54
284,63,52,29,Imie 284,Nazwisko 284,email284@example.com,100002970,5568.13
285,81,15,26,Imie 285,Nazwisko 285,email285@example.com,100000823,17753.50
286,92,76,14,Imie 286,Nazwisko 286,email286@example.com,100012576,6777.34
287,73,193,93,Imie 287,Nazwisko 287,email287@example.com,100024098,7553.48
288,15,84,16,Imie 288,Nazwisko 288,email288@example.com,100008801,14400.49
289,100,200,83,Imie 289,Nazwisko 289,email289@example.com,100019078,8028.84
290,27,39,41,Imie 290,Nazwisko 290,email290@example.com,100023460,18147.62
291,73,179,52,Imie 291,Nazwisko 291,email291@example.com,100031024,9532.12
292,100,78,27,Imie 292,Nazwisko 292,email292@example.com,100012391,22364.06
293,18,150,5,Imie 293,Nazwisko 293,email293@example.com,100031592,20830.56
294,27,33,45,Imie 294,Nazwisko 294,email294@example.com,100016452,6468.49
295,3,57,69,Imie 295,Nazwisko 295,email295@example.com,100028902,6649.10
296,9,119,45,Imie 296,Nazwisko 296,email296@example.com,100005963,20425.03
297,97,39,21,Imie 297,Nazwisko 297,email297@example.com,100006583,16370.40
298,91,117,89,Imie 298,Nazwisko 298,email298@example.com,100017561,8177.22
299,43,73,62,Imie 299,Nazwisko 299,email299@example.com,100028735,6746.45
300,60,199,87,Imie 300,Nazwisko 300,email300@example.com,100013616,6331.52
301,57,79,65,Imie 301,Nazwisko 301,email301@example.com,100022968,16694.69
302,80,196,21,Imie 302,Nazwisko 302,email302@example.com,100018019,4119.91
303,81,126,16,Imie 303,Nazwisko 303,email303@example.com,100008155,13555.19
304,18,178,87,Imie 304,Nazwisko 304,email304@example.com,100006737,14740.23
305,2,79,30,Imie 305,Nazwisko 305,email305@example.com,100021660,15352.55
306,65,50,19,Imie 306,Nazwisko 306,email306@example.com,100004669,4096.41
307,22,1,97,Imie 307,Nazwisko 307,email307@example.com,100002334,22323.77
308,94,48,42,Imie 308,Nazwisko 308,email308@example.com,100015826,15721.15
309,31,120,59,Imie 309,Nazwisko 309,email309@example.com,100029512,13097.96
310,32,77,31,Imie 310,Nazwisko 310,email310@example.com,100023436,20758.05
311,29,86,80,Imie 311,Nazwisko 311,email311@example.com,100018846,18071.08
312,79,42,60,Imie 312,Nazwisko 312,email312@example.com,100001498,12348.00
313,100,185,28,Imie 313,Nazwisko 313,email313@example.com,100021334,12552.78
314,37,26,9,Imie 314,Nazwisko 314,email314@example.com,100010682,5049.81
315,90,132,8,Imie 315,Nazwisko 315,email315@example.com,100031421,12896.54
316,35,134,75,Imie 316,Nazwisko 316,email316@example.com,100014047,19043.27
317,4,31,66,Imie 317,Nazwisko 317,email317@example.com,100010845,13770.04
318,61,121,80,Imie 318,Nazwisko 318,email318@example.com,100028322,24386.33
319,64,97,48,Imie 319,Nazwisko 319,email319@example.com,100029074,15787.62
320,62,92,14,Imie 320,Nazwisko 320,email320@example.com,100007746,9370.31
321,70,108,40,Imie 321,Nazwisko 321,email321@example.com,100027502,19644.18
322,42,20,16,Imie 322,Nazwisko 322,email322@example.com,100014924,7735.44
323,93,197,15,Imie 323,Nazwisko 323,email323@example.com,100015119,15357.25
324,91,41,24,Imie 324,Nazwisko 324,email324@example.com,100003101,20970.21
325,26,146,58,Imie 325,Nazwisko 325,email325@example.com,100013024,5091.43
326,1,84,92,Imie 326,Nazwisko 326,email326@example.com,100016347,20823.85
327,75,173,15,Imie 327,Nazwisko 327,email327@example.com,100030814,22956.91
328,36,108,88,Imie 328,Nazwisko 328,email328@example.com,100028762,22317.06
329,47,193,100,Imie 329,Nazwisko 329,email329@example.com,100015438,12950.25
330,13,148,9,Imie 330,Nazwisko 330,email330@example.com,100008132,21616.78
331,38,155,54,Imie 331,Nazwisko 331,email331@example.com,100032652,14595.87
332,91,70,83,Imie 332,Nazwisko 332,email332@example.com,100012037,14983.95
333,43,87,13,Imie 333,Nazwisko 333,email333@example.com,100026334,22529.22
334,47,90,58,Imie 334,Nazwisko 334,email334@example.com,100011073,15292.79
335,82,155,4,Imie 335,Nazwisko 335,email335@example.com,100025706,17106.27
336,36,31,15,Imie 336,Nazwisko 336,email336@example.com,100032739,20114.84
337,10,23,69,Imie 337,Nazwisko 337,email337@example.com,100003013,17749.47
338,23,74,49,Imie 338,Nazwisko 338,email338@example.com,100005382,20880.25
339,37,113,10,Imie 339,Nazwisko 339,email339@example.com,100019889,22995.18
340,46,134,34,Imie 340,Nazwisko 340,email340@example.com,100027973,4773.86
341,91,61,5,Imie 341,Nazwisko 341,email341@example.com,100011017,10811.15
342,33,172,22,Imie 342,Nazwisko 342,email342@example.com,100017204,20749.99
343,3,193,31,Imie 343,Nazwisko 343,email343@example.com,100014950,23410.11
344,27,177,83,Imie 344,Nazwisko 344,email344@example.com,100017943,12878.41
345,63,112,38,Imie 345,Nazwisko 345,email345@example.com,100012934,8328.29
346,22,9,10,Imie 346,Nazwisko 346,email346@example.com,100013964,9150.09
347,9,150,77,Imie 347,Nazwisko 347,email347@example.com,100007038,19672.38
348,75,117,3,Imie 348,Nazwisko 348,email348@example.com,100005950,6385.24
349,23,33,72,Imie 349,Nazwisko 349,email349@example.com,100025397,5860.19
350,9,26,21,Imie 350,Nazwisko 350,email350@example.com,100015078,24976.50
351,43,102,54,Imie 351,Nazwisko 351,email351@example.com,100026052,16800.78
352,26,64,23,Imie 352,Nazwisko 352,email352@example.com,100000033,11434.22
353,65,107,27,Imie 353,Nazwisko 353,email353@example.com,100006314,19790.55
354,48,113,76,Imie 354,Nazwisko 354,email354@example.com,100021730,20950.07
355,14,101,48,Imie 355,Nazwisko 355,email355@example.com,100032760,13470.59
356,60,5,84,Imie 356,Nazwisko 356,email356@example.com,100030342,9118.53
357,23,146,6,Imie 357,Nazwisko 357,email357@example.com,100030428,22472.82
358,32,171,5,Imie 358,Nazwisko 358,email358@example.com,100008413,4411.97
359,46,41,53,Imie 359,Nazwisko 359,email359@example.com,100012601,13841.88
360,62,110,32,Imie 360,Nazwisko 360,email360@example.com,100019872,11592.67
361,23,8,19,Imie 361,Nazwisko 361,email361@example.com,100016938,9604.63
362,53,29,64,Imie 362,Nazwisko 362,email362@example.com,100005927,15907.13
363,35,101,80,Imie 363,Nazwisko 363,email363@example.com,100029605,9701.32
364,39,128,92,Imie 364,Nazwisko 364,email364@example.com,100005223,5176.70
365,36,21,39,Imie 365,Nazwisko 365,email365@example.com,100026011,21744.35
366,6,94,27,Imie 366,Nazwisko 366,email366@example.com,100026997,6741.75
367,82,194,13,Imie 367,Nazwisko 367,email367@example.com,100020287,24343.36
368,52,195,86,Imie 368,Nazwisko 368,email368@example.com,100007976,3174.57
369,9,199,87,Imie 369,Nazwisko 369,email369@example.com,100027493,18917.05
370,64,198,48,Imie 370,Nazwisko 370,email370@example.com,100028050,17721.28
371,50,162,63,Imie 371,Nazwisko 371,email371@example.com,100008466,12638.05
372,40,185,100,Imie 372,Nazwisko 372,email372@example.com,100020574,22065.95
373,35,34,23,Imie 373,Nazwisko 373,email373@example.com,100027570,24255.41
374,36,5,86,Imie 374,Nazwisko 374,email374@example.com,100018779,16230.75
375,19,166,23,Imie 375,Nazwisko 375,email375@example.com,100029334,16724.23
376,85,81,53,Imie 376,Nazwisko 376,email376@example.com,100029889,3780.85
377,93,25,45,Imie 377,Nazwisko 377,email377@example.com,100013728,17599.08
378,46,182,61,Imie 378,Nazwisko 378,email378@example.com,100021483,13870.75
379,99,107,78,Imie 379,Nazwisko 379,email379@example.com,100017744,19754.97
380,8,115,99,Imie 380,Nazwisko 380,email380@example.com,100018077,3737.88
381,37,5,16,Imie 381,Nazwisko 381,email381@example.com,100013960,16997.50
382,48,5,87,Imie 382,Nazwisko 382,email382@example.com,100024595,19811.37
383,74,135,50,Imie 383,Nazwisko 383,email383@example.com,100030398,7138.55
384,28,54,97,Imie 384,Nazwisko 384,email384@example.com,100027750,7319.83
385,12,109,2,Imie 385,Nazwisko 385,email385@example.com,100025473,5055.85
386,47,86,16,Imie 386,Nazwisko 386,email386@example.com,100025614,12075.41
387,80,170,66,Imie 387,Nazwisko 387,email387@example.com,100008307,7722.68
388,93,72,83,Imie 388,Nazwisko 388,email388@example.com,100001674,24499.13
389,69,70,79,Imie 389,Nazwisko 389,email389@example.com,100010533,6054.23
390,49,167,27,Imie 390,Nazwisko 390,email390@example.com,100012915,9918.18
391,2,162,36,Imie 391,Nazwisko 391,email391@example.com,100006270,8335.67
392,63,86,19,Imie 392,Nazwisko 392,email392@example.com,100008326,23277.84
393,85,124,12,Imie 393,Nazwisko 393,email393@example.com,100009619,14782.52
394,87,160,42,Imie 394,Nazwisko 394,email394@example.com,100014443,11506.73
395,48,31,3,Imie 395,Nazwisko 395,email395@example.com,100030226,20149.75
396,3,60,34,Imie 396,Nazwisko 396,email396@example.com,100006461,21646.99
397,9,193,59,Imie 397,Nazwisko 397,email397@example.com,100012470,17030.40
398,60,130,26,Imie 398,Nazwisko 398,email398@example.com,100029989,12075.41
399,46,8,30,Imie 399,Nazwisko 399,email399@example.com,100015969,14278.97
400,90,62,86,Imie 400,Nazwisko 400,email400@example.com,100022151,8740.53
401,89,69,80,Imie 401,Nazwisko 401,email401@example.com,100030405,22663.50
402,34,117,51,Imie 402,Nazwisko 402,email402@example.com,100007817,20749.99
403,95,133,98,Imie 403,Nazwisko 403,email403@example.com,100007625,5071.96
404,88,168,5,Imie 404,Nazwisko 404,email404@example.com,100022534,14877.86
405,41,71,76,Imie 405,Nazwisko 405,email405@example.com,100010508,21230.05
406,35,71,36,Imie 406,Nazwisko 406,email406@example.com,100010025,5230.42
407,46,134,67,Imie 407,Nazwisko 407,email407@example.com,100020788,20515.00
408,84,130,59,Imie 408,Nazwisko 408,email408@example.com,100032062,23175.79
409,94,35,1,Imie 409,Nazwisko 409,email409@example.com,100002283,23030.76
410,76,97,75,Imie 410,Nazwisko 410,email410@example.com,100006526,12512.50
411,43,107,25,Imie 411,Nazwisko 411,email411@example.com,100009146,18199.32
412,77,128,57,Imie 412,Nazwisko 412,email412@example.com,100004837,20430.40
413,54,155,94,Imie 413,Nazwisko 413,email413@example.com,100020765,7589.74
414,2,51,87,Imie 414,Nazwisko 414,email414@example.com,100031825,20841.97
415,85,5,65,Imie 415,Nazwisko 415,email415@example.com,100009353,14287.03
416,60,56,86,Imie 416,Nazwisko 416,email416@example.com,100031608,11943.82
417,55,34,31,Imie 417,Nazwisko 417,email417@example.com,100016700,8469.28
418,58,162,48,Imie 418,Nazwisko 418,email418@example.com,100013432,13087.22
419,19,189,10,Imie 419,Nazwisko 419,email419@example.com,100030984,21903.47
420,55,69,5,Imie 420,Nazwisko 420,email420@example.com,100001808,11986.11
421,56,94,3,Imie 421,Nazwisko 421,email421@example.com,100020354,24356.79
422,54,88,67,Imie 422,Nazwisko 422,email422@example.com,100006084,24715.99
423,24,91,67,Imie 423,Nazwisko 423,email423@example.com,100028471,22407.03
424,84,99,51,Imie 424,Nazwisko 424,email424@example.com,100020085,10582.87
425,81,125,17,Imie 425,Nazwisko 425,email425@example.com,100017618,7370.19
426,47,5,10,Imie 426,Nazwisko 426,email426@example.com,100009528,18563.22
427,67,96,24,Imie 427,Nazwisko 427,email427@example.com,100013403,5962.92
428,68,43,9,Imie 428,Nazwisko 428,email428@example.com,100009585,16316.02
429,1,76,21,Imie 429,Nazwisko 429,email429@example.com,100018168,14515.98
430,48,164,18,Imie 430,Nazwisko 430,email430@example.com,100005756,21587.91
431,61,152,24,Imie 431,Nazwisko 431,email431@example.com,100021464,18868.71
432,37,25,25,Imie 432,Nazwisko 432,email432@example.com,100030823,21823.57
433,90,107,52,Imie 433,Nazwisko 433,email433@example.com,100005421,3234.32
434,99,25,47,Imie 434,Nazwisko 434,email434@example.com,100016017,23785.42
435,21,138,66,Imie 435,Nazwisko 435,email435@example.com,100025183,12055.27
436,79,67,18,Imie 436,Nazwisko 436,email436@example.com,100010533,13681.42
437,20,60,22,Imie 437,Nazwisko 437,email437@example.com,100031455,16974.00
438,8,73,44,Imie 438,Nazwisko 438,email438@example.com,100027079,8464.58
439,42,73,59,Imie 439,Nazwisko 439,email439@example.com,100031049,22217.69
440,14,141,82,Imie 440,Nazwisko 440,email440@example.com,100016119,5366.71
441,88,61,69,Imie 441,Nazwisko 441,email441@example.com,100015536,21730.25
442,40,162,79,Imie 442,Nazwisko 442,email442@example.com,100013037,10065.89
443,39,119,73,Imie 443,Nazwisko 443,email443@example.com,100026180,17997.22
444,71,106,11,Imie 444,Nazwisko 444,email444@example.com,100032254,16979.37
445,83,20,33,Imie 445,Nazwisko 445,email445@example.com,100000957,7485.67
446,99,68,36,Imie 446,Nazwisko 446,email446@example.com,100000457,18706.90
447,32,40,13,Imie 447,Nazwisko 447,email447@example.com,100013102,8665.33
448,5,197,61,Imie 448,Nazwisko 448,email448@example.com,100014784,24409.16
449,94,74,95,Imie 449,Nazwisko 449,email449@example.com,100002850,11493.97
450,92,199,34,Imie 450,Nazwisko 450,email450@example.com,100009929,23647.12
451,98,37,98,Imie 451,Nazwisko 451,email451@example.com,100027199,11737.69
452,97,73,6,Imie 452,Nazwisko 452,email452@example.com,100030465,21644.98
453,49,154,68,Imie 453,Nazwisko 453,email453@example.com,100005052,17335.89
454,24,30,64,Imie 454,Nazwisko 454,email454@example.com,100018424,14863.09
455,52,58,3,Imie 455,Nazwisko 455,email455@example.com,100014955,14960.45
456,65,149,82,Imie 456,Nazwisko 456,email456@example.com,100012499,20909.12
457,12,3,87,Imie 457,Nazwisko 457,email457@example.com,100025135,24691.15
458,89,52,88,Imie 458,Nazwisko 458,email458@example.com,100004916,14908.75
459,61,81,82,Imie 459,Nazwisko 459,email459@example.com,100024583,13102.66
460,97,172,89,Imie 460,Nazwisko 460,email460@example.com,100021737,24296.37
461,21,196,96,Imie 461,Nazwisko 461,email461@example.com,100019240,23767.97
462,56,37,29,Imie 462,Nazwisko 462,email462@example.com,100027039,4260.23
463,85,24,21,Imie 463,Nazwisko 463,email463@example.com,100030124,13001.28
464,14,115,38,Imie 464,Nazwisko 464,email464@example.com,100019249,11618.18
465,2,160,22,Imie 465,Nazwisko 465,email465@example.com,100004580,15313.61
466,49,104,36,Imie 466,Nazwisko 466,email466@example.com,100030804,10331.77
467,20,160,48,Imie 467,Nazwisko 467,email467@example.com,100004442,21282.42
468,89,155,50,Imie 468,Nazwisko 468,email468@example.com,100007331,22133.76
469,20,49,43,Imie 469,Nazwisko 469,email469@example.com,100007410,8161.78
470,66,132,17,Imie 470,Nazwisko 470,email470@example.com,100029276,3337.72
471,63,174,84,Imie 471,Nazwisko 471,email471@example.com,100020958,18207.37
472,99,33,88,Imie 472,Nazwisko 472,email472@example.com,100003412,22850.15
473,21,1,27,Imie 473,Nazwisko 473,email473@example.com,100017718,3237.68
474,22,48,18,Imie 474,Nazwisko 474,email474@example.com,100024545,23209.36
475,61,143,43,Imie 475,Nazwisko 475,email475@example.com,100016502,20077.91
476,34,91,71,Imie 476,Nazwisko 476,email476@example.com,100015824,15090.03
477,67,86,55,Imie 477,Nazwisko 477,email477@example.com,100017200,5968.29
478,44,39,43,Imie 478,Nazwisko 478,email478@example.com,100013986,4730.22
479,30,47,28,Imie 479,Nazwisko 479,email479@example.com,100010931,13633.75
480,19,46,86,Imie 480,Nazwisko 480,email480@example.com,100010151,6004.55
481,18,197,82,Imie 481,Nazwisko 481,email481@example.com,100032380,10032.32
482,55,43,83,Imie 482,Nazwisko 482,email482@example.com,100012200,11103.88
483,2,195,49,Imie 483,Nazwisko 483,email483@example.com,100022688,18890.20
484,81,150,50,Imie 484,Nazwisko 484,email484@example.com,100002374,10727.23
485,47,42,52,Imie 485,Nazwisko 485,email485@example.com,100017306,16385.85
486,43,64,59,Imie 486,Nazwisko 486,email486@example.com,100003640,13109.38
487,89,79,19,Imie 487,Nazwisko 487,email487@example.com,100017186,19839.56
488,45,141,30,Imie 488,Nazwisko 488,email488@example.com,100005384,19843.59
489,65,191,54,Imie 489,Nazwisko 489,email489@example.com,100009201,8506.88
490,25,156,45,Imie 490,Nazwisko 490,email490@example.com,100019465,12064.67
491,9,138,81,Imie 491,Nazwisko 491,email491@example.com,100011936,19465.59
492,7,95,18,Imie 492,Nazwisko 492,email492@example.com,100030606,9884.61
493,83,107,53,Imie 493,Nazwisko 493,email493@example.com,100001039,13787.50
494,7,173,88,Imie 494,Nazwisko 494,email494@example.com,100024248,17764.25
495,96,40,96,Imie 495,Nazwisko 495,email495@example.com,100019941,24504.50
496,73,132,81,Imie 496,Nazwisko 496,email496@example.com,100002381,19509.90
497,39,115,87,Imie 497,Nazwisko 497,email497@example.com,100007219,18020.72
498,67,3,69,Imie 498,Nazwisko 498,email498@example.com,100002681,19583.09
499,95,175,66,Imie 499,Nazwisko 499,email499@example.com,100020803,18385.30
500,37,87,52,Imie 500,Nazwisko 500,email500@example.com,100016231,17080.08
