1,94,43,88,31,214,4x4/AWD,Kolor 32,8WHWARB9H4RBBW55E,2020,4197,78323.00
2,16,98,39,62,446,Tylni,Kolor 25,J121FA87R5836CABZ,2024,3364,72306.00
3,80,87,2,44,239,4x4/AWD,Kolor 30,ZUWK5ZLMKFWGS4J76,2022,4826,57786.00
4,7,35,11,9,4,Tylni,Kolor 32,0S1CLPK3LL9Z9DW2P,2018,3659,60896.00
5,15,73,73,82,334,Tylni,Kolor 23,5062YEVK7H39GDEZU,2019,4080,81491.00
6,33,13,70,68,84,4x4/AWD,Kolor 6,TRM9STXCRXEGT3NZW,2019,3258,69899.00
7,96,47,10,97,273,4x4/AWD,Kolor 13,PJGB07ULH4NK4U1W6,2023,2046,72261.00
8,97,74,93,54,167,Tylni,Kolor 5,5092MD1BZ2JYT5VZ3,2023,1536,71360.00
9,69,17,9,92,222,4x4/AWD,Kolor 24,89UCN2SLY5XGSAVVN,2019,4453,75422.00
10,38,99,69,28,330,Tylni,Kolor 3,5EVJUCXKDWUDL041W,2021,458,50490.00
11,87,93,19,64,44,4x4/AWD,Kolor 4,P5ZUXUZFKDLK4S870,2023,1803,58995.00
12,77,80,88,38,220,4x4/AWD,Kolor 24,0US5WPZXMWN99E4WY,2023,2503,72143.00
13,15,34,14,18,488,Tylni,Kolor 23,R0ZWG3ZLZ1BA2Y3KV,2024,1761,80504.00
14,83,87,45,91,81,Przedni,Kolor 28,C1LXGKY0LVL663ER0,2018,2921,50767.00
15,49,56,7,77,463,Przedni,Kolor 23,4DXD4H2WYLK720AP9,2018,2475,74522.00
16,48,93,45,88,157,Przedni,Kolor 16,3EH6V2UHTB5W5F72S,2019,1993,65119.00
17,54,97,89,56,82,4x4/AWD,Kolor 27,P7FUP3ANDDHGGC30L,2018,3364,73452.00
18,50,24,81,80,266,Tylni,Kolor 13,MRM2F3PH8UP3Y1KAG,2023,259,73583.00
19,61,69,66,39,364,Tylni,Kolor 26,M4TYBDBV87SKBCDYW,2024,740,73797.00
20,51,57,85,82,188,Przedni,Kolor 21,YCH01BMKJYFT26MMG,2018,3072,63518.00
21,84,49,45,85,442,Przedni,Kolor 10,G80875XLSXZ4YP1FP,2024,3647,51290.00
22,75,64,77,78,495,4x4/AWD,Kolor 30,W5KTKPVEYWN2Z0FBP,2021,1856,50221.00
23,50,72,66,97,56,Tylni,Kolor 15,7VKZWLLKS32KTXH1J,2024,3733,79681.00
24,33,45,3,19,247,Przedni,Kolor 7,YMZ9CHLKFF2W2R3PD,2021,2115,59469.00
25,24,21,63,15,456,Przedni,Kolor 20,T6T2CTXR72CXTN3N1,2018,2529,73630.00
26,23,35,57,77,179,4x4/AWD,Kolor 1,BYJVDC8417RR1VET6,2018,3134,75114.00
27,74,76,40,30,245,Tylni,Kolor 19,D92ZVJBLG8YKRMEEJ,2018,814,80360.00
28,55,25,18,19,48,Przedni,Kolor 16,YFRNTJRVABXP4PNL2,2019,811,60739.00
29,53,80,37,43,303,Tylni,Kolor 3,6UD3WFZCWNT5MH6W3,2022,961,65155.00
30,55,54,29,72,139,Tylni,Kolor 11,R4ZVURBJP9ADUG8N8,2019,1709,51824.00
31,44,56,98,66,384,4x4/AWD,Kolor 4,L4UNY92BMYS3J6CKD,2018,189,67373.00
32,35,72,86,21,372,Tylni,Kolor 6,M0X6UB5TDXYAUR37A,2019,1872,64547.00
33,98,29,28,2,492,Tylni,Kolor 1,53WELMSPG5FRMNK4V,2018,206,61288.00
34,55,4,34,14,10,Tylni,Kolor 16,8UKZPE9PX67W5U4EW,2021,4238,68170.00
35,75,76,69,92,491,4x4/AWD,Kolor 22,JDM3A1XLB6UAA2NTB,2020,1850,53481.00
36,71,82,80,50,308,4x4/AWD,Kolor 6,MSSS9ZBNRX64CF90F,2024,3091,82138.00
37,77,20,19,70,162,Przedni,Kolor 10,SLGTXYP8F5UMCBX79,2022,3680,56370.00
38,10,16,93,70,379,Przedni,Kolor 4,LW4AZ93RJUUZVBMSP,2022,131,82279.00
39,55,72,35,75,271,4x4/AWD,Kolor 23,257DS8JTALPD6K0CB,2021,227,57061.00
40,2,17,7,23,188,4x4/AWD,Kolor 12,BMG4GSJN6MB8E6Z4C,2022,364,82013.00
41,23,37,45,36,368,Przedni,Kolor 20,350SHJ8YNVVXJTHH4,2022,1185,71795.00
42,57,3,70,16,476,Przedni,Kolor 14,CA8S1HPVKNZGJLYH3,2019,3494,73584.00
43,24,16,12,91,129,4x4/AWD,Kolor 32,4J542BAWU9KHAYW18,2021,263,56106.00
44,100,22,34,96,304,Przedni,Kolor 22,RRMN2SFU5FULPHXNL,2023,2965,63777.00
45,100,77,50,89,469,Przedni,Kolor 28,YKP2WFE88WW0UYZRW,2020,4873,62170.00
46,24,13,16,97,178,Tylni,Kolor 15,34K0FNN7JRJAU89GM,2024,132,59751.00
47,8,23,27,48,426,Przedni,Kolor 30,A1EVVNL9TSUX5358M,2024,3711,62342.00
48,66,34,12,47,80,Tylni,Kolor 27,HK3W1V9DC0M09NDXX,2018,3771,64988.00
49,52,82,85,6,218,Tylni,Kolor 20,WUBUXJ4R6KHY4RH41,2018,230,80347.00
50,28,99,40,90,158,Tylni,Kolor 19,38R1LL88BFSL2ZDB0,2024,1191,52226.00
51,37,49,82,21,125,Tylni,Kolor 31,LRYYZA7JLNTHFUKX0,2018,290,56416.00
52,33,53,8,19,24,Przedni,Kolor 7,P322KEPYPBYK9VCWE,2020,3036,50812.00
53,37,66,48,31,378,Tylni,Kolor 10,GYY3S92Z0ZXA02EF4,2018,4296,57248.00
54,42,23,60,60,426,Tylni,Kolor 22,AP6MKW3SGJM2PC4K9,2021,1260,72264.00
55,36,12,74,28,241,4x4/AWD,Kolor 32,238JS3CGN88LJV0J2,2022,1306,65726.00
56,87,93,17,98,263,4x4/AWD,Kolor 26,K8F988MD91FX18CS5,2020,3260,78694.00
57,18,11,68,17,23,Przedni,Kolor 26,4K4HVYX85M8SAKFCW,2024,1187,76080.00
58,27,39,57,26,149,4x4/AWD,Kolor 26,TWTL1ESVU2X9ZEEDW,2020,627,70763.00
59,44,14,100,22,180,4x4/AWD,Kolor 23,Y82ASKWZ0T7GVKUWK,2024,1931,60308.00
60,62,39,8,72,331,Tylni,Kolor 1,EXJZS1HB1207AUN9V,2021,3600,65265.00
61,52,88,56,64,466,Tylni,Kolor 23,KFBTW1VPSEFUAF8F1,2024,4359,70879.00
62,20,81,59,85,15,Przedni,Kolor 7,TKTKTBT8XGR3HBBN9,2024,1097,70374.00
63,13,9,19,54,254,Tylni,Kolor 29,3GNSUWUMUHMSAMDZJ,2021,2380,79441.00
64,24,22,80,61,57,Przedni,Kolor 20,GJ7CAGTT1MSZGN2GF,2021,91,71970.00
65,7,91,97,58,107,4x4/AWD,Kolor 23,8EWRD59E8MZCCNBBP,2022,2576,58359.00
66,40,47,60,96,137,Przedni,Kolor 4,9W7NH92834M84A598,2020,4665,78295.00
67,51,69,8,87,220,Tylni,Kolor 31,0PDJ97FZ312EGER6C,2020,1559,67749.00
68,23,17,69,17,69,4x4/AWD,Kolor 17,A8VG29GFDE42MJ0UY,2024,2985,76202.00
69,40,10,59,41,43,4x4/AWD,Kolor 29,E0YZMELUBAKPRBDGJ,2022,2276,62374.00
70,77,39,2,23,288,Tylni,Kolor 20,DRGW56GEHHZANZZC7,2023,4479,55455.00
71,34,33,74,29,418,Tylni,Kolor 5,LDYPYK96UVX7KUZCG,2023,798,62870.00
72,79,30,89,50,146,Przedni,Kolor 24,D0L0YZS3H4EUJCTVR,2021,3945,78879.00
73,48,59,18,9,119,Tylni,Kolor 11,A22EG9K107P63TA28,2022,408,53544.00
74,88,54,29,72,444,Przedni,Kolor 20,T8ZRVDLUNP4BSHE6J,2023,1036,80313.00
75,36,9,86,34,235,4x4/AWD,Kolor 2,DF3J5FK3NCMN9YF3Z,2020,817,82371.00
76,93,59,62,30,160,4x4/AWD,Kolor 8,7T21CSCS386CSX71C,2024,4929,72312.00
77,28,36,78,22,97,Tylni,Kolor 7,25W16HJ0VKAVZMGVC,2019,4899,79158.00
78,72,41,80,86,35,Przedni,Kolor 19,H0KWNCD5GYYYAS5SP,2024,3854,75481.00
79,30,12,31,2,336,4x4/AWD,Kolor 30,EZ4GUMU8S7ZY43ZZN,2020,2730,57080.00
80,85,43,92,62,237,Przedni,Kolor 25,KNWPJVJ9YSPNHS0F6,2022,1738,63948.00
81,27,51,52,5,440,Przedni,Kolor 13,K9ZZP6MYMP6V38M9Y,2023,1972,53935.00
82,72,27,99,66,30,Przedni,Kolor 18,LCW505KD0SYEV5LVS,2023,2616,54599.00
83,94,87,25,9,456,Przedni,Kolor 1,FXTP8PU4Y9AYYA3AU,2023,944,76020.00
84,22,81,11,78,88,Tylni,Kolor 26,JGCGZMULWMCTL2W4J,2024,2778,73037.00
85,79,51,9,53,191,4x4/AWD,Kolor 22,2W26VPRVLCYV1S836,2022,1296,74887.00
86,50,84,93,76,443,4x4/AWD,Kolor 29,0D3642F1CUYMYHYR0,2018,3410,61051.00
87,1,92,83,21,60,Tylni,Kolor 1,PYEW001U6BD0RW6AJ,2022,108,77687.00
88,77,89,20,50,124,Przedni,Kolor 13,GNB1UUDEPE5KDL3CZ,2023,1914,66432.00
89,56,83,72,25,206,Tylni,Kolor 8,JE3LR6EDG99PDFXW6,2018,265,75502.00
90,43,26,99,100,64,Przedni,Kolor 10,D82BAEMWHLGTD3PR4,2020,2636,67835.00
91,28,50,30,15,46,4x4/AWD,Kolor 13,6C77GAEVHFAJ7YSEW,2019,3285,72081.00
92,23,99,77,17,57,4x4/AWD,Kolor 1,TJJM5VU9Z7FVTJWJE,2023,1109,78271.00
93,58,77,43,39,473,Tylni,Kolor 30,PGUMU3AFMVXZN1F9R,2023,1295,75714.00
94,77,26,98,77,16,4x4/AWD,Kolor 17,TDYEM1KUDJ7ZXDUHE,2019,237,58738.00
95,41,16,96,4,402,Przedni,Kolor 27,9HWDCWN4W2J7465TS,2023,4394,60967.00
96,79,89,64,4,156,4x4/AWD,Kolor 16,KL6W3D73EC6L1H9C2,2022,3159,53745.00
97,13,62,69,55,106,Tylni,Kolor 25,ZA5T7E2FDPK3Y5AZA,2021,830,72247.00
98,80,46,88,5,480,4x4/AWD,Kolor 11,0YPKB4GXJWSGW60W1,2019,4184,68625.00
99,11,29,17,35,307,4x4/AWD,Kolor 16,NBX8S2AHB6P61RWGN,2020,1666,52679.00
100,68,31,7,30,72,Przedni,Kolor 26,MBVF24C2CGX4U80H2,2018,2587,54921.00
101,18,44,67,48,462,Tylni,Kolor 8,RESVWW8814XJZLRX9,2024,3500,72134.00
102,41,93,97,9,408,Przedni,Kolor 16,47RSWC6TKVFRBMSD8,2020,4551,75308.00
103,44,99,20,25,398,Tylni,Kolor 14,SDY7AVR9BPJ2N9JVD,2019,3743,59822.00
104,91,98,26,50,35,4x4/AWD,Kolor 1,X0T94719196C4JERA,2021,4642,73919.00
105,45,68,17,2,317,Przedni,Kolor 20,XMM17TUN9W4ZB82NG,2018,3332,67669.00
106,75,50,56,78,305,4x4/AWD,Kolor 11,1UZC7XTPL2T3S1M93,2023,4808,77838.00
107,83,95,85,62,260,Przedni,Kolor 3,8RVFT3SZ6DJKYUCUD,2019,1245,50200.00
108,64,73,54,8,18,Przedni,Kolor 5,TKRVNJDPACWVCNDHB,2024,2255,58635.00
109,37,1,39,77,141,Tylni,Kolor 16,ZLLZE2KVP4E48BE9V,2018,297,62373.00
110,80,49,43,43,73,Tylni,Kolor 32,9E5LL0X3EF3YUV2F8,2024,1282,57117.00
111,1,28,83,35,185,4x4/AWD,Kolor 16,20FRHU9XMLN59RBMP,2019,4963,67016.00
112,5,22,94,20,49,4x4/AWD,Kolor 1,53GMY7KYV6FDEZVSA,2020,158,51688.00
113,87,53,59,13,4,4x4/AWD,Kolor 31,6B2ASREJMPCBHB3BN,2024,2245,77314.00
114,10,91,16,74,253,Tylni,Kolor 32,YB1MUWU7DTW5C9RB4,2022,2490,55349.00
115,29,38,59,75,49,4x4/AWD,Kolor 23,SKFDDGTEFZCLJAAPY,2024,4071,62681.00
116,35,60,62,87,66,4x4/AWD,Kolor 7,GK0BZNRKUMYDV4S71,2018,1392,64712.00
117,17,91,9,55,117,4x4/AWD,Kolor 6,CEAK8RH0WRYZXXWU7,2019,1978,50726.00
118,73,1,68,90,99,Tylni,Kolor 11,4L4L8T67BBD3M7HSY,2022,2307,70207.00
119,23,57,31,78,83,Przedni,Kolor 8,LGGFL8RU3NFZFCJPX,2018,2828,55493.00
120,85,60,46,8,140,4x4/AWD,Kolor 25,CMDYNA9HCRSWX6WRZ,2020,1571,80211.00
121,33,85,73,15,178,Tylni,Kolor 20,KAZEE79NHW484ULFS,2019,4246,51823.00
122,92,35,30,99,29,Tylni,Kolor 7,UTW9FMV2FN16HYM3P,2023,3441,65809.00
123,95,54,93,91,476,Przedni,Kolor 14,G7LESM4M749677CLB,2020,976,55220.00
124,74,5,28,50,46,Tylni,Kolor 9,6HWW1EWF6YG32A0ET,2018,1188,65253.00
125,17,39,63,59,264,4x4/AWD,Kolor 15,JD953A3X32KLCXNP2,2020,2027,66372.00
126,98,85,28,33,133,Przedni,Kolor 31,64AJVA4UENVDMHP0G,2020,2938,58508.00
127,94,42,82,1,325,Tylni,Kolor 22,DFJZTG46J7BPMRTP2,2022,744,71943.00
128,35,65,10,71,218,Tylni,Kolor 19,CSH9FVW63G0GCHLYH,2018,1135,61512.00
129,45,100,9,92,186,4x4/AWD,Kolor 1,HR9NUTVC95MF6JVHX,2018,1041,69826.00
130,27,81,64,80,22,4x4/AWD,Kolor 31,RU0M412YHJUGJKX54,2023,1931,55281.00
131,77,9,2,73,59,Tylni,Kolor 1,JCT6G3P56AMLPCM07,2019,3243,80166.00
132,68,14,42,29,7,Tylni,Kolor 24,U2ATKFTY5F6YRRJT6,2023,3075,72111.00
133,13,60,97,74,102,Tylni,Kolor 3,E7L5D2774TXRE4WCH,2023,3384,71595.00
134,47,98,62,4,282,Tylni,Kolor 14,5ZGLRXKJ77AKU5510,2022,1814,64900.00
135,95,94,16,34,474,4x4/AWD,Kolor 11,59S526G85X4A923CZ,2023,4974,55943.00
136,42,17,39,39,217,Przedni,Kolor 30,N1D7ZKL1TEC6SNTJC,2022,888,71924.00
137,76,70,18,13,232,Przedni,Kolor 9,P6D4SWD2M7XRF97T2,2020,3902,59793.00
138,19,77,69,88,500,Tylni,Kolor 12,UVC4JN0X63S9E0F8E,2021,1653,57957.00
139,40,24,94,69,265,4x4/AWD,Kolor 26,SNCUL33NWDUH6MBY5,2023,2160,57344.00
140,41,17,35,23,252,Tylni,Kolor 5,HW9Z8AGCB10MHG8G8,2018,4018,58387.00
141,21,35,16,41,176,Tylni,Kolor 14,YWKLAKVL2KJKA1NAA,2023,1406,54335.00
142,3,87,75,48,196,Przedni,Kolor 14,GVH9P47TRTY7E502M,2019,3879,63148.00
143,10,90,27,83,277,Przedni,Kolor 10,ZR46Y1BX3HWEG2RMA,2022,2292,72783.00
144,7,17,26,41,118,Przedni,Kolor 12,3TVKC99FS9F94NW19,2022,2652,76264.00
145,80,22,6,41,19,Przedni,Kolor 2,TD5R15D8X9ZKWJ3E7,2019,1252,66666.00
146,91,27,20,96,193,Przedni,Kolor 23,WU27NTUVRUFUY0S7F,2018,2175,79300.00
147,12,94,93,80,60,Tylni,Kolor 25,SYZURN1E21SR37W1J,2019,2680,66280.00
148,17,79,50,94,389,Tylni,Kolor 5,YJFVEU8RR7XP0Z0YM,2024,2136,67878.00
149,79,78,39,36,325,Przedni,Kolor 17,VZ5MKE58HU7D99U1S,2022,1601,75671.00
150,84,89,2,26,162,4x4/AWD,Kolor 24,ACT4ZVNXEHHMPDM1F,2020,2929,56074.00
151,8,3,74,73,463,Przedni,Kolor 15,ES2304DH8FHWD6CK0,2021,4651,75263.00
152,4,37,63,7,345,Tylni,Kolor 21,2AV8YXGJXG7K1E4CG,2022,2321,72088.00
153,85,21,31,85,498,Przedni,Kolor 22,CCY0GXMX87KXWD7X6,2019,2589,80205.00
154,13,62,70,3,52,4x4/AWD,Kolor 10,MGX6Y326X3FTXVGU8,2020,1924,81575.00
155,61,62,57,56,225,Przedni,Kolor 17,RS083B81Z40H9WZ7H,2020,3415,69079.00
156,7,53,82,88,258,Przedni,Kolor 17,F4M7PVFKKG1NR10JE,2023,1374,66460.00
157,67,11,21,45,477,Tylni,Kolor 1,KRN8UZ0FZ8P6YCNZ2,2018,257,75644.00
158,18,20,63,29,379,4x4/AWD,Kolor 11,N6F4PU0CHVDT7058H,2020,26,79532.00
159,41,99,83,34,135,4x4/AWD,Kolor 7,JH28W4DSHK1UZK2XE,2024,685,79178.00
160,8,82,57,85,277,Tylni,Kolor 20,B6BTEN5TNUFRX2VMB,2022,152,74206.00
161,66,86,85,57,401,4x4/AWD,Kolor 5,ZFV6BSZZWEK53HZXE,2020,2020,80430.00
162,89,48,7,11,348,4x4/AWD,Kolor 23,LW5A3X0K2MALUGT3A,2023,447,71789.00
163,39,36,67,57,446,4x4/AWD,Kolor 10,X8E19P7W5BNABMT6F,2024,2955,79770.00
164,76,80,65,71,440,Tylni,Kolor 4,RJNZ0WV9UPLCDMF9F,2019,4790,59731.00
165,77,76,10,40,419,4x4/AWD,Kolor 5,MYRYPA9CCN815FTPE,2022,3128,60013.00
166,99,75,13,82,402,Przedni,Kolor 8,7G46494172G1ZNH02,2021,2521,79392.00
167,53,85,31,100,188,Tylni,Kolor 18,C15UY2VVP3DBWRSB2,2021,142,64376.00
168,44,63,43,74,467,Przedni,Kolor 7,L3CX09TH6E9FRRSFA,2022,1669,70519.00
169,47,2,28,30,483,Przedni,Kolor 32,9T67DFCWZ7TX15NC0,2018,3137,70773.00
170,96,75,58,71,265,4x4/AWD,Kolor 16,MLBZJ2TP5CX45A9E5,2022,773,62647.00
171,93,84,64,73,5,Przedni,Kolor 31,N0BE882AVWRFZB9AH,2021,2530,59219.00
172,16,66,83,50,372,4x4/AWD,Kolor 2,2EAHCT3BAKHHEG20G,2022,1220,50888.00
173,23,10,7,3,247,Przedni,Kolor 26,H81ZE6N1BCL9JA05Z,2023,1490,78108.00
174,25,71,26,9,219,Tylni,Kolor 21,NMH26MFK7A5M4GBGT,2019,1839,54780.00
175,33,3,32,22,423,Przedni,Kolor 7,UU5JLE4JUHSX7MD4Z,2024,3579,60132.00
176,5,50,22,54,377,Tylni,Kolor 18,K7B7NBF6ASLCD6TU4,2019,99,80259.00
177,87,52,21,82,248,4x4/AWD,Kolor 13,BFY3PD64YMXKSH8AD,2022,220,66176.00
178,75,60,88,57,383,Tylni,Kolor 14,1M83JK6H1ET6FKG11,2021,2104,70380.00
179,95,44,98,78,304,Przedni,Kolor 32,2M1GH2UA072DC9P8G,2019,2095,59896.00
180,62,18,11,72,290,Przedni,Kolor 13,7D4P9TVLN995424JV,2021,198,68254.00
181,78,84,37,97,22,Tylni,Kolor 17,62H47GC3ENN8L8J0R,2018,1784,57328.00
182,26,40,69,35,383,Przedni,Kolor 28,DJ8369G66KENYC6KD,2018,1753,74326.00
183,85,41,86,20,396,4x4/AWD,Kolor 14,SS5R88SGKS1ANHPLN,2021,3930,54397.00
184,99,69,40,87,329,4x4/AWD,Kolor 26,KD9UJT7W9WZ7WU4Z3,2021,4801,52487.00
185,49,87,4,40,78,Przedni,Kolor 8,VFA9W5FHEKF08ZZ8V,2018,1823,68894.00
186,59,91,15,67,132,Przedni,Kolor 12,BR08VKJ319LJNFYBD,2023,368,51124.00
187,82,9,27,40,283,Przedni,Kolor 15,DDZS95KV4549VC65B,2023,1845,63441.00
188,75,3,38,34,25,Przedni,Kolor 15,4LTDGKLZM41GJ3AHL,2023,3375,65820.00
189,96,31,35,53,62,4x4/AWD,Kolor 13,F7F3Y1W9ERVHMBD71,2024,3290,51331.00
190,5,37,33,5,177,4x4/AWD,Kolor 12,HSHAFMYZPVCJ17H05,2019,1070,67146.00
191,74,14,93,97,148,4x4/AWD,Kolor 5,3LZ1XSHJKM19VENCW,2024,2682,54600.00
192,18,20,78,43,126,4x4/AWD,Kolor 12,5N8FNM7UYR65VFL43,2023,1887,63596.00
193,12,29,17,83,154,Przedni,Kolor 30,3UG64Z8K6PTH1S3JJ,2021,1886,64787.00
194,80,28,41,60,141,4x4/AWD,Kolor 11,PHFM1B2Y6UTSMK8RA,2018,4106,70783.00
195,7,96,54,36,398,4x4/AWD,Kolor 4,UWX3Y7NZDS6KTVCKD,2023,4777,68092.00
196,37,6,89,3,110,4x4/AWD,Kolor 22,XY9SVC736MPN26T8M,2020,3288,57261.00
197,16,78,50,94,105,4x4/AWD,Kolor 7,R6URYJ4ASA0VYWGNL,2020,3052,82724.00
198,36,47,19,73,246,Tylni,Kolor 21,H2NCD6F2TDCGLJBJG,2021,3375,76665.00
199,47,24,80,75,122,Przedni,Kolor 29,0H9R8BWKAVCUC7GLL,2022,1352,70618.00
200,81,19,91,42,156,Przedni,Kolor 22,UL25BHL5KMD4YN6UR,2020,3751,60159.00
201,62,88,21,54,42,Przedni,Kolor 18,00RPRGC10GLUR9YN2,2024,2034,72857.00
202,1,34,57,7,203,4x4/AWD,Kolor 13,WHBHGD8H1V67NEA7W,2022,1488,52989.00
203,72,24,83,49,398,Tylni,Kolor 11,6R6LF5FAPS9Z9RGX6,2022,4158,65514.00
204,65,26,26,17,68,Tylni,Kolor 17,PY5YJB0V188NFFC15,2023,1272,57441.00
205,80,2,82,50,364,Przedni,Kolor 12,HYSK0PETCTZU1GCV8,2021,3458,71764.00
206,68,87,14,30,210,Przedni,Kolor 13,MUR6BMWB08X6SWF7Y,2024,4102,59782.00
207,46,19,81,100,284,Przedni,Kolor 28,DRTSHNKVP0VVBBBR9,2021,1373,52703.00
208,57,55,57,18,51,Tylni,Kolor 10,TDSY7STRBM8CPW624,2021,4453,64625.00
209,95,93,92,48,39,Przedni,Kolor 26,F7Z6AUWPZS4873WYW,2018,877,51420.00
210,41,97,95,60,121,4x4/AWD,Kolor 28,XXU2VUZJAGZB159AX,2022,591,55461.00
211,8,76,19,78,26,Przedni,Kolor 2,0T8G2GK97LN58PZJY,2019,2706,70881.00
212,28,49,60,72,479,4x4/AWD,Kolor 22,4DARNZAK4R1NGBXEP,2021,3219,60777.00
213,80,49,81,38,420,Przedni,Kolor 28,EGZ876V2TCP13WKXD,2019,4309,80459.00
214,1,47,34,99,462,Tylni,Kolor 16,UU9SNFBLHGXF5N9VZ,2023,1235,50585.00
215,18,32,97,77,121,4x4/AWD,Kolor 27,78YDWUA1XNLV12A3X,2024,3757,79256.00
216,40,16,9,57,478,Przedni,Kolor 32,45NHY8F3FGT65V5KA,2018,2433,57431.00
217,32,36,38,75,487,Tylni,Kolor 32,WZA4W5Z7RYHV6LK1Z,2021,696,54139.00
218,98,91,33,28,210,Tylni,Kolor 3,B14AGT7PYPMW78H1M,2024,131,58928.00
219,93,28,9,97,28,Tylni,Kolor 30,HYWL0MX1J83XEWUGA,2021,3105,75130.00
220,80,71,49,9,87,Tylni,Kolor 30,B68HZRVZH79XFJRJ7,2020,3061,56476.00
221,14,49,1,34,399,Przedni,Kolor 11,3TNF46MEV37UGGPEL,2020,1878,52849.00
222,28,40,68,92,204,Przedni,Kolor 25,8UE6A1TSC7S6F0AK9,2019,2137,66014.00
223,48,28,91,28,63,4x4/AWD,Kolor 8,7RA9NMAVHPZXFCYKG,2018,1131,73559.00
224,61,34,76,71,350,Tylni,Kolor 18,NE73EM9MW56FX3JDR,2018,3043,59817.00
225,52,88,61,22,5,Przedni,Kolor 4,EWZAU71XTMSZL885S,2023,4260,78859.00
226,7,60,67,68,382,Tylni,Kolor 18,2LB60TVFV22DFDH3N,2020,2399,55069.00
227,63,45,9,80,240,Tylni,Kolor 6,SH7BAS9UGBGDW3SXM,2024,1043,50467.00
228,18,99,38,21,128,Tylni,Kolor 5,JDC3XHX4MNX7245T6,2020,2770,80631.00
229,92,32,37,51,357,Przedni,Kolor 2,9U7E8JHGTEVWE91VU,2021,1403,67303.00
230,31,75,6,43,4,Tylni,Kolor 12,KRNZUKB0J45ACHAFP,2018,341,81158.00
231,5,48,71,52,209,Przedni,Kolor 3,RHFGSBHHFPDG7W1UK,2021,2160,65284.00
232,45,87,30,71,146,Tylni,Kolor 32,JL4NWH4PN0TZZHRBB,2022,2735,56901.00
233,63,9,23,1,2,Przedni,Kolor 23,07WVJ9F18C7RP90GU,2024,895,67989.00
234,43,68,36,19,250,Tylni,Kolor 29,Z8ZRVJ5SERUU1P802,2019,476,73005.00
235,18,96,12,28,54,4x4/AWD,Kolor 21,2E79XEC8L9AB3HGWK,2020,3396,74652.00
236,93,63,71,8,167,4x4/AWD,Kolor 13,F97WCUF10D1J2K76X,2018,1793,75798.00
237,6,99,31,35,313,Przedni,Kolor 28,YHZ98KGE5JJ4SGMEY,2018,4861,52223.00
238,78,93,6,74,419,Przedni,Kolor 15,R99U6MZDSE6V5UYCP,2020,579,74178.00
239,52,5,51,9,296,Przedni,Kolor 3,FVMW8PDGFAXPDH9XS,2023,200,79257.00
240,29,44,33,33,350,4x4/AWD,Kolor 13,4S8Z7WX0ZP3W75LTM,2022,3736,55915.00
241,92,55,34,58,93,Tylni,Kolor 31,N23LNR1V37JEFARU0,2023,3736,60437.00
242,46,2,96,19,375,Tylni,Kolor 27,03CFEU16D3C0CL9K6,2023,1593,78823.00
243,21,77,34,81,166,4x4/AWD,Kolor 26,9VUPSJ4W3SR9LK66R,2019,1026,82556.00
244,93,44,65,71,273,Tylni,Kolor 25,8N41X7UVGJ2BHAMF0,2020,242,82366.00
245,4,89,65,22,432,Przedni,Kolor 11,U4KMHKEK559MSYEV2,2018,602,79294.00
246,81,69,86,92,281,Przedni,Kolor 10,CLDH503CUZEDY54ZU,2022,3090,75341.00
247,27,16,23,39,460,Przedni,Kolor 16,EZYA078282ADPTWXM,2024,915,77479.00
248,9,78,37,60,395,Przedni,Kolor 30,YCFSAG81NHYJA2DJ3,2019,2474,50241.00
249,11,10,47,63,108,4x4/AWD,Kolor 24,X5B9V441HXNMUFB8H,2024,2784,69116.00
250,49,49,100,66,218,4x4/AWD,Kolor 9,W9FMPZSZH5SRDB7DC,2023,972,75795.00
251,44,87,14,70,38,4x4/AWD,Kolor 24,JJU5YCJMNZ6HJR6GK,2018,4629,64171.00
252,91,40,83,23,361,4x4/AWD,Kolor 20,X8UWXX6EZ2JFGWFSU,2020,1518,73557.00
253,15,20,93,8,406,Tylni,Kolor 19,SKYDXM50WZHSB3HMR,2018,370,54622.00
254,19,39,15,87,316,4x4/AWD,Kolor 12,Y4M59LLDB9C7SA6PA,2019,2508,56289.00
255,49,36,10,38,358,Tylni,Kolor 9,8R75HHBN53PPJ12UB,2020,689,52689.00
256,37,29,20,71,55,Przedni,Kolor 31,W9NANKDRJGY2KD5R3,2019,2442,53070.00
257,61,50,96,5,99,Przedni,Kolor 14,BAY7DF607SYWR0XVE,2022,1547,77229.00
258,84,33,91,23,419,Tylni,Kolor 6,H58YHDDBWN1G27F9Y,2021,463,77633.00
259,71,100,48,87,260,Przedni,Kolor 8,STZD9HAVPCLEKDJ25,2018,1919,53735.00
260,10,25,19,13,284,Tylni,Kolor 10,G22A2H6YCBHXUNFU6,2022,2125,56678.00
261,49,40,67,28,339,4x4/AWD,Kolor 12,8UPCCJA91U3716FW7,2021,2788,52944.00
262,87,89,24,78,280,4x4/AWD,Kolor 7,E8FTKTTTJWJUWL7ZH,2024,364,52798.00
263,42,5,60,65,389,Tylni,Kolor 29,8SAYXPDDKY38EET7W,2023,3097,76878.00
264,4,5,77,26,88,Tylni,Kolor 32,5PMV3L745YWD2BYX1,2019,2009,69632.00
265,64,3,95,34,74,Tylni,Kolor 6,6BFZZ5AMWTFR7UFYM,2022,527,55041.00
266,50,77,77,77,407,4x4/AWD,Kolor 23,4WW8REZVRD4MW7HA0,2023,56,53057.00
267,51,47,78,100,14,4x4/AWD,Kolor 21,KZE7EG5R78FEFF2HE,2021,475,73794.00
268,58,39,43,92,100,Tylni,Kolor 12,07SDNK1UCBGTYM2Z6,2019,4049,80160.00
269,76,25,80,41,381,Przedni,Kolor 2,7KJCZY9F0CXJEYTT3,2018,131,82484.00
270,39,84,97,67,307,4x4/AWD,Kolor 17,MLZ5TACPHRJPYXFE6,2023,967,62249.00
271,80,41,96,13,475,Przedni,Kolor 19,VGJ4Z13PZMY1DWWR4,2022,1040,75369.00
272,95,11,19,68,12,4x4/AWD,Kolor 18,8FDAE5B6A487MEJE8,2023,997,73513.00
273,70,37,29,56,264,Tylni,Kolor 21,5YYYULVW597W082UY,2021,856,62661.00
274,1,24,53,60,104,Tylni,Kolor 2,LVF3FMUR2MHFDM5HU,2022,3140,71082.00
275,24,32,97,45,92,Tylni,Kolor 29,6RZF0VFNKM6SCX2P7,2022,874,66976.00
276,63,98,76,64,128,4x4/AWD,Kolor 14,RES4FXYCKR4KSZYG6,2019,2765,80854.00
277,23,64,91,81,473,Przedni,Kolor 22,Z2UCX9W19GWDDWSWK,2018,20,66913.00
278,3,6,3,87,469,4x4/AWD,Kolor 3,53MR7TT5PN5YUY5F1,2020,2771,76264.00
279,63,52,62,77,7,Tylni,Kolor 5,6NZU7DR7JUAZE8TNW,2019,1925,80130.00
280,24,38,89,80,12,4x4/AWD,Kolor 13,KCFZETET8P06C2UD9,2019,2203,52604.00
281,100,79,69,95,213,Tylni,Kolor 6,9STCNM9JWTTFPT157,2018,2166,78392.00
282,77,42,1,37,223,4x4/AWD,Kolor 21,6M95MCDUNVFNGUXUX,2019,2247,57173.00
283,57,49,55,27,47,4x4/AWD,Kolor 21,HXTC0PY2E8AUSXLGP,2019,3399,77627.00
284,97,51,51,38,365,Przedni,Kolor 10,937539V6F1FZ0260K,2023,1240,63103.00
285,14,7,66,93,205,Tylni,Kolor 28,WP8DJCDWJ8YDS0UNH,2019,1046,77154.00
286,45,44,77,47,84,4x4/AWD,Kolor 28,Y6ACA6L2S6K51FXSZ,2022,3489,51913.00
287,19,43,1,11,51,Przedni,Kolor 30,HC6WBJ1LBZGUB70XL,2018,4180,77581.00
288,58,17,45,14,411,4x4/AWD,Kolor 11,VHCG0CJY7P87XVVMD,2019,3405,59154.00
289,47,61,99,81,199,Przedni,Kolor 22,0D5D0T4EL1YCH967F,2020,4415,76944.00
290,12,54,94,25,431,4x4/AWD,Kolor 30,XFZMJ7KZY7VKS4NDG,2021,3029,77793.00
291,73,17,53,43,406,4x4/AWD,Kolor 3,BWTHPHJVMFDWRSL5L,2022,2643,60705.00
292,95,46,88,48,5,Przedni,Kolor 28,98FZ8Y0W23UN2N30B,2023,2697,52533.00
293,85,12,15,68,217,4x4/AWD,Kolor 29,U9L7XK6ZCGCDXWV55,2024,262,59381.00
294,73,23,15,94,199,4x4/AWD,Kolor 29,E8ZTPAUV833FL1007,2019,2407,50843.00
295,44,94,28,87,413,Tylni,Kolor 2,6UUZKLZN5YC6J15RM,2018,1149,73488.00
296,98,62,80,37,390,Przedni,Kolor 12,9W6W42RNZFGS36CWV,2021,3270,67306.00
297,45,100,57,38,359,4x4/AWD,Kolor 25,B2C2EP351D8WYVAJM,2018,519,62580.00
298,93,7,99,95,42,Przedni,Kolor 18,EN04FFS8ARMZ4X9LZ,2018,2144,71984.00
299,2,58,13,80,246,4x4/AWD,Kolor 3,HPLNRSEMTN4UFZBB4,2018,3460,71602.00
300,46,76,82,25,281,Tylni,Kolor 6,KMYRBHTSWGAEXZRKZ,2021,1758,53943.00
301,79,49,38,89,57,Przedni,Kolor 21,0ZUKVG98L4YTH3TPZ,2019,1631,75020.00
302,68,89,5,95,325,4x4/AWD,Kolor 12,G9DK2MURLH7PS3ZGV,2021,2658,54833.00
303,90,64,99,17,381,4x4/AWD,Kolor 5,DVLUADVG34DKTKEUX,2024,4609,80039.00
304,98,90,50,94,296,Tylni,Kolor 18,T17P80HSRLBGD6BML,2019,3118,64098.00
305,58,27,15,31,263,Tylni,Kolor 20,1KAN39ZGRU57P9S4N,2018,1513,57218.00
306,63,66,33,89,441,Przedni,Kolor 9,18VEL5JK2X2FMN8NP,2018,1663,78566.00
307,11,29,91,20,100,Tylni,Kolor 5,JPJ07UXC4JR7GKPN8,2023,4431,50469.00
308,97,4,55,63,445,Tylni,Kolor 12,DW7MXYSV08Z0ZYX18,2021,929,78825.00
309,31,71,7,80,463,Tylni,Kolor 21,PGYRSK2H7WF2JL2UW,2019,513,69710.00
310,35,95,91,79,376,Przedni,Kolor 20,VAWUE2L2FUUEAEVEZ,2020,1710,80356.00
311,3,80,72,1,207,4x4/AWD,Kolor 16,5U3GNMHPVM6MH66LN,2022,1996,57858.00
312,15,90,92,33,481,4x4/AWD,Kolor 4,MZU5UJSVP7ZU3CE22,2022,2734,79041.00
313,17,65,72,9,194,4x4/AWD,Kolor 2,46Y1A5DSUHT8J41GJ,2022,659,76233.00
314,97,28,58,81,393,Tylni,Kolor 30,CH15XY27748M2EZXF,2023,1192,74223.00
315,5,10,82,27,256,4x4/AWD,Kolor 12,3ZEWW0WKAAC6KFX2T,2021,276,52994.00
316,8,8,54,70,64,Przedni,Kolor 23,L408LFLS6HKK8SXVC,2022,1646,78673.00
317,16,16,47,38,188,Przedni,Kolor 32,CL9C3YCY3W955XL9G,2021,1348,55957.00
318,35,38,56,21,65,Przedni,Kolor 1,2A94BW2FATHJC3HKE,2020,2359,67856.00
319,31,40,36,38,243,Przedni,Kolor 2,DA00G7GZYFTKPAHED,2022,3642,75107.00
320,72,22,20,5,269,Tylni,Kolor 13,00GTRYLCAACWRVWYW,2024,325,53934.00
321,27,56,74,45,458,4x4/AWD,Kolor 18,B6DA6HU3096HEGP9V,2019,78,59213.00
322,6,87,32,50,163,Tylni,Kolor 18,Y8DBCYTPSHNM2Z9KP,2019,4946,77815.00
323,19,79,82,94,321,Tylni,Kolor 14,K7UNLLZLKREPC17A3,2022,1808,75688.00
324,80,51,54,86,91,4x4/AWD,Kolor 20,06HXRZG24FXTJEVU3,2023,4470,79002.00
325,54,67,6,20,165,Tylni,Kolor 15,HJV6785P1N0C08C39,2022,480,54127.00
326,92,81,45,9,65,Tylni,Kolor 6,B5WW6ZT7F0TSY9WVF,2024,1414,70036.00
327,49,32,38,66,383,4x4/AWD,Kolor 10,D77S3GEENUCHL84XT,2019,2513,61091.00
328,7,90,82,11,20,Tylni,Kolor 28,KUMSS8CY81T4M7ELZ,2020,1523,77240.00
329,92,86,25,40,39,Przedni,Kolor 6,WLG6MHE5GGH5SE79S,2019,1484,50568.00
330,64,68,29,98,87,Przedni,Kolor 8,16B3V08FANZK4E6F7,2023,3775,62193.00
331,48,44,18,4,378,Przedni,Kolor 24,89DNRF4116GR4KRWK,2020,4964,65478.00
332,63,59,75,13,189,4x4/AWD,Kolor 20,5EUEJ25B18XNXCG30,2018,565,55314.00
333,29,9,92,59,100,Przedni,Kolor 15,8KNYBRY1T072BVPZ8,2023,840,53919.00
334,77,75,73,74,367,Tylni,Kolor 25,TGMCUW9DY64Y4RG7K,2020,2822,51028.00
335,2,18,89,67,385,Przedni,Kolor 16,127JC5TFSXU8S43KU,2020,4789,71852.00
336,61,63,91,51,21,Przedni,Kolor 4,ML3NVXRFRD8JMW9DM,2024,2002,65487.00
337,56,72,25,19,147,Tylni,Kolor 20,18X36FMV8DE0MU5JW,2023,2577,72933.00
338,3,16,44,20,278,Tylni,Kolor 8,DFJ9V2X4WUUBW1NRK,2022,3193,66707.00
339,90,83,9,77,413,Tylni,Kolor 9,PF60WU4YS8XWXEDX7,2022,1181,80868.00
340,47,18,18,4,226,Tylni,Kolor 12,SDEM2RMT065K290EZ,2021,87,75310.00
341,71,12,43,11,326,Tylni,Kolor 31,4SFNDFVB96LRKY4KC,2020,720,61851.00
342,80,71,9,30,262,Przedni,Kolor 19,DYK778VYHKWCP90FH,2020,598,50104.00
343,56,89,92,98,12,4x4/AWD,Kolor 11,2YN02P8F46STS00N1,2018,2793,51966.00
344,81,36,11,8,50,4x4/AWD,Kolor 28,YK97M1YWLWCXTP2RP,2020,2967,71367.00
345,82,86,86,25,64,Tylni,Kolor 6,9MBP4HXY1PL0E05GX,2020,2673,53829.00
346,10,57,36,9,425,Tylni,Kolor 30,FNBMJCA8ULX88SE65,2023,2403,51671.00
347,36,3,14,88,24,Tylni,Kolor 20,9681GFEW91VNP91WG,2019,1195,80345.00
348,30,75,71,21,27,Tylni,Kolor 20,MSSBMRMFU0ANV14RR,2023,4607,51971.00
349,4,22,13,94,213,Tylni,Kolor 21,7U4LDMZV12UVP0Y4B,2022,2316,70926.00
350,88,6,3,56,494,Tylni,Kolor 19,JL0T25JV0TU2N32K9,2024,140,54572.00
351,53,32,76,53,78,4x4/AWD,Kolor 10,92P2ZFNNXGCFZ33HY,2021,3612,75564.00
352,72,48,77,55,344,4x4/AWD,Kolor 30,N4N4NCDEDB0VEZHS1,2020,906,71642.00
353,48,27,17,10,378,Przedni,Kolor 27,1AG7P0RA7WBC93GB4,2020,3491,67708.00
354,30,12,2,17,226,Tylni,Kolor 26,8CGSP58YVNXA3B60P,2023,1183,51834.00
355,43,35,59,71,43,Tylni,Kolor 1,6P7EXPS3AG4FEYPYB,2023,843,58964.00
356,29,92,37,69,286,Tylni,Kolor 10,J54BWBADL2WZ9UUFE,2023,4882,57805.00
357,63,97,36,60,90,Tylni,Kolor 24,31TPGU2KHLSE2P5WJ,2020,784,50774.00
358,77,1,69,25,397,Tylni,Kolor 26,E2C0XX28DLG2892F7,2020,540,73376.00
359,62,78,6,59,137,Tylni,Kolor 14,LEXKF9UCTPKM83HZG,2019,4842,50782.00
360,87,64,63,17,166,Tylni,Kolor 9,XKC8FGUS6PH9WGD2T,2021,83,54052.00
361,59,39,39,21,420,Przedni,Kolor 6,4ZTAHGNRWY7CVR9GM,2019,2300,74195.00
362,68,15,37,22,72,Tylni,Kolor 16,V94957W20JZTP6PBP,2022,2101,71806.00
363,78,82,31,68,2,Przedni,Kolor 11,MX4T7TEZ8MG1NMU06,2018,3718,74326.00
364,75,99,62,86,248,4x4/AWD,Kolor 14,CJCAH80TW4P227X8J,2024,3047,53354.00
365,57,54,40,34,274,Tylni,Kolor 6,3KJ1MNV3S4UWYTG4S,2021,4929,56581.00
366,45,10,33,14,277,Przedni,Kolor 14,F5GUTMR7NRRME75SN,2023,1849,50952.00
367,64,2,20,48,136,4x4/AWD,Kolor 12,K44ZXUPWWU42UFR1K,2021,201,67279.00
368,10,20,9,52,229,4x4/AWD,Kolor 1,WUWLXD9BXBD434FYB,2024,1151,75559.00
369,62,10,91,75,366,4x4/AWD,Kolor 12,UYPKZ8KDU95P6H415,2023,892,70022.00
370,14,82,69,13,142,Przedni,Kolor 23,S2N3NSER3NSVDL1E3,2024,4398,51113.00
371,15,10,74,11,417,Przedni,Kolor 2,H2BWE80GYYZMR3RD2,2023,3971,63667.00
372,89,88,94,76,152,Tylni,Kolor 5,Y86BWAEGFN6LZL3VP,2020,2523,78558.00
373,43,68,1,69,187,Przedni,Kolor 13,NELCVJ4D57EYM7HUH,2022,1165,63586.00
374,3,10,72,94,139,Tylni,Kolor 26,6NRCW311WSB89GEUZ,2023,1627,80092.00
375,87,51,51,24,454,4x4/AWD,Kolor 13,UC98LMA1EZ3VK9ZA3,2020,3478,76110.00
376,98,25,74,96,151,Przedni,Kolor 12,E2TULPKUY1YNKMHRL,2019,107,62535.00
377,81,45,34,48,454,Przedni,Kolor 8,DUCSPMUV0L8FMBVM9,2019,2074,64837.00
378,27,65,8,15,419,Przedni,Kolor 12,A2YZY5DW5C9KG3160,2018,3353,62726.00
379,9,56,76,81,373,Tylni,Kolor 8,TDGSN8XMXD3ZR8DU0,2024,2162,74647.00
380,53,47,31,77,496,Tylni,Kolor 24,VDWWHSEEWW2XGHMXT,2021,3400,54990.00
381,22,77,84,7,414,Tylni,Kolor 20,T0HT1CBB72EVD6TU4,2020,3443,51430.00
382,65,35,30,27,324,Tylni,Kolor 10,2ZNP8NNY8NV7VKVMH,2020,2114,61847.00
383,80,75,64,31,475,Przedni,Kolor 16,J6KU8N8C7283ZN21F,2022,4035,81599.00
384,20,42,47,8,74,Tylni,Kolor 21,JUW8HKJT7C6N1SVHC,2023,1159,73805.00
385,98,22,92,40,317,4x4/AWD,Kolor 9,J28CLXUSSUZU1WA7R,2023,1154,77493.00
386,34,34,70,27,297,4x4/AWD,Kolor 14,91F2T6M5L34MANXXR,2022,4591,56930.00
387,83,68,10,2,70,Przedni,Kolor 21,6PR2NJJH3RLE14YHH,2021,3486,57853.00
388,62,81,72,95,438,Przedni,Kolor 21,CH1J4AEH8FM1A7MY3,2019,3299,50951.00
389,1,34,49,67,101,Przedni,Kolor 17,LCCTN8SMHT1BMJDT4,2024,398,76226.00
390,28,93,66,80,431,Tylni,Kolor 17,7YE4LJ73UPJZR2182,2021,4968,57657.00
391,83,49,73,92,132,Tylni,Kolor 5,MPST4AXXYKN3HW1UR,2020,2762,58777.00
392,35,74,37,33,76,4x4/AWD,Kolor 11,CY2WC7K853LYMAK7T,2022,2293,76262.00
393,6,94,6,40,230,Tylni,Kolor 17,3M87CLHBLABBN45XS,2023,627,54510.00
394,61,61,98,50,328,Przedni,Kolor 2,T3MBX0PKBZHFYFUYF,2020,2157,68046.00
395,54,52,95,88,137,Przedni,Kolor 21,42ZC4WTV6EW85FKLW,2020,3525,73016.00
396,73,38,28,27,290,Przedni,Kolor 11,EXFHRHJ36G0GRE3PN,2022,942,59127.00
397,11,41,56,63,276,Tylni,Kolor 19,37BRT2GFZYA864ASP,2021,2425,68182.00
398,52,3,9,22,116,Tylni,Kolor 5,U5DBMSH9F0AUZBFTR,2019,1629,55751.00
399,88,93,95,21,362,Tylni,Kolor 17,1Y8W6H7PDRF86Y3VY,2021,922,55144.00
400,16,98,37,76,19,4x4/AWD,Kolor 1,NWPMWX8P5SGL4D0VV,2020,1326,52259.00
401,50,4,68,36,451,Przedni,Kolor 21,P9G9MS25FBEN0534P,2019,4332,71164.00
402,64,61,98,42,161,Przedni,Kolor 14,4YEVXF4X3Y0FTAREW,2024,3786,64801.00
403,17,59,18,80,190,Przedni,Kolor 6,F47TD6N5U4Y3X9L49,2023,716,56941.00
404,55,22,26,18,44,Tylni,Kolor 16,SR8BB4BZYPGJ13G6G,2018,1923,73264.00
405,32,28,99,15,209,Przedni,Kolor 23,163FY3URN0ENLDZ77,2024,2012,75705.00
406,71,57,94,21,234,4x4/AWD,Kolor 31,1R3TNNV3W41M7844Y,2021,4682,69320.00
407,27,85,96,15,108,Przedni,Kolor 15,5CW6Z1XLZHJEV4NTY,2020,1380,50763.00
408,82,53,40,26,44,Przedni,Kolor 13,6WTC8Y5ZJFZ52WGXE,2024,4677,78329.00
409,44,73,67,98,349,Przedni,Kolor 2,Y7HH0KSN14RCU01YJ,2024,2035,61537.00
410,77,70,84,69,2,4x4/AWD,Kolor 32,T0U7YL77LHE9PL6KZ,2021,3351,66932.00
411,98,60,91,38,53,Tylni,Kolor 29,SU8PADYSA2AFCZFW3,2021,4778,70676.00
412,67,78,45,50,125,Tylni,Kolor 28,AJRMNUZKCP2A1BP8F,2021,993,70634.00
413,31,41,91,25,158,Tylni,Kolor 21,P0M4ELGXPDESWZBT4,2018,3339,71221.00
414,61,49,73,1,490,Tylni,Kolor 30,J008EF94XLSTNZ99H,2018,4536,74952.00
415,6,4,64,16,204,Tylni,Kolor 11,R1B88HT8SXS85LGH5,2024,113,68213.00
416,89,97,94,81,186,4x4/AWD,Kolor 11,DFKNENNDMFBRARYUP,2019,2644,80320.00
417,97,49,50,42,287,Tylni,Kolor 20,5CJY9XRN0VSPYP92U,2020,2830,60559.00
418,75,72,49,92,383,Tylni,Kolor 7,HPNZ24ESEH19H6MHP,2020,2613,69286.00
419,96,95,1,66,99,4x4/AWD,Kolor 1,BV1FVP25TNVH58VT9,2023,1831,75644.00
420,23,25,48,15,339,Przedni,Kolor 13,LKXA6LAXE9430J93H,2018,1015,64128.00
421,15,85,69,13,380,Tylni,Kolor 18,BA3PD68R5VN90KBVK,2022,429,72394.00
422,76,4,42,4,353,4x4/AWD,Kolor 3,SHJA2FZ9PT21F2C6S,2021,1374,53462.00
423,72,5,94,39,100,Przedni,Kolor 7,BBT14BA3WESK6F0ZT,2023,4592,73645.00
424,85,18,41,38,22,Tylni,Kolor 25,22WZ8X4TS7JGGT1EL,2020,3084,51381.00
425,23,74,91,42,475,Tylni,Kolor 30,LZUMP0AUSXZMZ41PE,2024,151,73329.00
426,46,1,28,40,85,Przedni,Kolor 22,L1DM8ZFNBVV1F99TD,2022,1334,68313.00
427,89,97,83,76,428,4x4/AWD,Kolor 13,KPV9AN22696KW47S6,2024,1544,57926.00
428,68,78,45,69,251,4x4/AWD,Kolor 3,8KXEMWG0CY2Z9DJS0,2024,683,60143.00
429,32,96,97,89,109,Tylni,Kolor 13,0XHCHBG54ZVJMS59H,2021,4261,54441.00
430,76,60,81,61,428,Przedni,Kolor 21,MXJAV913CPPP19SHX,2022,2789,67592.00
431,41,55,74,88,103,4x4/AWD,Kolor 24,BDXCXNMGBGB4EDLAM,2023,4001,62160.00
432,51,44,2,7,247,Przedni,Kolor 27,BF8LT5R5BHT9SBWUJ,2019,4362,77434.00
433,59,70,10,17,127,Przedni,Kolor 8,WK49P9XCY1F71N1RM,2021,2311,63201.00
434,40,100,62,22,225,Przedni,Kolor 6,D481T6T44GV06PPGD,2019,501,59889.00
435,3,46,38,59,277,4x4/AWD,Kolor 16,EFVEDTMDZTRFKG6DS,2021,2691,74727.00
436,69,59,43,90,361,Tylni,Kolor 4,N96ERAZ4MHC6HET31,2018,4430,53341.00
437,9,14,63,72,25,4x4/AWD,Kolor 21,4U30A1X41UU86798N,2022,1353,79545.00
438,81,91,38,21,455,Przedni,Kolor 28,6942P92FA4C1J5AKH,2024,4951,81652.00
439,67,28,27,75,131,4x4/AWD,Kolor 8,Y5RZJSZ4S5VBY0A0S,2022,3568,65355.00
440,57,55,69,25,281,Tylni,Kolor 22,F043J63WMJ44L7G6U,2019,2738,71828.00
441,66,92,34,74,352,Tylni,Kolor 10,6SC45KMY6V1BU35RD,2020,4515,58672.00
442,7,14,22,20,171,4x4/AWD,Kolor 18,NZ0USU9FMNHG56WWV,2020,2872,74010.00
443,49,12,23,80,173,4x4/AWD,Kolor 13,X384CWFB0XB5A748Y,2021,1237,59177.00
444,43,82,6,30,436,Tylni,Kolor 24,SSGNVRLG20F1G91L3,2023,2283,58254.00
445,10,46,12,61,14,Tylni,Kolor 15,YV93RNH1ULPPRLMGZ,2021,258,53523.00
446,69,8,56,43,109,4x4/AWD,Kolor 7,H6FU4NB67P3DT3ZD3,2020,2403,80182.00
447,45,72,96,96,75,Tylni,Kolor 19,9UTCJ9J9NSHUCW91B,2020,2983,81060.00
448,60,50,15,25,432,Tylni,Kolor 23,33HNAPAFS8E2KKPMY,2021,2467,71146.00
449,42,72,77,77,382,Przedni,Kolor 19,XXAX8XEG4CCRNF3HE,2018,2068,51364.00
450,68,2,56,100,361,Tylni,Kolor 27,83KTJXN8LUFCZU43N,2022,2815,82496.00
451,77,59,31,41,450,4x4/AWD,Kolor 29,U9H7HTFFPZM6YRTJZ,2020,3568,71592.00
452,48,62,64,65,385,Przedni,Kolor 11,2RDLUKUT461MP84FL,2020,1256,79471.00
453,69,96,59,11,45,Przedni,Kolor 19,ZRYA9VHRPK1S8972N,2024,2670,60039.00
454,54,15,24,54,328,Tylni,Kolor 8,FB2LTP6VJ8RSGWURM,2023,4657,59631.00
455,48,21,13,6,317,Tylni,Kolor 12,HDA00EAL501XAYNMR,2019,625,56305.00
456,15,41,90,80,32,Tylni,Kolor 12,CLENJYT2NT63J5TC5,2019,177,76362.00
457,12,65,90,18,89,4x4/AWD,Kolor 7,AVK9B0UGDM3YSENFM,2020,58,78323.00
458,76,19,51,98,371,4x4/AWD,Kolor 4,ZU4WHNFVU95C9CGL9,2019,4383,74647.00
459,70,25,13,64,287,Tylni,Kolor 11,H5H7S26B69NV1U9R3,2020,2247,79703.00
460,98,48,60,98,243,Przedni,Kolor 16,GFCP20V3H0XXA42KU,2022,3394,53133.00
461,43,93,59,93,13,Przedni,Kolor 14,W86NGGE39X2JR790X,2023,1535,59927.00
462,90,96,53,28,436,Przedni,Kolor 21,0UN7YPRUU6EHPAVRS,2022,214,56898.00
463,92,95,34,55,175,4x4/AWD,Kolor 24,H7HGE58FRNGAUXLEG,2019,176,54621.00
464,67,88,1,1,61,Przedni,Kolor 7,EUH7CLNKNZS4TH12X,2024,923,61925.00
465,2,52,63,55,128,Tylni,Kolor 27,8RJKWBFVRKCEG3E3V,2018,4748,62667.00
466,79,68,33,48,123,4x4/AWD,Kolor 21,A3RSZPWVHEPXZ2NE2,2023,1051,71443.00
467,30,82,37,84,345,4x4/AWD,Kolor 21,YF14X1KSGAXLT6YN4,2021,1238,54267.00
468,43,100,53,73,202,4x4/AWD,Kolor 26,T8LTFBFKD91MYV62R,2019,347,54684.00
469,66,64,66,33,233,Tylni,Kolor 31,ACFGAYDDR16EVY4D8,2023,3640,69753.00
470,65,32,60,66,427,Tylni,Kolor 8,76WP3GN0CX93BZ916,2018,3082,50904.00
471,58,31,64,20,419,Tylni,Kolor 16,3U6Y178204WFWU0DP,2022,3562,50601.00
472,19,85,18,29,134,Przedni,Kolor 32,PX40CZNDD6D68B3WT,2022,907,54480.00
473,12,13,43,93,455,Tylni,Kolor 25,2CDNL06N80AXUV6S8,2020,1972,67916.00
474,43,57,44,27,253,Tylni,Kolor 26,HVSU1LUMJJZWFHVXF,2021,1462,78318.00
475,59,67,36,85,109,Przedni,Kolor 16,F87YSHLJ6AXR8DH8B,2018,1568,52397.00
476,49,40,58,35,363,Tylni,Kolor 3,MFD8UU3ND9DP3GMGX,2019,4093,51955.00
477,27,100,65,59,357,4x4/AWD,Kolor 28,MNLKZEK2BHR480X5H,2023,2622,65944.00
478,17,13,31,13,48,Tylni,Kolor 29,SN5XRZYGUP9SUUPJE,2022,2211,64859.00
479,46,46,65,35,445,4x4/AWD,Kolor 1,NW4D8DK1V8C05V0GC,2019,752,72614.00
480,83,50,74,96,320,Tylni,Kolor 18,S70ARTUJPYMMZVY54,2018,3285,51844.00
481,92,11,83,20,88,Tylni,Kolor 32,NYEAFZK7Z9FG1E3J7,2022,3440,81290.00
482,71,17,50,19,402,Tylni,Kolor 3,TAWAH4468AGNCCYXD,2023,3404,74791.00
483,4,9,73,54,174,Przedni,Kolor 2,DJBGW812TRDSE0BRB,2020,3697,59226.00
484,97,54,73,70,148,Przedni,Kolor 7,5EYP31483W2E3C1D5,2019,1410,55564.00
485,47,59,69,65,448,Przedni,Kolor 12,CTFNG4J9SW2S8VAAF,2019,275,73233.00
486,89,45,96,17,207,Przedni,Kolor 25,5KT2BFZJ87XUTG8YE,2019,3970,76028.00
487,96,26,27,15,370,Tylni,Kolor 13,5YZNT62UG166PZZNT,2018,370,71101.00
488,75,99,54,12,426,Tylni,Kolor 27,SYKT9VW2SXTSRSV0B,2024,1841,77149.00
489,72,38,23,46,124,Przedni,Kolor 2,MULLC1EX5ZVNDUA57,2020,1604,79629.00
490,50,87,31,73,280,4x4/AWD,Kolor 4,GEKCL8TWJPYXRBD1T,2018,3931,73728.00
491,99,13,68,76,214,Przedni,Kolor 7,Y7ECEYHCH2GKUFGX5,2023,3460,79428.00
492,58,8,10,24,287,Przedni,Kolor 7,APGAWV3RB7P1K3Z35,2019,4362,76807.00
493,20,38,86,86,428,Tylni,Kolor 12,3YSSZ7Z4NK5ENNS8X,2020,2753,76984.00
494,41,92,89,11,117,Tylni,Kolor 31,HZ7F7MD0NMMG05GN3,2021,2011,60655.00
495,69,5,6,73,241,Tylni,Kolor 9,M00LG8ZKLWYC231WA,2021,2167,69482.00
496,20,32,98,79,365,4x4/AWD,Kolor 31,KSYW0YY3C3GYHN6WH,2024,1179,73244.00
497,89,83,4,66,152,Tylni,Kolor 6,JDR29HJP4WFFVP9ZY,2024,3108,50259.00
498,64,84,88,93,481,Przedni,Kolor 20,JFKGKKEM95771PW15,2018,2058,53629.00
499,94,80,87,47,260,Przedni,Kolor 15,YT90LVJW1FY4PMKFE,2022,537,52608.00
500,85,38,15,33,113,Przedni,Kolor 9,X3ZT2C4RR5N9Z25BG,2018,2436,56870.00
501,48,16,91,22,475,Tylni,Kolor 13,10ER32A6F2UEWLC1M,2021,1250,54291.00
502,50,64,76,90,26,4x4/AWD,Kolor 26,662BR7S4KJKCDTKRV,2021,1217,75756.00
503,13,95,48,38,252,Przedni,Kolor 31,HB4JV38LXNWY3VM80,2020,4097,73402.00
504,40,69,79,42,167,Przedni,Kolor 3,GMBW2R3HCUANL1LJ9,2022,4629,63334.00
505,85,68,62,91,234,Tylni,Kolor 6,DA772DD6XELG9PN99,2024,2891,65099.00
506,94,45,88,32,409,Przedni,Kolor 16,XTGUTKNZM98PU3F9C,2019,2072,58858.00
507,32,86,67,90,93,Przedni,Kolor 28,6SGPJ2VRG1GF014AM,2024,3113,51320.00
508,41,88,24,97,477,Tylni,Kolor 21,YADZJYNCB4T14R15P,2020,177,62288.00
509,2,83,19,98,495,Przedni,Kolor 18,9UHZTAU952DWFK80V,2019,1254,58331.00
510,28,27,39,95,89,4x4/AWD,Kolor 25,KHV0K3E0S69N7H9T6,2018,4195,50094.00
511,17,11,26,2,482,Przedni,Kolor 12,J5VTWWRPGXH0F95AJ,2023,744,66002.00
512,56,56,63,86,418,4x4/AWD,Kolor 20,MULFW4LEU4S63AFZG,2020,4347,53573.00
513,80,46,73,27,472,4x4/AWD,Kolor 17,ZDYX4A969BVL7W0LS,2022,2018,80346.00
514,28,100,26,60,279,Przedni,Kolor 24,7LBUWA82GF8CS95BP,2023,2181,74579.00
515,31,89,98,61,217,Tylni,Kolor 7,AJF6XEHSDFG2WABKR,2024,3336,73577.00
516,86,58,39,73,340,Przedni,Kolor 24,Y3031BZZN3UCUA31D,2021,1320,58513.00
517,54,64,17,82,480,4x4/AWD,Kolor 20,NMNE5MD29W8ML2ZEA,2023,1563,61056.00
518,46,50,2,75,320,4x4/AWD,Kolor 12,1EAU48GD0JRT55UC3,2020,4447,70773.00
519,28,27,87,89,161,Przedni,Kolor 1,4ZPY4JGSK50HKHLK7,2020,4789,56426.00
520,91,91,73,21,13,4x4/AWD,Kolor 31,XTP395H01A06DV1FA,2022,2416,70821.00
521,40,57,42,79,446,Przedni,Kolor 8,N2Z54T18L7A9DAR6S,2022,3261,51544.00
522,89,62,73,57,37,4x4/AWD,Kolor 14,N3SZRT4E9XPRNLRUJ,2018,2728,69644.00
523,86,33,100,61,209,4x4/AWD,Kolor 26,CZWNDZM54JFWJZYVF,2023,318,52452.00
524,100,10,42,75,273,4x4/AWD,Kolor 3,MBRF3451689719X1K,2019,3042,80790.00
525,28,85,33,45,299,Przedni,Kolor 32,7ZE74YRWZ2VSE0V2T,2022,12,78500.00
526,99,66,74,94,90,Tylni,Kolor 10,3A7HY1WX425VWNN69,2020,542,51334.00
527,92,30,6,29,207,Przedni,Kolor 4,PDE5JKGB2NZ6DWRW0,2020,1379,50508.00
528,74,25,52,36,319,Tylni,Kolor 24,KJAYNUA7X9AAZC1XA,2022,4652,73430.00
529,42,21,1,13,211,4x4/AWD,Kolor 3,9UKH5NLH8CXAYZ4FB,2021,2118,69137.00
530,96,56,45,9,219,Przedni,Kolor 28,R6PC1544H939PCD6W,2020,2503,76329.00
531,75,51,28,32,80,Tylni,Kolor 21,0M1R41VNUGX5G63G6,2020,2600,82766.00
532,87,62,70,25,473,4x4/AWD,Kolor 10,F9L48ZXTTD8PFCKX1,2021,2098,81459.00
533,86,56,36,26,359,Przedni,Kolor 22,3ZV0LBP49NDR9UUBW,2022,1206,54429.00
534,64,12,54,23,39,Przedni,Kolor 12,GM0JJLLRYVLJKYSFT,2019,241,59304.00
535,44,4,6,58,418,4x4/AWD,Kolor 14,4MGFTKAMNUC0MWUAY,2019,4359,74712.00
536,32,80,75,69,5,4x4/AWD,Kolor 22,HTY9S1HP2CPSZ5D0K,2018,2135,62734.00
537,89,53,22,10,422,Przedni,Kolor 11,RMENMG19JR3EW8NTH,2019,1778,55750.00
538,18,80,61,81,131,Tylni,Kolor 12,95PXG6DPY80NN3NP7,2021,2249,77572.00
539,20,25,87,19,320,4x4/AWD,Kolor 11,DH7RP9YE37ACCEL4M,2023,2088,78434.00
540,99,93,12,70,26,Przedni,Kolor 7,FUHS5FVKN8K62B4SY,2024,3979,76254.00
541,44,15,50,18,276,Przedni,Kolor 10,MRB0TLEVFB6C7LY4H,2024,1100,59382.00
542,27,23,42,5,261,4x4/AWD,Kolor 17,KGYJU681JHSWCRWNA,2019,2848,58023.00
543,62,98,24,39,130,Przedni,Kolor 12,ESL0M5K5M5D7UCXLA,2023,1212,56705.00
544,42,75,77,56,50,4x4/AWD,Kolor 20,3JEPLUU7P3T1DJXTE,2018,2165,67558.00
545,40,45,14,40,27,Tylni,Kolor 31,7TSHN875GU9FJB5FB,2022,2184,73772.00
546,96,83,94,81,132,Tylni,Kolor 16,LMY8NLZJ9416M0MR7,2022,2069,62141.00
547,59,42,50,6,485,4x4/AWD,Kolor 4,DNLVXMUEKYYKCW1AZ,2024,3151,72877.00
548,55,30,45,35,82,Tylni,Kolor 23,98VNZDBNUJSUV71CD,2018,2234,65331.00
549,49,16,71,35,233,Tylni,Kolor 5,CN6G3K4JAVK7UEG2U,2021,2259,51436.00
550,16,22,42,70,215,4x4/AWD,Kolor 26,SPT0FW36MZSCBBN37,2020,481,78547.00
551,48,81,93,28,400,4x4/AWD,Kolor 1,FAL54V823WM7R17H8,2022,1293,54095.00
552,62,99,56,100,159,Przedni,Kolor 16,LJLZWFVEP7Z0TS39B,2023,4026,67290.00
553,23,42,58,59,349,4x4/AWD,Kolor 17,FGT8CZ1Z16NZN38AP,2023,570,63594.00
554,25,51,87,26,168,Przedni,Kolor 26,XCT0H2U5HV8987TP4,2018,3118,51123.00
555,20,92,66,89,431,Przedni,Kolor 27,V2YPMRHRG57MJ50AL,2019,4079,81167.00
556,32,1,57,30,270,Tylni,Kolor 26,0FGRYY8W5MGRPA0VD,2020,4105,56689.00
557,82,92,2,77,109,Tylni,Kolor 2,49NYULH40GCLSRSK5,2021,4390,50675.00
558,40,41,50,88,496,4x4/AWD,Kolor 14,4DFZC765Z6HY72GK1,2019,1912,67967.00
559,81,58,6,89,91,4x4/AWD,Kolor 32,VS4TE9CZ8A6SKNBGF,2018,1720,77661.00
560,1,63,88,1,411,Tylni,Kolor 13,E0ZB4YEJUJ1KWD733,2023,889,50124.00
561,45,79,85,44,204,Przedni,Kolor 8,PV6S4MH8X62UUA317,2022,2006,61085.00
562,58,12,33,91,393,Tylni,Kolor 3,DH4Z5JDV4U98KWSRD,2020,2009,62989.00
563,24,4,9,43,294,4x4/AWD,Kolor 31,8GAN6B14HXWHCWULK,2020,30,80958.00
564,37,91,41,18,374,Przedni,Kolor 21,FASRVD2SGARVDKUMN,2022,3188,60922.00
565,96,71,71,33,496,Przedni,Kolor 19,NU3ZP8LMHM6DXWBJ6,2019,2411,71984.00
566,4,3,90,87,471,Tylni,Kolor 21,ZWU283N9VBC9H5PLM,2022,297,69508.00
567,19,53,83,14,285,Przedni,Kolor 20,YHMCA6GMHL311XY4R,2022,2750,66138.00
568,79,70,27,53,258,Tylni,Kolor 18,ND9H4HZLABUECHND2,2020,4445,75392.00
569,100,16,84,53,66,Tylni,Kolor 30,E3RUJ496B1X0N4SCP,2018,4688,75093.00
570,23,13,78,3,10,Tylni,Kolor 7,1L5RZL30J133YL50E,2020,1896,82742.00
571,50,71,4,93,416,Tylni,Kolor 20,XRCWCLX9SEE46WYFS,2020,1500,79428.00
572,27,21,12,96,130,Przedni,Kolor 17,JPJSWBL2S8HHK347N,2023,3108,57301.00
573,76,60,14,97,17,Przedni,Kolor 28,S2XU85MWSJ587V7K4,2018,2271,78335.00
574,1,39,97,18,278,Tylni,Kolor 31,V5H4NMXM0W18L8LC9,2021,881,79038.00
575,44,24,89,95,180,4x4/AWD,Kolor 26,YKGT4YK0FBS79N96Z,2022,670,78090.00
576,52,22,40,5,28,Tylni,Kolor 10,PEWGF3K8YLAKSCTRE,2022,4324,77854.00
577,47,37,72,13,60,Tylni,Kolor 2,MFZUWCLAVTJDVDCC3,2019,3297,50967.00
578,83,22,33,16,128,Przedni,Kolor 4,Y8SYK438GCDGXHSFJ,2023,3346,67931.00
579,96,13,9,57,279,Przedni,Kolor 17,ZKBMZ068RLMH6TRFF,2019,4928,69630.00
580,36,18,87,74,364,Przedni,Kolor 27,GBPFAMRM61AA8MTZS,2018,612,62253.00
581,41,23,81,60,303,Tylni,Kolor 21,6G57YUW7D6KM1ZAWW,2024,2728,52845.00
582,96,22,4,71,121,Tylni,Kolor 28,DZ4THE924ZG91V7PN,2021,4685,69516.00
583,24,27,6,35,344,Tylni,Kolor 3,3P8LFVV3YPHTFA0A6,2022,4273,78276.00
584,91,9,39,75,257,Przedni,Kolor 5,U1FP59S41C2FMVM6Y,2018,4868,69301.00
585,97,73,44,74,476,4x4/AWD,Kolor 21,NK85XLE0GC20CDSR4,2024,1814,51164.00
586,37,86,94,28,65,Przedni,Kolor 1,H2XD2NUXTTEK34LEV,2024,3087,57069.00
587,5,95,93,57,201,Przedni,Kolor 2,1EEM7U7FKJ786P82P,2022,543,72861.00
588,86,58,99,89,219,4x4/AWD,Kolor 4,L94US14ZW642T7PVK,2024,863,70865.00
589,86,25,67,27,275,Tylni,Kolor 10,33R9VX18V5HB30TSU,2024,31,58556.00
590,69,73,18,2,155,Tylni,Kolor 3,BRBEFNG16KT3RVARF,2024,960,52306.00
591,11,96,31,88,458,4x4/AWD,Kolor 21,6GU9KSXC95G70A88J,2018,264,72180.00
592,14,50,33,40,349,Przedni,Kolor 20,8JGWN1X7XCVXHH8P2,2019,4989,82101.00
593,21,29,18,56,383,4x4/AWD,Kolor 14,X5KA3KU9U76UVKPPL,2018,69,63118.00
594,15,33,84,13,86,4x4/AWD,Kolor 3,XZ1HBM9GZXTLUR8KN,2018,2035,52771.00
595,10,51,41,48,282,Przedni,Kolor 6,6B3VDC0BETJUHV9Y6,2019,1033,70439.00
596,12,4,65,42,11,Przedni,Kolor 1,PMNWXA6A75ZYV1H4D,2020,1488,68019.00
597,83,24,17,65,198,Tylni,Kolor 28,230SS193P0ZSARUP5,2024,3934,56548.00
598,94,34,4,100,77,4x4/AWD,Kolor 13,VV5GJCGT4DKBXBA2K,2018,4745,77049.00
599,2,58,45,51,496,4x4/AWD,Kolor 9,YP6ABXMSUW4KDH9TP,2021,4647,64408.00
600,77,35,55,42,296,Tylni,Kolor 14,259SHND7ZTF9C0H67,2021,4172,51314.00
601,63,97,69,30,138,4x4/AWD,Kolor 24,L1RCD9RE87ABY92DD,2019,413,56976.00
602,32,53,97,38,202,4x4/AWD,Kolor 23,C5MCGUN6DKHTZE8YB,2020,4321,72823.00
603,31,12,63,50,163,Tylni,Kolor 16,24NPHL17RNNY9GE9X,2020,998,54261.00
604,21,90,61,66,316,4x4/AWD,Kolor 10,6HCC6ZDEKSAMEDU3P,2022,4866,76396.00
605,14,55,11,40,1,Tylni,Kolor 32,ZKNZ8DNBW3WLWWB9R,2023,2282,72207.00
606,75,85,17,40,336,Przedni,Kolor 25,WU9B3289E73K5AWEV,2020,2505,71787.00
607,57,53,39,63,238,Tylni,Kolor 13,PDSZGFXC2RJRF60F1,2020,3039,70341.00
608,68,26,45,34,225,4x4/AWD,Kolor 15,45T1H7Y5DW6SZHM57,2019,1714,61351.00
609,6,68,33,82,267,Przedni,Kolor 17,58LBP936FTFR1W0XW,2022,4547,63797.00
610,44,22,31,78,304,Przedni,Kolor 13,2J5VHKZTYHYZUSNZ3,2020,4694,74278.00
611,66,9,92,43,131,Przedni,Kolor 7,XGXDCM3CW28RK46H3,2018,521,65077.00
612,18,29,46,92,355,Tylni,Kolor 29,PXPWR1Z04DTP6NUFT,2024,4321,77493.00
613,93,5,2,92,291,Tylni,Kolor 29,5P6F3YSD7D8F9MSDS,2021,2982,54298.00
614,9,81,4,14,250,Przedni,Kolor 8,BNVEG9SU1PU7ST0DS,2019,4449,80409.00
615,52,90,97,28,293,Tylni,Kolor 1,1W8WANJTUZDULJ4CB,2023,2331,82722.00
616,28,26,57,12,456,Przedni,Kolor 22,PLU8TA67K27NFHA9L,2020,3686,72430.00
617,42,18,36,28,324,Tylni,Kolor 12,WMJ32MNKW0TGXPK20,2021,2344,77637.00
618,25,84,55,90,416,Przedni,Kolor 25,PALLTZVEGADA91UU4,2021,217,78258.00
619,17,13,77,86,35,4x4/AWD,Kolor 8,ZDZEBN7LY2NWT8L8G,2019,4397,54631.00
620,22,86,99,72,234,4x4/AWD,Kolor 26,AYVX1KUTTFU0RMY3M,2020,4083,67821.00
621,96,23,21,99,483,Przedni,Kolor 16,GV61K60T0KJSWK5FZ,2021,2297,82201.00
622,90,27,71,5,138,Przedni,Kolor 1,YLWB85499JUM4UG33,2021,1266,78199.00
623,91,65,56,6,379,Przedni,Kolor 28,WXDGZ04ZCDZUHYHD9,2022,1061,58729.00
624,63,70,76,24,402,Tylni,Kolor 5,B1Y5BU8D2WD7XFJ5F,2021,877,77130.00
625,98,68,18,61,120,Tylni,Kolor 13,RXTS6REBCWN0KK6R9,2024,3584,76414.00
626,46,18,7,61,18,4x4/AWD,Kolor 18,LBTN76FNT5WFW5UPN,2021,4681,69474.00
627,46,63,77,68,424,4x4/AWD,Kolor 1,1H2XJNVTAGG581BJ9,2023,3880,63202.00
628,10,72,98,8,222,4x4/AWD,Kolor 7,LZA2LVE159SF5MXPU,2024,4710,53656.00
629,69,53,2,39,85,Przedni,Kolor 9,ZK1T3KRVRW1LW17SL,2019,4487,69329.00
630,93,4,72,43,258,4x4/AWD,Kolor 12,WFAM1GWPY6HE6MR73,2024,1204,53629.00
631,52,84,46,86,8,4x4/AWD,Kolor 6,7S1B93ETUFVD8LR56,2020,1356,58603.00
632,91,14,13,85,45,4x4/AWD,Kolor 3,T59W38KN39JWAHYZR,2019,3952,64415.00
633,93,60,90,38,195,4x4/AWD,Kolor 17,7E5Z24T21UGG8P7MZ,2020,4294,63246.00
634,50,23,13,70,464,Przedni,Kolor 21,G08MRJJHA4B2D5YBA,2021,1904,63679.00
635,79,37,79,24,42,4x4/AWD,Kolor 21,SRMDCNX3TBMWKDJMF,2023,4253,57166.00
636,33,89,14,29,22,Przedni,Kolor 11,43LBPDY1UKKHM29WF,2021,2957,82651.00
637,55,74,52,22,320,Tylni,Kolor 13,V7GELHV4ULBZBSL0J,2022,530,76861.00
638,100,9,36,37,346,4x4/AWD,Kolor 25,HMLR2G4ZF5HS3793B,2020,1191,61478.00
639,87,28,78,73,146,4x4/AWD,Kolor 29,EY1LHAJ3RE5LECNHY,2024,258,77067.00
640,81,91,48,13,303,4x4/AWD,Kolor 27,9UG7REWU1TRC9STMN,2022,3018,53302.00
641,63,84,50,36,464,Przedni,Kolor 6,FPSLHU0T26WHDN15B,2020,2340,62748.00
642,84,79,80,59,295,Tylni,Kolor 2,R2HCXKKUBBH41F4R8,2019,3868,80918.00
643,69,71,50,46,429,4x4/AWD,Kolor 29,KYFNBHB8MH3PTPFDB,2018,1862,81961.00
644,79,36,18,45,364,Tylni,Kolor 21,LLULW2DSJEB31ZYZF,2021,394,50179.00
645,57,51,69,35,32,4x4/AWD,Kolor 20,H8JCR4XAUA9PAPB1U,2020,2673,58124.00
646,48,68,47,23,29,Tylni,Kolor 24,E123E1BR8AFZ0EPU7,2024,4860,50675.00
647,87,37,98,26,126,4x4/AWD,Kolor 19,FBRKEZCULV56KEFY2,2020,0,59072.00
648,60,62,15,79,426,Przedni,Kolor 28,F8NE75W1X4RH97KW7,2020,4773,65084.00
649,75,38,30,71,239,Przedni,Kolor 13,CEW3AFTETX1D1MNA2,2019,1964,72255.00
650,34,12,68,21,276,4x4/AWD,Kolor 27,LGFHL45HV98E3EPS4,2018,496,57339.00
651,15,15,51,82,109,Tylni,Kolor 4,CU1L0KAVK5HAVAAZ5,2018,2632,75076.00
652,84,15,69,20,305,4x4/AWD,Kolor 20,MLSBGBVJT93N1R1BX,2020,1455,66814.00
653,21,66,95,32,159,4x4/AWD,Kolor 11,509BBE926DD3408FZ,2024,2907,82208.00
654,74,30,87,91,161,4x4/AWD,Kolor 32,GYUFLUK53600YXRJW,2023,670,56678.00
655,57,68,78,59,44,Przedni,Kolor 12,534L19X1P622F56WK,2020,136,67093.00
656,9,50,8,90,92,Tylni,Kolor 25,4XTKS2TR9KN5N2E8P,2018,3032,66882.00
657,36,82,70,54,408,Przedni,Kolor 29,RZZGXGXMS9V2Z96UP,2023,4133,66307.00
658,48,87,48,32,474,Przedni,Kolor 10,PPYLVJ8379ZFM6316,2021,2162,56002.00
659,50,48,3,45,224,Tylni,Kolor 8,CTP6FN1UFUXBUB5XG,2020,1916,59973.00
660,24,32,43,49,54,4x4/AWD,Kolor 30,6RR5BX8822N6SSEJ7,2022,2494,76254.00
661,1,37,2,42,477,Tylni,Kolor 18,A660UC73SJ96UZELL,2024,187,53774.00
662,26,81,94,87,202,Tylni,Kolor 10,06B75NN3YL8BTM712,2021,3273,70281.00
663,27,7,26,77,357,Przedni,Kolor 2,TAAR5H96W2VBUJ3NJ,2022,1684,75690.00
664,95,93,20,33,191,Tylni,Kolor 8,93WKEWBKYUPE21XTF,2024,2495,50365.00
665,7,62,94,84,180,4x4/AWD,Kolor 1,Y0S6M15G8ZNFFMEAG,2023,4932,54377.00
666,65,71,66,95,152,Tylni,Kolor 26,ER4PSDWC23WUF4U2F,2024,429,55814.00
667,58,98,68,69,461,Tylni,Kolor 30,E1KW12G597NG1J7VE,2019,1579,65574.00
668,71,62,5,16,55,Tylni,Kolor 12,N2UM45H1VDUB8JZV0,2020,4065,67163.00
669,54,2,62,81,267,Tylni,Kolor 28,92UJ1AG10R79MBDH7,2022,3819,75939.00
670,65,57,84,34,133,Tylni,Kolor 21,2HJ0B2M978LRFRC2B,2024,864,74343.00
671,51,45,60,67,97,4x4/AWD,Kolor 3,UW4UFF8SMJ2YWZL58,2020,4679,81459.00
672,19,37,4,16,147,4x4/AWD,Kolor 5,57JXG18KZMM3NZH6P,2024,744,81797.00
673,33,47,3,43,320,4x4/AWD,Kolor 23,32J0W04HAWSXFYUHX,2021,2392,60773.00
674,58,3,84,94,34,4x4/AWD,Kolor 26,LFEGGGM59M1URXJ7C,2018,2028,72228.00
675,16,38,7,39,292,Przedni,Kolor 12,ZXVJ5JZE0DGJ5ESX6,2020,4757,66226.00
676,57,71,46,7,337,Tylni,Kolor 26,LZ2KRSMJ523YCRDND,2023,1078,59728.00
677,69,91,95,90,330,Przedni,Kolor 20,Y3WHU6L6FRNTNBJ4Y,2019,1620,79963.00
678,69,85,27,54,335,Tylni,Kolor 3,01M27MYL3HPA3G554,2018,788,51856.00
679,50,57,25,57,1,Przedni,Kolor 15,ALZJ0N3G4M5R7WLRT,2018,4837,69622.00
680,47,41,48,78,365,4x4/AWD,Kolor 15,LDCUDGM8YXAMYCSJN,2024,1251,61272.00
681,15,47,50,42,496,Tylni,Kolor 17,7DH5FD9NNK2PPYHXU,2020,3075,59488.00
682,28,27,11,5,301,Tylni,Kolor 32,788RS1T17TERGL621,2021,3982,52670.00
683,100,37,50,51,331,Tylni,Kolor 14,DUPAFTEV6VLYR9RKD,2022,2314,73229.00
684,81,5,3,92,94,Tylni,Kolor 9,RLYPXL5AMCGCC5M97,2022,4844,63547.00
685,92,42,71,99,463,Tylni,Kolor 20,07RU48NBACE1PECEJ,2022,983,65258.00
686,22,86,76,52,461,Przedni,Kolor 24,1KJCB1HG0CJLMLSK6,2019,229,63640.00
687,69,26,80,75,415,Tylni,Kolor 29,58FUV7XCJFKKT0Z9K,2024,4971,66639.00
688,21,99,50,16,200,Przedni,Kolor 8,65X87NX0VL495552D,2024,3714,75862.00
689,72,81,50,76,125,Tylni,Kolor 22,DX7XZGAS186D9ZV79,2020,3801,60598.00
690,1,81,65,66,70,Tylni,Kolor 2,CE45T3PJUDHNFR9L0,2018,1296,70971.00
691,26,79,77,52,113,Przedni,Kolor 20,FB9NVS94S11UKG5E3,2023,4605,50218.00
692,35,80,16,48,124,Tylni,Kolor 31,5NT5EPH2FVC49B1KJ,2018,4170,72384.00
693,72,28,68,56,199,Przedni,Kolor 14,B3UPSMYV7G311KH1K,2021,1794,64949.00
694,80,73,95,6,8,Tylni,Kolor 32,RDW1CJZK3BCV027YV,2019,3809,67990.00
695,5,22,39,22,355,4x4/AWD,Kolor 21,UPFVGDD5D92DR0YE8,2018,364,82222.00
696,70,70,26,74,208,Przedni,Kolor 22,078AX69NX3S29G8VD,2021,1293,68741.00
697,27,13,84,65,353,Przedni,Kolor 32,71AEME6G5G62PCD2V,2022,4716,53303.00
698,12,94,32,84,417,Tylni,Kolor 28,82KA1LF3ABMFLH7ZX,2018,276,67139.00
699,44,46,19,31,23,4x4/AWD,Kolor 32,10JLN0TM1EZ0HSFB9,2019,79,78421.00
700,71,16,22,15,132,Tylni,Kolor 4,V5HLB7PAM1GLJTVY2,2022,2989,63012.00
701,47,64,41,21,101,Przedni,Kolor 5,FER5YAXT0BLVG22EG,2020,4113,66391.00
702,54,19,43,54,41,4x4/AWD,Kolor 7,64UTSBZA6SAC5S2GX,2023,2996,72102.00
703,56,17,63,87,363,4x4/AWD,Kolor 22,KS7Y3BFG215WY6XRF,2019,3385,71829.00
704,54,92,69,23,470,Przedni,Kolor 6,YG3LZDPTJA48SZ1XJ,2018,192,69452.00
705,32,47,68,86,390,Tylni,Kolor 29,D74SN0S3KHZW3YDVU,2018,1441,67752.00
706,35,96,19,64,89,Przedni,Kolor 15,ARMTKEGG8PLCDF2YL,2018,2167,82758.00
707,64,83,88,23,37,Przedni,Kolor 11,GPNW5JBLLNB3Z1N63,2024,4040,50857.00
708,42,94,23,76,132,4x4/AWD,Kolor 4,RP71CNTW574WTKUAV,2018,25,63700.00
709,86,35,8,57,29,Przedni,Kolor 19,8DEY4M0ZPN4FP9UX1,2023,1524,50463.00
710,27,42,97,22,259,Przedni,Kolor 32,MD2PPATS8ZK2CWB81,2018,319,58218.00
711,53,18,11,57,384,4x4/AWD,Kolor 15,U2JUX6DSA9XN1F18V,2021,4277,50716.00
712,25,98,21,51,492,Tylni,Kolor 6,M0TR02ZTH90JUF86Z,2020,750,67833.00
713,18,22,15,23,448,Przedni,Kolor 16,BUR7G0AUP4856JZNH,2019,3051,60737.00
714,82,35,62,70,176,4x4/AWD,Kolor 30,GJV5ZE9WKAF8PJ0MV,2023,1374,74485.00
715,89,46,14,48,232,4x4/AWD,Kolor 31,R30EXJVHRLFWWJSKF,2018,3865,75160.00
716,39,14,42,100,371,Tylni,Kolor 18,E4BZ961WKHARK4Y96,2023,3558,62941.00
717,90,79,71,3,325,Tylni,Kolor 3,DCTCSY1SRFGH9KY0N,2024,815,51342.00
718,37,64,65,10,222,Przedni,Kolor 1,U30R6DPMLS4WLEG7P,2021,259,77699.00
719,19,74,30,54,1,Tylni,Kolor 8,687JW1JG65C3WVAV6,2020,4492,64623.00
720,5,33,57,45,335,Tylni,Kolor 9,A7L2RESE4KJT8KTW9,2023,3497,55870.00
721,5,99,98,23,6,Przedni,Kolor 15,VXR6BC6PX62GUZZD2,2019,3458,51246.00
722,96,27,52,19,21,Tylni,Kolor 18,K65JYSGR3W8V0A9FP,2020,1777,59333.00
723,20,96,95,82,488,Przedni,Kolor 28,0NS1K5GFJRNUW6ZUW,2021,3719,77673.00
724,49,8,22,45,258,Tylni,Kolor 1,XCAFN2HBD39MEV3HE,2021,2711,53364.00
725,100,82,66,97,311,Tylni,Kolor 22,GG2HL558UBB689FS8,2018,4711,72924.00
726,80,21,53,94,492,4x4/AWD,Kolor 4,XB8WXYZ6VW5V5Z806,2023,1648,54298.00
727,98,6,35,27,394,Tylni,Kolor 24,CB8ACATDSMMT76K7M,2018,4109,82637.00
728,9,86,48,37,330,4x4/AWD,Kolor 5,N9VAJ0Y0F72L5YPPP,2019,2915,73646.00
729,75,50,59,20,399,4x4/AWD,Kolor 5,AKK1M0N9WUC5CFBXS,2022,4294,79889.00
730,11,78,31,26,280,4x4/AWD,Kolor 21,S54SGBS4LV6YT901M,2019,2467,67440.00
731,21,30,87,49,494,4x4/AWD,Kolor 21,2VETHJB1EPGC2XSL3,2023,3496,50611.00
732,90,57,30,30,143,Przedni,Kolor 11,A74SF8GKV8U3088Y0,2019,268,79725.00
733,63,58,69,79,122,4x4/AWD,Kolor 32,UPRBJJGZSH8DG2ZBK,2023,263,58482.00
734,18,47,55,15,93,Przedni,Kolor 6,0YRRY3JL9R6R1LC8H,2021,3986,50268.00
735,12,36,83,55,455,Przedni,Kolor 14,JZRGNRL29RKTDRFA4,2018,2676,74377.00
736,30,95,97,76,470,Przedni,Kolor 22,YELKZU1967MYWMDAG,2024,4970,62786.00
737,49,30,13,34,315,Tylni,Kolor 16,DLN513RT0BF9C37D1,2018,1727,57725.00
738,67,77,33,30,323,Tylni,Kolor 24,A61ANB3JP1HSX0AF1,2020,2920,66166.00
739,81,78,56,84,105,Tylni,Kolor 18,55C4N62NLLFTM3ZF3,2021,1186,57573.00
740,56,29,93,32,244,4x4/AWD,Kolor 13,ND3EZWC2JSAX7U8GS,2018,578,61638.00
741,83,25,8,99,406,4x4/AWD,Kolor 10,KH115PCRFCV1JXRGG,2022,2013,77423.00
742,79,15,70,8,110,4x4/AWD,Kolor 9,GNF9NH44V0M2ZRG8V,2020,3038,77815.00
743,4,3,47,3,324,4x4/AWD,Kolor 11,20CGF9M62T86YYYHS,2024,1543,74891.00
744,2,51,1,9,319,4x4/AWD,Kolor 26,DL3DELEVTNCD0131D,2022,3011,51672.00
745,77,60,7,14,37,Przedni,Kolor 2,9EV0U0ESXCVJ2KMTA,2018,817,61562.00
746,57,70,47,60,489,Tylni,Kolor 15,9KAD9TZY0FZT94AEH,2024,733,52118.00
747,36,75,84,56,42,Tylni,Kolor 13,PHNFKT8W05BWWAAN6,2020,1063,62911.00
748,11,24,81,77,114,4x4/AWD,Kolor 6,7HSBRE6TNKUPRDEHZ,2018,3317,79132.00
749,50,13,65,13,379,4x4/AWD,Kolor 16,YD7DVG8FXT10BYDML,2020,3574,73766.00
750,52,39,73,75,307,4x4/AWD,Kolor 20,TUYANV2G2U6B49XZN,2024,4816,78496.00
751,94,29,20,100,122,4x4/AWD,Kolor 4,J1EB96ZHX3UJSJLFK,2021,1848,73422.00
752,11,84,50,25,55,Przedni,Kolor 20,D5FUW7GBKR7SN9ED7,2022,1783,82609.00
753,75,30,45,98,364,4x4/AWD,Kolor 2,4VPHB0RUZ60NGPUA0,2022,2237,59909.00
754,46,1,15,87,376,Przedni,Kolor 17,AV0LKCWFC9Z6DEPLW,2020,658,81752.00
755,54,66,51,17,137,Przedni,Kolor 24,9U2HJ02VRZF331MW4,2019,1629,76504.00
756,96,68,41,32,389,Przedni,Kolor 29,EJZRTBYRNARA5ABW2,2023,1830,72498.00
757,88,35,70,14,107,4x4/AWD,Kolor 2,MRELPG44JUG2ZE9AF,2020,1745,61084.00
758,46,36,78,76,187,Przedni,Kolor 15,UVEK1Z1N2HL6AR3R5,2021,2125,70543.00
759,80,51,78,38,373,4x4/AWD,Kolor 2,PFMUB66EFL1V0K3G8,2019,3841,53729.00
760,3,61,33,49,44,Przedni,Kolor 12,1JKM12VYAX9LMBV6M,2022,3234,77552.00
761,15,34,16,74,353,Przedni,Kolor 9,A6F9SG0J96KB8G29M,2022,341,52623.00
762,63,29,23,49,93,4x4/AWD,Kolor 27,TCDWBFWTFY8NC4W5K,2022,2097,76676.00
763,20,2,100,14,64,4x4/AWD,Kolor 20,F9V8VTTZCYX6PNRGD,2021,4596,56857.00
764,74,11,81,22,353,Przedni,Kolor 26,A2V0M8BBRX6W6YUGY,2020,85,70511.00
765,45,90,70,91,99,4x4/AWD,Kolor 5,2CTRUVN4DCA3Y3LMT,2022,3000,75788.00
766,74,35,87,95,29,4x4/AWD,Kolor 10,Z7ANEEWEU0HSUTDJ1,2022,2783,70911.00
767,49,9,34,34,2,4x4/AWD,Kolor 4,FVA14XP0MFR5EHZMW,2018,2543,54888.00
768,67,99,74,29,373,Przedni,Kolor 12,NBZZYSP3GA46XXL71,2024,1468,68384.00
769,38,66,69,66,158,Tylni,Kolor 7,XGE9DNG5KAAWPXBVC,2021,4276,67195.00
770,21,18,18,26,200,Przedni,Kolor 13,1DPJVX47YC5HMFRDN,2021,3042,59050.00
771,47,90,8,36,398,4x4/AWD,Kolor 25,HD6D243NP1BSJ6V4V,2018,4981,64062.00
772,5,23,11,77,344,4x4/AWD,Kolor 10,SS8NX084WRG9K66LP,2021,3007,62303.00
773,56,83,10,17,44,Przedni,Kolor 17,BWZK7328U6G03CVZW,2020,4074,52581.00
774,44,50,76,16,143,Przedni,Kolor 21,06L5T0C2HU880KV2Z,2020,29,54193.00
775,6,81,74,9,413,4x4/AWD,Kolor 25,9LHVF4Y2B39RGJCB0,2024,2502,55962.00
776,30,54,53,97,113,Tylni,Kolor 2,R9XNLXEY10A77MGFA,2024,40,70829.00
777,51,83,100,33,126,Tylni,Kolor 30,JP7A29TWZT9G66JXY,2024,3558,77219.00
778,97,75,92,58,355,Tylni,Kolor 9,9XXK6CS5D7WKAX4EZ,2020,235,63387.00
779,45,91,39,49,183,4x4/AWD,Kolor 19,1K8KNJB33RFD9SRKX,2024,1714,72794.00
780,74,13,57,9,141,Przedni,Kolor 30,92Z8K6RGFDAEX70ZH,2022,1767,69935.00
781,60,52,31,32,261,Przedni,Kolor 19,HHDRUF9APL1B1K5SV,2023,72,80840.00
782,34,19,14,61,65,Przedni,Kolor 7,3YNVCPUFVSUHEADWL,2023,1692,79464.00
783,8,91,91,66,178,Przedni,Kolor 9,JEFWNL8822F1XBUMW,2022,4397,77763.00
784,25,24,13,45,250,4x4/AWD,Kolor 3,GHPX0Z2EYPP0K61G9,2022,241,60775.00
785,90,53,88,61,441,Przedni,Kolor 5,X6CZKGF0G1H67W5BP,2020,815,72401.00
786,6,72,29,13,282,Tylni,Kolor 25,DLUMGJYKZKTD65R61,2022,3395,52460.00
787,98,94,47,35,80,Przedni,Kolor 32,16P3KEE9U5V2MJDLN,2020,4059,67921.00
788,95,7,8,54,125,Przedni,Kolor 11,EWCYSEXRNW43J8YWF,2022,3358,61235.00
789,25,28,1,54,389,Tylni,Kolor 10,SFZJAP6BNWHHJW49J,2018,346,58893.00
790,97,2,96,8,341,Tylni,Kolor 25,5N12U0R4X9CSJXN8B,2024,2074,60780.00
791,50,64,18,10,77,Tylni,Kolor 11,Y5Z7HG67XG33C6D9K,2018,1938,75713.00
792,59,26,66,6,398,Przedni,Kolor 4,4TS3M4B6CCJH8TABP,2022,910,52997.00
793,73,47,43,34,371,Tylni,Kolor 4,Z7RB5V3919696CT0U,2021,554,50760.00
794,52,39,73,61,307,Tylni,Kolor 8,1B71BLKL78SP2J1BG,2018,2664,66680.00
795,50,9,23,48,86,4x4/AWD,Kolor 21,VF7HXL65BLSMHLASB,2023,26,62302.00
796,65,75,6,2,434,Przedni,Kolor 9,XG0D9Y2VAWL8SEUUH,2021,4074,63330.00
797,93,7,79,56,303,Przedni,Kolor 12,97LBHLVPF9GHYLDPW,2019,3744,56893.00
798,37,77,26,99,306,Tylni,Kolor 10,2Y8BRNMBF56G55FAP,2023,1550,66057.00
799,97,61,22,87,141,4x4/AWD,Kolor 14,5R0DRFLFGVBMU0X29,2019,2716,82569.00
800,57,68,16,2,193,4x4/AWD,Kolor 32,SZFPZK8H70YPJRLKS,2021,2677,52894.00
801,98,50,61,51,31,4x4/AWD,Kolor 28,NML3GDW7YXDDS6A7C,2019,1656,64059.00
802,45,80,38,68,17,Przedni,Kolor 6,S7UPJLWA7S6LAAD8F,2023,3121,82652.00
803,86,55,46,49,16,Przedni,Kolor 25,K33GTUKR10CT5SPRB,2022,4280,69517.00
804,55,58,85,65,210,4x4/AWD,Kolor 22,1JCPR7RVD3EJ40EWY,2021,4513,50902.00
805,89,36,76,6,228,Tylni,Kolor 32,863WECCC7KCGZ9RA2,2018,3859,77591.00
806,43,33,77,82,63,Tylni,Kolor 28,Z0ZTKW6G3A9HG5YY1,2023,1116,62990.00
807,89,67,86,68,18,Tylni,Kolor 19,N0FCAC9B4WEVM1133,2024,1042,76706.00
808,97,48,9,98,168,Przedni,Kolor 23,NJ797SAUMS4VVUFA8,2020,2155,77871.00
809,77,37,31,5,163,Tylni,Kolor 30,AS6N4U2WJHYHLV745,2022,1722,54355.00
810,57,23,71,29,259,Tylni,Kolor 6,7908L89HMW4B9BXLV,2024,938,72442.00
811,66,23,27,90,240,Tylni,Kolor 6,220JJNCJR0PCJWMAG,2019,3023,64319.00
812,30,87,65,35,443,Tylni,Kolor 18,B5MH7W839USFEE1CA,2019,1767,67919.00
813,96,48,94,93,145,Przedni,Kolor 3,7Y5HR526890UC9NNA,2023,4053,66957.00
814,80,20,55,66,59,Tylni,Kolor 19,BA63N95FYKRXJZ9KF,2023,2420,62289.00
815,67,43,6,2,77,Przedni,Kolor 15,G4Y44L241M2SEUUM7,2019,952,67494.00
816,81,4,97,56,62,Przedni,Kolor 12,UCPN0KGP2R3508E9N,2020,4372,51738.00
817,63,76,84,17,292,Przedni,Kolor 16,S4YGV0PDM225C9B8L,2020,2613,71468.00
818,85,91,13,18,416,Tylni,Kolor 1,K1YKPN7X1YSTAG7CF,2022,1754,66937.00
819,30,48,19,98,461,Tylni,Kolor 13,LF4DMBE4N42UZ3T3W,2022,1281,61867.00
820,57,2,36,42,215,Tylni,Kolor 2,7518NPYGGCJ3UNFP2,2024,2099,58543.00
821,53,7,91,31,460,Przedni,Kolor 6,8BB5DMLLTKZPY510Y,2023,3133,76358.00
822,85,4,97,38,149,Tylni,Kolor 27,0AA7CTP830NHTGZ2P,2021,1546,68392.00
823,35,69,61,3,494,4x4/AWD,Kolor 12,BJSLJ14LLHT42B5C3,2021,2233,70086.00
824,19,91,58,12,464,Przedni,Kolor 4,2E48D1RKJADH8FHLH,2018,677,63651.00
825,19,99,92,89,194,Tylni,Kolor 14,XJB8F7CWJLKCJ0GB6,2023,1417,52182.00
826,41,19,23,82,402,Przedni,Kolor 19,3ZH3J8816PVJ2TEJ4,2020,24,59458.00
827,99,31,55,90,144,4x4/AWD,Kolor 17,AWRP0USJ9GBNG7UHF,2023,1509,53594.00
828,89,65,86,2,431,Przedni,Kolor 15,LEMCXEW3535WPRP64,2020,271,62589.00
829,56,28,45,11,474,Przedni,Kolor 12,N66J70J0MS2JDMXTS,2021,3033,51997.00
830,87,72,22,63,328,Przedni,Kolor 32,H0UF6EPMCMS2NR1T5,2023,1186,67056.00
831,10,100,98,60,354,4x4/AWD,Kolor 7,HP2HGE157KB2W2GL3,2023,3850,67909.00
832,68,10,44,81,204,Przedni,Kolor 11,0SRBVT189DWWY45RF,2022,1609,74099.00
833,54,34,46,64,470,4x4/AWD,Kolor 5,1LHK92DDNFVEFT70C,2023,3659,78677.00
834,8,6,65,50,170,4x4/AWD,Kolor 27,MRTBJP9NMJ8J0WYT5,2023,4911,77314.00
835,33,10,76,17,185,4x4/AWD,Kolor 9,Y6UVAR08B5LAW65ZA,2022,4061,61865.00
836,29,4,72,71,293,Przedni,Kolor 7,5JTY55JY0YPG2297C,2023,1460,54628.00
837,51,52,40,95,245,Tylni,Kolor 15,A6SGMNLTA76WN12C8,2021,4926,70814.00
838,91,16,51,34,94,Tylni,Kolor 22,V1PJLDAYX6CT9HCUA,2019,2098,82568.00
839,47,58,97,76,89,4x4/AWD,Kolor 16,F6XNX0CJFZAA1DJXG,2024,1982,61177.00
840,35,45,96,100,31,4x4/AWD,Kolor 17,GKGNJ08K90JS08UFY,2020,740,50967.00
841,17,92,99,17,485,4x4/AWD,Kolor 24,LE7N5VEXV994T2UT8,2021,65,67619.00
842,45,65,27,81,16,Tylni,Kolor 29,LU2KU8R0EYWC1H1ZZ,2024,1258,60845.00
843,57,2,33,99,225,Przedni,Kolor 32,M72XHYRP5XPMCNX09,2022,3985,51272.00
844,69,78,39,12,188,Tylni,Kolor 25,X7A6AGLK1U7GUBA7H,2021,2584,82099.00
845,19,58,57,96,105,4x4/AWD,Kolor 25,F6VEMGM0YFZ26EJJ0,2024,3376,72589.00
846,54,23,20,27,70,Tylni,Kolor 17,JP4XXHH1L2B6J306M,2022,2793,75221.00
847,44,14,14,5,342,4x4/AWD,Kolor 15,URT0AZ1A6DU6U298P,2024,62,70352.00
848,14,25,87,18,161,Przedni,Kolor 7,SCC5F1HCXLWLFFC9S,2021,220,76927.00
849,10,95,82,54,398,4x4/AWD,Kolor 29,1FSZAV3MBEANJX771,2023,2593,69548.00
850,74,98,25,34,357,Tylni,Kolor 1,JTRUUV0BMW7527S8F,2018,3146,74231.00
851,42,95,73,64,387,Przedni,Kolor 22,VZEMRN8SV745K1LLM,2020,1928,57023.00
852,52,89,56,12,313,Tylni,Kolor 27,U4D5U6X2WC6TC9W27,2021,1505,79837.00
853,2,93,15,54,93,Tylni,Kolor 13,R8LURSUKP7UA2G7VH,2018,1840,71265.00
854,64,29,87,73,292,4x4/AWD,Kolor 11,U06ZFASBM8FDXJ8DJ,2024,2613,72253.00
855,60,39,98,52,264,4x4/AWD,Kolor 28,4KY4NY205UESFUU4D,2019,3291,61767.00
856,2,42,54,72,34,4x4/AWD,Kolor 5,59THWM4B20SGFBVLW,2020,54,67714.00
857,57,20,43,11,216,Tylni,Kolor 31,HX6ZFUW91883UJEXM,2023,4913,64463.00
858,15,65,86,43,263,4x4/AWD,Kolor 20,GHDGHK1NJEN9YZKX4,2019,152,61659.00
859,99,81,96,8,481,Tylni,Kolor 31,DFDLG548RVPUVYPZZ,2018,835,71654.00
860,36,65,84,7,98,Tylni,Kolor 5,UTUM7GG0KETN0HEER,2019,1410,81912.00
861,41,15,92,51,393,Tylni,Kolor 30,U5969R981DVJY0J3P,2021,3814,59075.00
862,74,21,10,83,482,Tylni,Kolor 3,4X1X3M111KGFRWRYJ,2020,4094,73518.00
863,40,81,75,68,402,4x4/AWD,Kolor 4,FV1HS8DL820CFXR0Y,2020,4103,57586.00
864,73,77,5,96,237,Tylni,Kolor 5,BJZC0WA3SX15300B3,2021,4585,51543.00
865,8,57,1,6,96,4x4/AWD,Kolor 27,6HEJ3J1H1VTF4SR3G,2024,2662,72801.00
866,90,97,12,42,118,Przedni,Kolor 4,XC4N3907AC9FADTMJ,2023,1477,66326.00
867,69,55,37,23,91,4x4/AWD,Kolor 1,R20HZ63MYCZBAN8PV,2022,1606,50538.00
868,7,98,76,56,453,4x4/AWD,Kolor 21,EHY0Z1USA9Y7WRDBG,2022,430,77120.00
869,30,38,87,79,119,Przedni,Kolor 21,RVXFHP713YA1FREWT,2020,3236,62226.00
870,9,53,40,95,103,Przedni,Kolor 27,7ZGW48PCUZT380W18,2018,3560,59542.00
871,33,1,11,74,384,4x4/AWD,Kolor 9,Y3WJSGPXDVYZN38FW,2020,1591,69626.00
872,85,40,11,24,78,Przedni,Kolor 7,KXH4JHFJK6RB9GGB8,2021,2733,59420.00
873,81,42,30,26,279,4x4/AWD,Kolor 5,42PPPRNH2JPNDKXVG,2018,1082,57515.00
874,82,77,12,34,7,Przedni,Kolor 6,YUWAK03MF8EHVFCLT,2020,4206,60331.00
875,23,25,43,20,113,Przedni,Kolor 24,3LBTY3296YYHAZNW8,2018,1950,68941.00
876,5,20,3,54,380,4x4/AWD,Kolor 11,0LHJLD8LDAKLNUWU1,2018,2648,65172.00
877,44,12,70,72,56,Tylni,Kolor 14,2TED50YADVG5Z47KC,2022,3309,53216.00
878,87,84,61,67,326,Przedni,Kolor 23,4JT2ADF4KTNVALEAX,2020,4579,69226.00
879,71,51,13,80,239,4x4/AWD,Kolor 32,WS5SHTEKZT4S7HK1L,2024,3968,53656.00
880,68,27,98,91,470,Przedni,Kolor 13,VK25LCX0MLWG7VL81,2018,4909,52305.00
881,13,29,97,75,286,Przedni,Kolor 3,PM55CKUR6SSNMU5TY,2023,1746,76010.00
882,78,49,100,5,483,Tylni,Kolor 17,W1V8T18UV5NU6TG06,2023,622,73566.00
883,40,67,19,12,128,Przedni,Kolor 20,58KSS67RDZREZG1MF,2021,4702,73572.00
884,71,68,13,37,180,Tylni,Kolor 13,VKSEN9566DZYP2JNS,2024,3001,51445.00
885,20,50,31,37,331,4x4/AWD,Kolor 25,48H9U68UH2NCJSU0B,2020,1132,80244.00
886,47,69,4,55,130,Przedni,Kolor 3,KSBC2T03ZEAENKVVN,2018,3324,52258.00
887,41,94,74,67,267,Przedni,Kolor 19,N5K4HXZE1FM0CTML1,2021,2370,80796.00
888,99,80,33,57,228,4x4/AWD,Kolor 30,WT91DUNY78Z9GRJAN,2024,389,81755.00
889,89,68,99,51,456,4x4/AWD,Kolor 14,YF8F840PGYNSU9KTR,2019,4571,59340.00
890,34,97,87,54,338,Tylni,Kolor 3,NF545NLYCWLGMXREY,2024,4142,64571.00
891,58,39,22,90,235,4x4/AWD,Kolor 23,AHYPR91FNAP8N3SFJ,2024,913,80601.00
892,80,51,13,24,493,Przedni,Kolor 2,EFE31BW4GVDSXVA82,2023,4908,78604.00
893,72,3,56,45,271,Tylni,Kolor 26,LF0DS6GMW16C32ZN7,2022,3673,56648.00
894,8,63,18,14,105,4x4/AWD,Kolor 11,Z2GJLJVTD06WNCB6A,2018,1934,53305.00
895,33,72,12,35,356,4x4/AWD,Kolor 31,V5RNKTXV0SXRW7GJH,2021,2561,70634.00
896,86,100,17,74,76,Tylni,Kolor 5,YRM2FAB9WP1FGFS7S,2022,1234,61443.00
897,63,89,73,52,416,Przedni,Kolor 22,64PPDY7T2K9Y79YPN,2019,3265,70647.00
898,18,35,29,30,154,4x4/AWD,Kolor 25,GUHEV39X34CY5PXF7,2018,4812,57615.00
899,86,53,10,78,387,4x4/AWD,Kolor 26,KHXADFXNL03PVG5ZN,2019,2561,66472.00
900,93,100,16,67,154,Tylni,Kolor 25,V94V9M2FG8K28YVTK,2021,3886,65699.00
901,68,48,77,19,378,4x4/AWD,Kolor 11,58Z7F1LMVPG5AZLHH,2019,3872,62347.00
902,45,74,7,19,211,4x4/AWD,Kolor 3,75UAH9BBVXFD15FKW,2019,1015,72624.00
903,95,93,78,40,208,Przedni,Kolor 21,DJLXSKKCZ2GW9185T,2023,3117,69114.00
904,21,71,13,64,137,Tylni,Kolor 17,BVHRW6YAGF8R3A5E3,2019,613,67062.00
905,8,6,78,79,85,Tylni,Kolor 29,HU53FV0N2BTCD6RGU,2023,3817,59779.00
906,76,20,50,88,247,Przedni,Kolor 25,JZ8HZWUK7V94CVDLU,2023,1195,54508.00
907,12,51,52,57,6,Tylni,Kolor 7,DBDY5LE12XN12KCDT,2021,4864,75812.00
908,48,100,27,24,235,Przedni,Kolor 1,JVK9ZNVPJAN3T8CAB,2022,2844,77353.00
909,39,84,55,54,347,Przedni,Kolor 23,XLAWWZ1UMAPJ22BS2,2019,1520,75934.00
910,71,89,82,44,2,Przedni,Kolor 31,Y55F17RA15FMNUA6G,2019,1048,61834.00
911,39,51,29,1,378,Przedni,Kolor 27,5MJPDMCBV5M980X55,2021,3601,55382.00
912,27,30,11,72,473,4x4/AWD,Kolor 21,UTHACMCEKKCS6GL67,2021,54,50502.00
913,94,28,68,1,176,Tylni,Kolor 25,RVFSRTT5RG31RC4Z4,2021,4322,64381.00
914,17,25,42,55,35,4x4/AWD,Kolor 10,001EX0K9JRPNXJ8XR,2020,4069,81575.00
915,35,97,36,46,146,Przedni,Kolor 30,E9BCSH1TTHHSNNDR6,2018,4421,54898.00
916,62,99,3,8,57,4x4/AWD,Kolor 17,LDC5R0EHH4WHJU8V5,2022,3894,72753.00
917,41,15,69,88,150,Tylni,Kolor 32,JF9M1N8RMUMATD1MR,2023,4793,54936.00
918,53,16,7,14,5,4x4/AWD,Kolor 25,GJYAWRFUZREKRE9L6,2019,467,54863.00
919,26,73,84,95,231,4x4/AWD,Kolor 10,8034DZELYE9Y8VKKP,2021,944,64030.00
920,12,81,72,48,190,Tylni,Kolor 8,SVJRWHC5GETBFRVV1,2024,3061,82405.00
921,61,22,66,45,11,4x4/AWD,Kolor 21,56HD9LTRR3BKNMAEU,2018,2184,71013.00
922,13,52,52,1,370,Przedni,Kolor 23,XK6GS7EJPTAAH7T83,2021,443,76891.00
923,31,80,42,20,272,Przedni,Kolor 18,NUZ34PNJSXYV3X3GC,2021,4203,66059.00
924,91,94,100,41,418,Przedni,Kolor 31,0EB3BRHVEFRMSF65F,2018,112,51953.00
925,26,100,21,20,92,Przedni,Kolor 24,6C3XKFT6VMY31USG5,2024,363,69316.00
926,33,70,66,46,480,Tylni,Kolor 17,KMF9UKERTLEGW1UFC,2023,1821,73611.00
927,96,30,57,57,66,Przedni,Kolor 15,PHABE9KNYXVD3188M,2021,2525,65669.00
928,64,88,57,16,332,4x4/AWD,Kolor 4,1AND0N5819SPELYKP,2021,4501,74543.00
929,92,85,33,63,290,4x4/AWD,Kolor 14,RYPR3H1VPVF6HPJMJ,2018,4371,60591.00
930,9,62,14,72,205,4x4/AWD,Kolor 18,B1TTVT2NXZN2WH02P,2022,3740,76517.00
931,88,5,74,12,81,Przedni,Kolor 11,PUPL4MS2MXES5LEX0,2018,4876,63804.00
932,15,69,97,4,72,4x4/AWD,Kolor 11,0PGL4661EXZSV15WG,2019,2262,75205.00
933,27,1,14,7,19,Tylni,Kolor 9,BNWMTM604L6Y149XB,2023,4844,62240.00
934,46,6,72,84,485,Tylni,Kolor 6,BYSCYNGWN4VSAX7VJ,2018,2525,70478.00
935,77,45,8,28,141,4x4/AWD,Kolor 12,7ANSFH3FC1H8YGD0X,2022,4019,64595.00
936,100,20,31,14,132,4x4/AWD,Kolor 9,K169SZMS2BXVFCDMS,2019,174,63327.00
937,11,23,61,2,100,4x4/AWD,Kolor 24,1E34F09PGG0C20WE1,2018,572,74307.00
938,78,72,41,19,49,Przedni,Kolor 14,S463H37T6503N8D3G,2020,999,77159.00
939,84,9,85,2,234,4x4/AWD,Kolor 3,YTSWN30ZN2WXB6S5Y,2022,2981,51879.00
940,25,37,28,7,73,Tylni,Kolor 19,TEU8JUJ4FS5K3LRGK,2023,3223,57003.00
941,57,84,53,37,61,4x4/AWD,Kolor 15,CKFN1A2ZVX42MNG10,2024,324,57310.00
942,72,100,15,72,491,4x4/AWD,Kolor 32,6GU03N9ME605ABMJX,2021,3686,71596.00
943,69,57,70,22,147,4x4/AWD,Kolor 22,4RPC8FRLCSAJ2TAEL,2021,2392,53090.00
944,18,66,6,65,410,Przedni,Kolor 24,G5S1BUDN6W15WGWC3,2019,2158,71446.00
945,12,55,30,31,336,Tylni,Kolor 24,RW2BCC7P4MZGAXH65,2022,3358,70655.00
946,62,89,99,47,323,Przedni,Kolor 2,BC68Z48PG142PKJ84,2022,1251,66760.00
947,54,17,73,93,334,4x4/AWD,Kolor 12,3J5NVCMU7AUW8KCPC,2023,3216,64194.00
948,1,1,1,65,19,Przedni,Kolor 30,2FBNSXUBH4MVSM6VP,2023,3942,55751.00
949,87,62,74,83,102,Przedni,Kolor 27,K8HFFNBNU1BZ0M5SC,2024,4535,58597.00
950,28,71,76,11,212,Przedni,Kolor 7,CVYWG0HCW4TZNZ7GR,2018,90,62012.00
951,54,61,48,96,123,Przedni,Kolor 23,7U7T1HZZDJFVYYFBZ,2021,4701,51748.00
952,12,100,15,24,284,4x4/AWD,Kolor 26,LZYAZN40FCA07KTU5,2021,514,71898.00
953,52,86,6,15,103,4x4/AWD,Kolor 10,VK1K63XG9VTMT6KR2,2018,569,65073.00
954,12,53,87,17,8,Tylni,Kolor 10,FX3K1VE0F7BCEA8FX,2024,2629,59185.00
955,19,17,35,66,121,Przedni,Kolor 7,NGRK3WE513W4DF2R8,2019,2040,67924.00
956,28,27,22,7,283,Przedni,Kolor 20,TR739Y9BS4C13G6BU,2024,540,75998.00
957,33,90,78,73,345,4x4/AWD,Kolor 16,YDTME8VVTBFCT1GFH,2019,3521,69455.00
958,94,22,30,89,376,4x4/AWD,Kolor 11,XKYYTH860WDEF5581,2021,2895,71579.00
959,64,23,46,38,494,Tylni,Kolor 12,YR55AB6GMTXVHTET2,2024,2031,71962.00
960,68,30,75,57,411,Przedni,Kolor 25,0PC30JTPTUMFTH0VA,2020,108,54418.00
961,70,25,80,15,199,4x4/AWD,Kolor 26,D2V3AM3SGKHC5LUWM,2023,3149,60704.00
962,87,34,97,41,228,Przedni,Kolor 7,9BYHJTWJHEHJ99C7G,2022,1684,67472.00
963,23,39,45,84,181,4x4/AWD,Kolor 12,SJ6FLU8UY59KT2VXL,2019,2620,50941.00
964,25,90,2,55,487,Przedni,Kolor 2,8M5UVJK6MHD7P17MN,2023,4643,71389.00
965,54,61,49,34,309,Przedni,Kolor 7,DH5ZCBFEP07D887JL,2020,1040,66282.00
966,97,82,78,67,442,Tylni,Kolor 28,G70JHWLL7EA9KEDX0,2022,2126,68328.00
967,50,51,29,64,379,Przedni,Kolor 6,SXXFXY2CM2UDD5GRV,2023,3211,66140.00
968,47,16,56,42,440,4x4/AWD,Kolor 4,3MJB6UE4G18D1DT5J,2022,2756,63245.00
969,1,95,21,71,371,Tylni,Kolor 13,V9ZW1WSDVAXTU4PNM,2024,1916,65155.00
970,25,72,93,78,57,Tylni,Kolor 29,SJU76J3GRUDU8W750,2018,1987,81174.00
971,47,91,72,71,290,Tylni,Kolor 7,RVJLUXD8B2CFUATW6,2020,4916,64173.00
972,56,12,8,41,390,4x4/AWD,Kolor 24,XTCKJWZZMSPZNBB1J,2024,1286,50002.00
973,73,34,44,82,322,Przedni,Kolor 13,XPE1RF26LV13KY96G,2018,2202,58297.00
974,11,44,16,64,436,4x4/AWD,Kolor 17,GG3LFM3PSWD5X0NJ7,2021,1522,52551.00
975,14,98,94,65,16,Tylni,Kolor 11,97NBWM89ZSDLDJEBA,2024,2462,62229.00
976,75,10,30,36,9,4x4/AWD,Kolor 14,TDDFP4F50DY7HWWEN,2020,4459,75130.00
977,60,75,48,18,191,Przedni,Kolor 24,65EEJ7YMFV2R53D5C,2018,152,62214.00
978,66,94,59,95,219,Tylni,Kolor 18,4ZEA3U62FLX0JRJ77,2021,2295,80571.00
979,66,54,49,7,475,Tylni,Kolor 22,5UCJ069VA8R4C4WD1,2021,1053,55082.00
980,16,60,36,77,281,4x4/AWD,Kolor 13,VMRJN3XTJ52HB8YM7,2020,2596,52719.00
981,2,77,2,97,172,Tylni,Kolor 1,W4MR07ZYXRXM4ADA6,2021,1189,69491.00
982,20,34,19,2,25,Tylni,Kolor 4,75U5HMK3F9XNZLGN8,2022,1460,56673.00
983,95,25,66,67,296,4x4/AWD,Kolor 20,Y7XWPEVE5KP7ZGWXK,2021,777,56582.00
984,79,39,33,69,470,Tylni,Kolor 14,A579WAPUZJ4B8JBZF,2018,743,78063.00
985,11,19,12,22,107,Tylni,Kolor 5,KZSHYFBFHVM0SSXXD,2018,3567,69578.00
986,8,44,34,77,195,4x4/AWD,Kolor 19,ETL06XE1FELVHCB9J,2018,2148,54967.00
987,66,89,82,24,470,Tylni,Kolor 14,41CK46ZY5RP9UVB0F,2020,4791,82061.00
988,39,78,39,81,134,Przedni,Kolor 24,PDUZ7VDJ8000JNXWV,2021,1634,70156.00
989,11,29,33,100,252,4x4/AWD,Kolor 25,J7V3RX7HVDP454UBP,2021,184,75521.00
990,35,64,10,20,241,Tylni,Kolor 18,BJHJBCX057W0H7PJX,2024,269,50912.00
991,2,2,32,90,113,4x4/AWD,Kolor 15,MDWUT39CMHGM3B6EL,2022,46,58369.00
992,68,23,15,33,436,Przedni,Kolor 29,JYFTHK5PTYG61A9S6,2019,2619,55781.00
993,9,82,75,67,241,4x4/AWD,Kolor 20,GAJAEVDYU7MMFJF05,2021,28,53219.00
994,31,29,88,20,47,Przedni,Kolor 17,254ZU73HJ5HKG91NX,2023,994,57864.00
995,82,86,12,74,319,Tylni,Kolor 21,1R5KJY81VDKUBRKDT,2020,4415,57796.00
996,67,12,32,93,319,Przedni,Kolor 22,E226Z0XFB71MVE9XE,2024,319,61988.00
997,18,36,43,25,253,Przedni,Kolor 29,TCVT2HY5P930AW5TU,2019,2521,59393.00
998,73,37,95,35,349,Tylni,Kolor 29,0VZF6L4LVEP0A4D7F,2020,2072,82422.00
999,47,84,51,50,125,Tylni,Kolor 28,D0EBMW4X2CGVU3WNC,2020,3820,56173.00
1000,96,31,45,15,263,Przedni,Kolor 29,UH2BMP2W44XU76T9V,2023,768,74680.00
