1,254,Typ Naprawy 12,2018-02-15,14245.61
2,12,Typ Naprawy 12,2020-04-17,1090.39
3,3,Typ Naprawy 10,2021-03-12,7222.83
4,335,Typ Naprawy 16,2021-03-02,3940.16
5,184,Typ Naprawy 17,2020-02-02,7385.16
6,859,Typ Naprawy 12,2019-04-21,1146.32
7,867,Typ Naprawy 18,2022-01-11,13116.53
8,424,Typ Naprawy 3,2019-01-11,716.61
9,829,Typ Naprawy 13,2019-02-20,12539.93
10,584,Typ Naprawy 3,2018-01-14,7491.57
11,33,Typ Naprawy 20,2023-03-21,2779.70
12,23,Typ Naprawy 16,2018-02-21,4301.67
13,799,Typ Naprawy 9,2018-02-07,8323.26
14,552,Typ Naprawy 19,2022-03-13,5554.89
15,825,Typ Naprawy 17,2023-03-20,8613.83
16,737,Typ Naprawy 18,2021-03-09,7720.29
17,117,Typ Naprawy 17,2020-03-02,5361.63
18,777,Typ Naprawy 19,2022-03-12,11310.35
19,220,Typ Naprawy 13,2021-03-25,5604.46
20,552,Typ Naprawy 15,2020-01-17,13327.52
21,121,Typ Naprawy 3,2018-01-12,2003.48
22,687,Typ Naprawy 8,2022-02-16,10684.20
23,677,Typ Naprawy 9,2018-01-03,9511.00
24,993,Typ Naprawy 1,2023-02-05,2947.95
25,618,Typ Naprawy 19,2018-03-15,1487.82
26,2,Typ Naprawy 13,2018-01-10,5132.45
27,382,Typ Naprawy 7,2020-03-14,13016.03
28,782,Typ Naprawy 13,2021-01-25,14182.40
29,746,Typ Naprawy 14,2021-01-16,1176.34
30,772,Typ Naprawy 2,2022-01-14,14372.93
31,658,Typ Naprawy 18,2022-02-17,13140.63
32,419,Typ Naprawy 14,2018-04-15,9971.64
33,15,Typ Naprawy 9,2019-03-04,13449.84
34,901,Typ Naprawy 6,2019-03-08,6483.90
35,707,Typ Naprawy 14,2021-01-18,10720.58
36,339,Typ Naprawy 17,2018-03-07,3329.46
37,364,Typ Naprawy 5,2022-01-16,13963.68
38,768,Typ Naprawy 19,2023-03-01,8667.94
39,444,Typ Naprawy 11,2020-01-01,11743.71
40,610,Typ Naprawy 12,2021-04-02,5131.09
41,159,Typ Naprawy 6,2022-03-08,10970.22
42,174,Typ Naprawy 18,2021-02-15,11269.43
43,429,Typ Naprawy 3,2022-04-09,751.62
44,282,Typ Naprawy 17,2023-03-11,3569.56
45,210,Typ Naprawy 19,2022-04-13,12198.43
46,688,Typ Naprawy 18,2023-01-03,7763.95
47,900,Typ Naprawy 11,2023-01-18,5504.87
48,513,Typ Naprawy 6,2022-01-02,5071.97
49,660,Typ Naprawy 19,2022-01-07,8501.06
50,791,Typ Naprawy 12,2020-02-16,6805.84
51,888,Typ Naprawy 11,2021-04-14,14506.17
52,943,Typ Naprawy 5,2021-03-20,2578.26
53,424,Typ Naprawy 3,2020-01-03,4061.12
54,646,Typ Naprawy 7,2023-01-05,1437.80
55,678,Typ Naprawy 13,2018-01-17,691.14
56,715,Typ Naprawy 12,2022-03-25,5283.42
57,107,Typ Naprawy 8,2020-01-11,3761.91
58,356,Typ Naprawy 3,2021-02-22,14665.32
59,583,Typ Naprawy 12,2019-04-25,6580.75
60,661,Typ Naprawy 11,2023-04-08,10641.91
61,263,Typ Naprawy 12,2019-04-01,2418.65
62,309,Typ Naprawy 8,2021-04-11,12789.58
63,662,Typ Naprawy 19,2022-03-15,7790.78
64,963,Typ Naprawy 7,2023-04-16,8034.06
65,117,Typ Naprawy 18,2022-02-06,5674.94
66,320,Typ Naprawy 6,2018-02-01,14308.82
67,156,Typ Naprawy 13,2021-01-18,1911.63
68,158,Typ Naprawy 20,2022-03-06,14096.92
69,701,Typ Naprawy 1,2023-02-11,8059.52
70,561,Typ Naprawy 12,2022-01-10,6975.91
71,861,Typ Naprawy 9,2020-04-16,9847.05
72,987,Typ Naprawy 12,2019-03-21,5612.64
73,166,Typ Naprawy 16,2023-02-16,2704.67
74,270,Typ Naprawy 8,2020-03-01,823.92
75,755,Typ Naprawy 14,2019-04-23,4511.29
76,901,Typ Naprawy 20,2022-04-08,3266.26
77,98,Typ Naprawy 5,2019-04-20,7832.61
78,875,Typ Naprawy 19,2019-04-08,8551.08
79,328,Typ Naprawy 14,2021-01-14,5298.43
80,256,Typ Naprawy 13,2021-04-05,8261.42
81,569,Typ Naprawy 12,2018-01-09,5694.95
82,520,Typ Naprawy 12,2019-02-15,12866.43
83,174,Typ Naprawy 9,2020-04-06,10504.58
84,86,Typ Naprawy 9,2018-02-21,398.30
85,411,Typ Naprawy 15,2023-04-07,2585.08
86,448,Typ Naprawy 3,2022-04-05,10203.10
87,745,Typ Naprawy 5,2021-02-02,6117.39
88,724,Typ Naprawy 1,2021-04-21,12517.65
89,768,Typ Naprawy 2,2023-01-13,1305.48
90,794,Typ Naprawy 8,2019-04-09,11590.92
91,57,Typ Naprawy 9,2019-02-06,6267.90
92,227,Typ Naprawy 8,2019-03-02,13102.88
93,26,Typ Naprawy 14,2021-01-22,5300.24
94,482,Typ Naprawy 20,2018-03-18,690.69
95,715,Typ Naprawy 8,2018-02-03,6144.21
96,425,Typ Naprawy 19,2018-04-01,14248.34
97,88,Typ Naprawy 16,2020-03-04,9750.65
98,351,Typ Naprawy 17,2022-01-03,12894.17
99,806,Typ Naprawy 9,2020-04-06,11266.25
100,376,Typ Naprawy 5,2022-03-20,2687.84
101,427,Typ Naprawy 17,2020-02-20,9432.34
102,173,Typ Naprawy 4,2020-04-20,7682.10
103,48,Typ Naprawy 19,2022-04-11,9026.72
104,996,Typ Naprawy 2,2020-03-09,6787.65
105,90,Typ Naprawy 14,2021-03-08,8436.03
106,970,Typ Naprawy 8,2018-01-24,11050.25
107,409,Typ Naprawy 13,2018-02-20,1690.18
108,711,Typ Naprawy 10,2022-01-20,1499.65
109,944,Typ Naprawy 3,2023-02-06,1948.01
110,762,Typ Naprawy 2,2020-03-09,6491.17
111,213,Typ Naprawy 1,2022-03-05,11458.60
112,350,Typ Naprawy 5,2018-02-07,8878.48
113,562,Typ Naprawy 2,2020-03-05,4596.78
114,469,Typ Naprawy 1,2018-01-25,6647.14
115,957,Typ Naprawy 7,2020-01-21,12895.07
116,987,Typ Naprawy 7,2020-04-14,6759.46
117,740,Typ Naprawy 15,2023-01-02,6160.13
118,526,Typ Naprawy 10,2023-03-11,7616.16
119,996,Typ Naprawy 13,2023-02-11,1314.12
120,420,Typ Naprawy 20,2018-02-08,3203.05
121,35,Typ Naprawy 12,2020-04-19,3634.58
122,300,Typ Naprawy 11,2019-02-17,4727.29
123,164,Typ Naprawy 14,2018-04-07,3434.50
124,200,Typ Naprawy 19,2019-03-02,8498.33
125,403,Typ Naprawy 4,2023-04-20,5368.00
126,667,Typ Naprawy 10,2020-02-06,10175.81
127,416,Typ Naprawy 13,2021-04-15,488.79
128,687,Typ Naprawy 20,2018-01-06,9027.63
129,304,Typ Naprawy 6,2021-02-02,7254.66
130,225,Typ Naprawy 17,2019-01-06,12921.45
131,730,Typ Naprawy 10,2018-04-25,2203.11
132,193,Typ Naprawy 4,2019-04-16,2598.26
133,695,Typ Naprawy 1,2023-04-14,592.47
134,460,Typ Naprawy 14,2021-04-02,14948.62
135,317,Typ Naprawy 10,2018-03-23,3434.50
136,923,Typ Naprawy 2,2023-02-07,5834.55
137,788,Typ Naprawy 4,2022-03-19,11604.56
138,449,Typ Naprawy 10,2020-03-13,9788.84
139,713,Typ Naprawy 20,2019-03-16,2270.86
140,624,Typ Naprawy 10,2021-03-01,3828.75
141,75,Typ Naprawy 18,2019-03-21,8717.51
142,148,Typ Naprawy 12,2023-03-03,7607.98
143,884,Typ Naprawy 1,2019-04-02,5097.44
144,636,Typ Naprawy 8,2021-01-13,5961.87
145,977,Typ Naprawy 20,2022-03-12,5410.29
146,597,Typ Naprawy 5,2021-01-12,2553.25
147,733,Typ Naprawy 13,2020-01-17,3720.53
148,808,Typ Naprawy 8,2022-03-17,14181.95
149,754,Typ Naprawy 8,2020-04-18,1020.82
150,622,Typ Naprawy 3,2022-02-18,1563.31
151,937,Typ Naprawy 13,2019-04-25,13957.77
152,283,Typ Naprawy 13,2019-04-18,8042.24
153,724,Typ Naprawy 6,2019-01-01,12815.50
154,8,Typ Naprawy 9,2022-04-23,10341.79
155,649,Typ Naprawy 4,2023-03-17,11786.91
156,685,Typ Naprawy 16,2021-02-14,6112.38
157,984,Typ Naprawy 7,2022-02-10,5619.46
158,318,Typ Naprawy 7,2019-02-16,6292.91
159,216,Typ Naprawy 15,2022-04-17,5463.04
160,708,Typ Naprawy 8,2022-02-10,10038.03
161,830,Typ Naprawy 16,2018-03-14,2115.80
162,23,Typ Naprawy 12,2023-01-16,2720.13
163,847,Typ Naprawy 18,2023-03-06,5192.02
164,961,Typ Naprawy 10,2023-01-22,10075.32
165,503,Typ Naprawy 14,2020-04-10,1300.48
166,358,Typ Naprawy 10,2023-03-06,10585.98
167,594,Typ Naprawy 12,2018-01-13,9570.12
168,514,Typ Naprawy 12,2022-02-23,7379.25
169,267,Typ Naprawy 6,2020-01-05,3101.19
170,267,Typ Naprawy 11,2020-01-20,2133.53
171,834,Typ Naprawy 20,2021-01-24,8784.81
172,936,Typ Naprawy 20,2019-01-08,8361.00
173,739,Typ Naprawy 8,2020-02-17,5062.88
174,217,Typ Naprawy 16,2020-02-01,10475.93
175,212,Typ Naprawy 16,2019-03-04,4579.05
176,728,Typ Naprawy 17,2023-04-17,6002.34
177,998,Typ Naprawy 2,2023-02-03,888.95
178,640,Typ Naprawy 3,2022-01-23,7540.22
179,919,Typ Naprawy 20,2021-03-19,2276.77
180,324,Typ Naprawy 2,2020-02-09,7736.21
181,646,Typ Naprawy 8,2021-01-20,10652.82
182,402,Typ Naprawy 18,2021-02-17,7381.07
183,687,Typ Naprawy 6,2022-01-07,4673.18
184,713,Typ Naprawy 1,2022-02-03,5587.18
185,497,Typ Naprawy 16,2023-04-02,8563.81
186,904,Typ Naprawy 8,2018-02-06,7452.46
187,102,Typ Naprawy 5,2021-01-03,7782.14
188,705,Typ Naprawy 19,2018-03-03,7777.59
189,371,Typ Naprawy 2,2019-02-20,1601.96
190,813,Typ Naprawy 18,2019-01-07,6241.98
191,944,Typ Naprawy 9,2018-01-10,13355.26
192,832,Typ Naprawy 2,2020-03-16,12593.59
193,505,Typ Naprawy 10,2023-03-25,5713.59
194,975,Typ Naprawy 13,2021-01-06,7871.72
195,765,Typ Naprawy 15,2022-01-22,13452.11
196,881,Typ Naprawy 2,2022-02-04,13913.21
197,237,Typ Naprawy 3,2019-03-25,8965.33
198,955,Typ Naprawy 4,2019-03-16,13656.29
199,193,Typ Naprawy 3,2020-04-13,6684.43
200,56,Typ Naprawy 9,2019-02-07,8599.73
201,615,Typ Naprawy 12,2023-01-07,11068.44
202,600,Typ Naprawy 17,2018-03-08,626.57
203,789,Typ Naprawy 16,2023-02-09,1413.25
204,863,Typ Naprawy 5,2023-03-21,5755.42
205,264,Typ Naprawy 3,2023-03-02,5157.01
206,1,Typ Naprawy 10,2018-02-19,6217.88
207,221,Typ Naprawy 20,2019-04-02,5915.49
208,932,Typ Naprawy 8,2020-03-16,8039.06
209,727,Typ Naprawy 9,2020-03-13,6137.39
210,22,Typ Naprawy 3,2021-02-25,6213.33
211,241,Typ Naprawy 7,2021-04-16,5508.05
212,160,Typ Naprawy 15,2018-01-14,9743.82
213,222,Typ Naprawy 18,2018-01-14,6390.68
214,609,Typ Naprawy 16,2018-02-11,3156.67
215,751,Typ Naprawy 19,2022-03-01,1135.87
216,727,Typ Naprawy 14,2021-04-21,11640.03
217,404,Typ Naprawy 19,2020-01-22,7846.71
218,891,Typ Naprawy 6,2020-04-01,12327.12
219,501,Typ Naprawy 11,2018-01-10,5127.45
220,596,Typ Naprawy 9,2020-03-08,7878.08
221,155,Typ Naprawy 5,2018-04-23,11213.95
222,375,Typ Naprawy 15,2023-01-05,4871.44
223,586,Typ Naprawy 19,2020-02-18,9002.17
224,788,Typ Naprawy 7,2020-04-22,4558.59
225,393,Typ Naprawy 5,2022-01-12,7075.49
226,163,Typ Naprawy 13,2022-02-09,1804.77
227,172,Typ Naprawy 8,2019-04-13,12752.29
228,536,Typ Naprawy 12,2019-03-09,10358.16
229,897,Typ Naprawy 16,2018-04-21,13547.61
230,188,Typ Naprawy 17,2018-03-15,5970.51
231,41,Typ Naprawy 10,2018-02-18,11277.61
232,758,Typ Naprawy 8,2020-03-08,14122.38
233,72,Typ Naprawy 15,2018-04-25,11496.34
234,545,Typ Naprawy 10,2023-02-03,10362.25
235,280,Typ Naprawy 4,2019-01-21,12489.00
236,934,Typ Naprawy 7,2023-02-23,9020.36
237,899,Typ Naprawy 15,2023-02-15,822.56
238,453,Typ Naprawy 10,2020-02-19,8309.17
239,87,Typ Naprawy 4,2019-03-14,12570.86
240,167,Typ Naprawy 18,2023-03-06,3661.87
241,118,Typ Naprawy 8,2021-02-05,13908.66
242,15,Typ Naprawy 14,2022-02-16,5527.15
243,117,Typ Naprawy 2,2021-02-21,2907.48
244,626,Typ Naprawy 19,2023-01-02,5275.69
245,676,Typ Naprawy 19,2023-03-21,11719.61
246,140,Typ Naprawy 4,2021-02-23,4225.73
247,479,Typ Naprawy 12,2023-04-21,8672.49
248,956,Typ Naprawy 18,2020-03-23,4752.30
249,644,Typ Naprawy 6,2020-01-17,5279.78
250,953,Typ Naprawy 6,2021-03-11,3982.90
251,206,Typ Naprawy 10,2020-03-07,10078.96
252,382,Typ Naprawy 13,2023-03-10,8247.32
253,704,Typ Naprawy 4,2021-01-16,201.40
254,380,Typ Naprawy 14,2022-01-02,4480.37
255,741,Typ Naprawy 1,2021-04-18,14493.44
256,687,Typ Naprawy 5,2019-02-21,11048.89
257,870,Typ Naprawy 8,2019-01-15,2681.02
258,586,Typ Naprawy 2,2020-03-07,10101.24
259,141,Typ Naprawy 13,2019-02-01,11212.59
260,894,Typ Naprawy 12,2018-01-04,3106.65
261,865,Typ Naprawy 14,2023-03-05,12456.72
262,144,Typ Naprawy 12,2018-03-06,6591.21
263,218,Typ Naprawy 6,2023-02-07,2600.99
264,442,Typ Naprawy 13,2023-04-02,6225.16
265,31,Typ Naprawy 18,2018-01-15,2726.04
266,509,Typ Naprawy 17,2018-04-09,14081.45
267,325,Typ Naprawy 4,2023-02-15,7293.31
268,828,Typ Naprawy 8,2018-04-11,8814.36
269,203,Typ Naprawy 2,2021-04-01,6231.98
270,836,Typ Naprawy 4,2023-03-09,7873.08
271,67,Typ Naprawy 17,2021-01-01,5657.66
272,738,Typ Naprawy 9,2020-02-15,6810.39
273,738,Typ Naprawy 7,2023-03-06,9506.00
274,44,Typ Naprawy 18,2021-03-12,4987.85
275,810,Typ Naprawy 18,2019-03-17,6320.65
276,348,Typ Naprawy 20,2020-04-24,1752.47
277,583,Typ Naprawy 20,2022-03-07,12874.16
278,273,Typ Naprawy 18,2020-03-25,3575.47
279,377,Typ Naprawy 10,2018-03-23,10258.12
280,648,Typ Naprawy 1,2018-01-12,726.61
281,497,Typ Naprawy 13,2018-03-20,2929.30
282,227,Typ Naprawy 4,2019-02-24,13588.53
283,191,Typ Naprawy 8,2023-03-13,6543.92
284,168,Typ Naprawy 15,2022-04-25,3267.62
285,842,Typ Naprawy 8,2021-03-07,1362.77
286,820,Typ Naprawy 16,2020-02-25,14818.11
287,857,Typ Naprawy 16,2020-01-19,14666.69
288,257,Typ Naprawy 10,2020-04-03,5027.86
289,697,Typ Naprawy 3,2020-04-19,11359.01
290,557,Typ Naprawy 14,2021-04-23,6190.14
291,894,Typ Naprawy 7,2021-02-11,9501.91
292,540,Typ Naprawy 11,2021-03-23,3304.45
293,375,Typ Naprawy 15,2021-04-05,10552.78
294,295,Typ Naprawy 13,2018-04-21,12229.36
295,884,Typ Naprawy 9,2019-04-19,12054.74
296,550,Typ Naprawy 17,2020-04-15,4434.45
297,195,Typ Naprawy 1,2018-04-12,5449.39
298,820,Typ Naprawy 19,2023-03-12,1977.56
299,859,Typ Naprawy 13,2018-02-14,3258.07
300,610,Typ Naprawy 12,2023-03-24,3244.88
301,192,Typ Naprawy 6,2019-03-19,13207.92
302,334,Typ Naprawy 9,2020-03-21,3484.07
303,335,Typ Naprawy 13,2020-01-09,3538.64
304,27,Typ Naprawy 3,2023-02-06,9073.56
305,307,Typ Naprawy 2,2018-03-21,583.37
306,148,Typ Naprawy 5,2019-04-03,11550.45
307,433,Typ Naprawy 1,2023-02-11,5241.13
308,101,Typ Naprawy 20,2019-04-08,14045.53
309,368,Typ Naprawy 6,2023-01-15,3539.09
310,138,Typ Naprawy 6,2018-03-21,1641.98
311,332,Typ Naprawy 11,2020-01-01,11217.59
312,436,Typ Naprawy 9,2020-01-19,7915.37
313,396,Typ Naprawy 16,2021-03-05,10311.78
314,696,Typ Naprawy 9,2018-01-15,5261.14
315,586,Typ Naprawy 11,2022-02-21,778.91
316,441,Typ Naprawy 3,2022-01-14,9673.80
317,938,Typ Naprawy 4,2019-04-06,10245.39
318,768,Typ Naprawy 20,2022-03-07,8382.83
319,766,Typ Naprawy 2,2021-04-11,1808.86
320,610,Typ Naprawy 5,2019-02-03,11610.93
321,785,Typ Naprawy 7,2023-04-02,14688.06
322,306,Typ Naprawy 20,2020-01-16,752.08
323,969,Typ Naprawy 9,2020-04-16,839.38
324,440,Typ Naprawy 4,2018-01-03,14648.04
325,578,Typ Naprawy 9,2022-03-05,5246.13
326,194,Typ Naprawy 5,2022-01-05,12146.14
327,352,Typ Naprawy 13,2019-01-18,3989.27
328,137,Typ Naprawy 14,2020-02-19,5927.77
329,956,Typ Naprawy 17,2022-01-14,3107.10
330,422,Typ Naprawy 11,2023-03-15,1493.28
331,667,Typ Naprawy 14,2019-04-11,10365.43
332,958,Typ Naprawy 17,2020-03-17,12771.84
333,426,Typ Naprawy 6,2020-02-13,6121.48
334,747,Typ Naprawy 12,2022-04-01,1165.88
335,149,Typ Naprawy 14,2018-03-08,2227.66
336,108,Typ Naprawy 20,2022-03-22,9492.36
337,930,Typ Naprawy 17,2022-01-04,2245.40
338,447,Typ Naprawy 3,2020-02-13,9820.22
339,16,Typ Naprawy 5,2018-04-17,11513.62
340,45,Typ Naprawy 14,2020-01-13,4875.08
341,373,Typ Naprawy 16,2018-02-05,14650.77
342,246,Typ Naprawy 9,2018-04-07,6312.01
343,81,Typ Naprawy 5,2019-04-20,9427.34
344,566,Typ Naprawy 8,2018-04-23,12320.76
345,620,Typ Naprawy 20,2019-02-06,14593.48
346,496,Typ Naprawy 4,2020-04-23,10168.99
347,598,Typ Naprawy 6,2022-03-08,6491.17
348,305,Typ Naprawy 18,2019-03-19,6948.17
349,815,Typ Naprawy 8,2019-03-05,14946.80
350,751,Typ Naprawy 6,2020-04-09,9824.77
351,453,Typ Naprawy 1,2023-01-04,5459.85
352,938,Typ Naprawy 15,2018-04-01,3761.91
353,894,Typ Naprawy 14,2023-03-02,1696.09
354,915,Typ Naprawy 17,2019-02-16,11918.32
355,822,Typ Naprawy 7,2023-01-13,794.82
356,180,Typ Naprawy 19,2021-04-20,3581.38
357,474,Typ Naprawy 3,2020-01-06,1395.97
358,544,Typ Naprawy 6,2020-02-23,3052.99
359,85,Typ Naprawy 13,2021-03-14,9805.21
360,179,Typ Naprawy 10,2019-03-24,432.40
361,787,Typ Naprawy 8,2018-01-11,1491.01
362,108,Typ Naprawy 13,2020-02-19,2822.44
363,915,Typ Naprawy 19,2022-04-17,1346.86
364,170,Typ Naprawy 13,2023-02-16,5702.22
365,154,Typ Naprawy 2,2022-02-23,6596.67
366,492,Typ Naprawy 17,2018-01-22,14392.49
367,917,Typ Naprawy 3,2020-03-06,5187.47
368,364,Typ Naprawy 6,2019-03-13,14555.28
369,21,Typ Naprawy 5,2022-01-22,7245.11
370,750,Typ Naprawy 2,2018-03-15,6751.73
371,673,Typ Naprawy 17,2023-03-09,14632.58
372,189,Typ Naprawy 2,2021-01-09,4012.01
373,256,Typ Naprawy 3,2022-01-05,10092.60
374,494,Typ Naprawy 13,2022-01-07,3122.11
375,974,Typ Naprawy 20,2019-02-23,10212.65
376,208,Typ Naprawy 17,2020-03-17,7394.26
377,137,Typ Naprawy 7,2019-02-21,10389.99
378,379,Typ Naprawy 17,2022-04-08,7329.23
379,355,Typ Naprawy 17,2018-02-21,137.29
380,784,Typ Naprawy 6,2022-04-13,11824.65
381,609,Typ Naprawy 20,2019-01-23,11013.87
382,841,Typ Naprawy 18,2022-01-13,6542.10
383,517,Typ Naprawy 9,2022-04-07,3006.61
384,122,Typ Naprawy 10,2022-03-09,6596.67
385,936,Typ Naprawy 2,2022-01-05,13563.07
386,383,Typ Naprawy 19,2023-04-05,5667.66
387,59,Typ Naprawy 5,2019-03-09,2587.80
388,959,Typ Naprawy 8,2018-02-10,3602.30
389,448,Typ Naprawy 18,2020-01-11,11313.54
390,433,Typ Naprawy 10,2022-03-03,4012.46
391,859,Typ Naprawy 5,2023-01-20,8753.89
392,733,Typ Naprawy 1,2023-01-03,14925.88
393,542,Typ Naprawy 8,2021-02-03,13842.27
394,589,Typ Naprawy 1,2022-02-14,3606.39
395,157,Typ Naprawy 20,2019-02-17,1084.03
396,693,Typ Naprawy 15,2022-02-07,2495.50
397,470,Typ Naprawy 15,2018-04-05,13905.47
398,368,Typ Naprawy 13,2020-03-20,4488.10
399,429,Typ Naprawy 9,2019-01-03,8431.03
400,100,Typ Naprawy 19,2018-04-20,8402.38
401,686,Typ Naprawy 9,2019-03-23,885.77
402,712,Typ Naprawy 4,2022-01-17,1851.15
403,204,Typ Naprawy 18,2021-01-03,11541.36
404,692,Typ Naprawy 5,2022-02-23,3977.90
405,128,Typ Naprawy 17,2023-02-13,5900.03
406,161,Typ Naprawy 5,2020-03-16,14858.58
407,285,Typ Naprawy 10,2021-02-09,11449.05
408,842,Typ Naprawy 12,2019-03-18,8938.51
409,227,Typ Naprawy 4,2023-01-16,14668.05
410,714,Typ Naprawy 12,2023-04-15,13010.58
411,66,Typ Naprawy 1,2022-03-02,10324.51
412,983,Typ Naprawy 14,2019-02-01,3786.46
413,377,Typ Naprawy 17,2022-01-03,1444.17
414,799,Typ Naprawy 13,2019-02-21,8284.61
415,638,Typ Naprawy 8,2018-02-11,9088.11
416,889,Typ Naprawy 16,2018-02-14,7978.58
417,672,Typ Naprawy 14,2021-04-07,9516.46
418,23,Typ Naprawy 16,2021-02-18,130.92
419,602,Typ Naprawy 4,2019-04-20,6887.24
420,130,Typ Naprawy 4,2018-01-07,10956.12
421,498,Typ Naprawy 1,2019-03-05,10058.04
422,333,Typ Naprawy 12,2018-04-02,11735.07
423,371,Typ Naprawy 6,2019-04-01,2434.56
424,238,Typ Naprawy 17,2021-03-25,9334.57
425,999,Typ Naprawy 17,2023-02-24,1250.91
426,657,Typ Naprawy 7,2020-02-17,8938.96
427,792,Typ Naprawy 6,2020-02-12,12109.76
428,55,Typ Naprawy 11,2021-02-22,1259.10
429,88,Typ Naprawy 15,2018-01-14,4969.66
430,559,Typ Naprawy 14,2018-04-19,14726.71
431,327,Typ Naprawy 7,2021-02-16,521.08
432,467,Typ Naprawy 6,2022-01-01,12423.52
433,645,Typ Naprawy 13,2021-04-01,5721.77
434,605,Typ Naprawy 4,2023-03-01,2073.96
435,719,Typ Naprawy 19,2022-01-10,6635.32
436,330,Typ Naprawy 10,2023-03-12,4743.66
437,878,Typ Naprawy 20,2018-01-08,10658.28
438,606,Typ Naprawy 14,2023-04-14,12157.96
439,133,Typ Naprawy 9,2021-01-07,3562.28
440,866,Typ Naprawy 10,2023-03-25,10405.91
441,555,Typ Naprawy 4,2023-02-24,7143.25
442,252,Typ Naprawy 18,2018-04-06,6229.70
443,89,Typ Naprawy 16,2022-03-04,13508.95
444,389,Typ Naprawy 7,2020-04-06,14467.52
445,253,Typ Naprawy 18,2022-02-22,11586.37
446,231,Typ Naprawy 14,2020-04-08,2450.02
447,184,Typ Naprawy 4,2018-02-17,1090.85
448,584,Typ Naprawy 12,2022-01-05,3223.06
449,477,Typ Naprawy 11,2022-02-11,935.33
450,833,Typ Naprawy 3,2020-04-17,5988.70
451,290,Typ Naprawy 18,2019-04-12,6912.25
452,892,Typ Naprawy 18,2019-04-23,14438.41
453,242,Typ Naprawy 12,2023-04-19,9938.90
454,797,Typ Naprawy 9,2020-02-15,582.92
455,164,Typ Naprawy 11,2023-01-02,14799.47
456,518,Typ Naprawy 8,2022-01-21,10635.54
457,477,Typ Naprawy 5,2021-01-14,6759.91
458,257,Typ Naprawy 20,2019-03-16,1561.49
459,141,Typ Naprawy 16,2023-01-17,14604.84
460,473,Typ Naprawy 1,2022-02-09,7552.50
461,104,Typ Naprawy 12,2020-04-22,8863.02
462,97,Typ Naprawy 10,2019-02-15,6432.06
463,634,Typ Naprawy 12,2018-01-05,7271.94
464,536,Typ Naprawy 19,2021-02-17,10757.86
465,696,Typ Naprawy 18,2022-02-18,7056.85
466,85,Typ Naprawy 6,2023-02-24,6924.52
467,484,Typ Naprawy 7,2020-03-15,11758.71
468,495,Typ Naprawy 5,2018-04-25,13729.50
469,616,Typ Naprawy 3,2018-03-25,10602.35
470,880,Typ Naprawy 17,2020-02-22,2906.57
471,254,Typ Naprawy 12,2022-01-03,14227.88
472,762,Typ Naprawy 18,2023-04-04,12698.18
473,935,Typ Naprawy 12,2021-02-12,4782.77
474,361,Typ Naprawy 18,2021-01-06,3254.89
475,170,Typ Naprawy 16,2021-01-04,8497.42
476,874,Typ Naprawy 7,2019-03-25,8450.13
477,295,Typ Naprawy 19,2022-03-04,14636.22
478,363,Typ Naprawy 5,2019-02-10,13689.03
479,604,Typ Naprawy 12,2023-04-24,8554.72
480,933,Typ Naprawy 7,2020-04-08,9995.29
481,647,Typ Naprawy 11,2018-02-19,6649.42
482,127,Typ Naprawy 1,2021-03-03,11571.37
483,44,Typ Naprawy 10,2023-01-04,3332.19
484,596,Typ Naprawy 10,2020-04-15,10295.41
485,448,Typ Naprawy 11,2020-03-01,916.69
486,527,Typ Naprawy 4,2019-04-14,11967.43
487,702,Typ Naprawy 4,2019-01-10,2746.96
488,13,Typ Naprawy 13,2020-03-25,8556.54
489,985,Typ Naprawy 18,2018-01-13,6359.30
490,947,Typ Naprawy 15,2023-03-20,1468.72
491,602,Typ Naprawy 18,2020-02-14,11101.64
492,473,Typ Naprawy 18,2021-02-08,4583.14
493,764,Typ Naprawy 18,2020-02-11,2506.86
494,167,Typ Naprawy 5,2023-04-21,7978.58
495,758,Typ Naprawy 15,2023-03-25,2345.44
496,694,Typ Naprawy 7,2020-04-04,9895.25
497,329,Typ Naprawy 11,2023-03-20,12544.03
498,192,Typ Naprawy 19,2019-04-17,8458.77
499,146,Typ Naprawy 17,2021-04-16,1505.56
500,964,Typ Naprawy 10,2022-02-17,1106.31
501,768,Typ Naprawy 10,2021-03-06,14317.00
502,108,Typ Naprawy 15,2019-04-06,2441.84
503,769,Typ Naprawy 7,2023-04-05,4071.58
504,697,Typ Naprawy 12,2020-04-05,9267.27
505,801,Typ Naprawy 13,2019-03-10,2202.20
506,561,Typ Naprawy 8,2018-01-21,12904.17
507,901,Typ Naprawy 9,2023-01-21,1547.39
508,926,Typ Naprawy 12,2022-01-07,2468.21
509,639,Typ Naprawy 8,2019-01-05,6141.94
510,571,Typ Naprawy 10,2018-04-02,14499.35
511,497,Typ Naprawy 4,2021-01-09,8866.66
512,282,Typ Naprawy 11,2019-04-13,8708.41
513,326,Typ Naprawy 8,2020-04-03,8236.41
514,904,Typ Naprawy 4,2019-02-22,12658.16
515,238,Typ Naprawy 9,2020-01-14,4267.11
516,677,Typ Naprawy 12,2020-03-15,2222.66
517,498,Typ Naprawy 14,2021-04-15,10201.73
518,381,Typ Naprawy 12,2019-03-13,5349.35
519,761,Typ Naprawy 9,2020-03-23,5130.18
520,316,Typ Naprawy 20,2022-02-03,274.16
521,145,Typ Naprawy 19,2022-04-21,13290.69
522,441,Typ Naprawy 12,2018-04-08,6302.00
523,729,Typ Naprawy 20,2019-02-06,11581.37
524,737,Typ Naprawy 5,2019-03-16,12810.50
525,398,Typ Naprawy 11,2018-01-09,14974.54
526,799,Typ Naprawy 9,2021-02-07,10490.03
527,492,Typ Naprawy 1,2020-02-05,11555.45
528,474,Typ Naprawy 20,2021-01-25,8875.75
529,111,Typ Naprawy 4,2023-03-09,7487.48
530,583,Typ Naprawy 2,2023-03-06,6181.50
531,969,Typ Naprawy 2,2018-03-11,2620.54
532,127,Typ Naprawy 13,2020-04-18,4095.68
533,141,Typ Naprawy 18,2019-01-10,8036.78
534,804,Typ Naprawy 11,2018-03-02,3749.63
535,949,Typ Naprawy 2,2018-01-05,768.45
536,919,Typ Naprawy 20,2020-01-13,1015.36
537,433,Typ Naprawy 10,2019-03-19,1467.82
538,221,Typ Naprawy 8,2018-02-02,6744.45
539,24,Typ Naprawy 9,2023-04-17,6365.21
540,418,Typ Naprawy 16,2019-04-24,5805.44
541,107,Typ Naprawy 2,2021-02-18,4001.09
542,309,Typ Naprawy 2,2021-03-08,14630.31
543,847,Typ Naprawy 5,2021-03-13,1764.75
544,358,Typ Naprawy 6,2022-04-06,2128.08
545,275,Typ Naprawy 13,2019-04-16,9625.14
546,477,Typ Naprawy 18,2021-01-01,12480.36
547,26,Typ Naprawy 20,2023-03-23,10385.90
548,252,Typ Naprawy 5,2023-03-04,1366.41
549,626,Typ Naprawy 14,2021-03-21,12853.24
550,527,Typ Naprawy 4,2019-01-19,7241.47
551,805,Typ Naprawy 19,2022-03-02,8647.94
552,866,Typ Naprawy 1,2018-01-06,5316.61
553,431,Typ Naprawy 4,2021-01-04,3544.55
554,763,Typ Naprawy 11,2023-01-25,6254.71
555,689,Typ Naprawy 11,2023-03-12,3676.42
556,329,Typ Naprawy 14,2021-04-22,541.08
557,717,Typ Naprawy 1,2022-03-14,8287.34
558,180,Typ Naprawy 4,2022-01-16,12540.39
559,707,Typ Naprawy 16,2019-04-11,8564.72
560,566,Typ Naprawy 20,2022-03-10,14188.77
561,762,Typ Naprawy 9,2022-04-04,14441.60
562,529,Typ Naprawy 15,2023-02-05,7048.21
563,65,Typ Naprawy 8,2018-04-05,4597.69
564,531,Typ Naprawy 15,2020-02-03,7768.04
565,464,Typ Naprawy 14,2021-01-23,346.92
566,863,Typ Naprawy 6,2018-01-07,7266.48
567,378,Typ Naprawy 6,2019-01-19,9644.69
568,293,Typ Naprawy 19,2023-02-09,11195.31
569,29,Typ Naprawy 12,2020-01-14,12096.12
570,91,Typ Naprawy 19,2021-04-04,8494.69
571,133,Typ Naprawy 14,2021-04-17,14308.36
572,605,Typ Naprawy 15,2023-03-15,5395.28
573,69,Typ Naprawy 20,2022-01-14,3761.45
574,723,Typ Naprawy 8,2020-01-22,1481.00
575,950,Typ Naprawy 10,2021-04-12,9338.21
576,41,Typ Naprawy 7,2019-04-01,468.78
577,637,Typ Naprawy 15,2020-03-04,7294.67
578,844,Typ Naprawy 6,2019-04-06,6818.12
579,247,Typ Naprawy 16,2020-03-04,14907.69
580,755,Typ Naprawy 20,2023-03-01,11422.67
581,751,Typ Naprawy 6,2018-04-07,6281.54
582,819,Typ Naprawy 17,2021-04-23,6904.52
583,379,Typ Naprawy 1,2020-02-04,7451.55
584,719,Typ Naprawy 13,2022-04-09,5959.60
585,467,Typ Naprawy 2,2022-04-20,5263.41
586,623,Typ Naprawy 9,2021-02-16,13869.10
587,267,Typ Naprawy 2,2023-03-04,12269.37
588,927,Typ Naprawy 18,2023-01-17,3135.29
589,354,Typ Naprawy 11,2023-03-01,11519.07
590,107,Typ Naprawy 1,2022-04-14,5253.86
591,195,Typ Naprawy 6,2018-04-01,4285.75
592,505,Typ Naprawy 11,2023-02-20,9973.46
593,82,Typ Naprawy 19,2020-04-12,3808.29
594,454,Typ Naprawy 18,2022-02-21,10564.15
595,467,Typ Naprawy 10,2019-03-05,4381.24
596,797,Typ Naprawy 3,2019-04-25,4644.07
597,8,Typ Naprawy 14,2023-04-12,7283.30
598,797,Typ Naprawy 6,2018-04-10,5978.69
599,328,Typ Naprawy 6,2023-02-08,13675.84
600,601,Typ Naprawy 16,2022-03-02,10908.83
601,639,Typ Naprawy 17,2020-02-01,6352.93
602,541,Typ Naprawy 19,2018-01-20,4621.79
603,971,Typ Naprawy 19,2023-03-09,9283.19
604,823,Typ Naprawy 11,2018-02-12,10520.95
605,348,Typ Naprawy 10,2021-02-09,8419.66
606,268,Typ Naprawy 8,2023-04-12,14600.75
607,559,Typ Naprawy 3,2023-04-24,1523.75
608,524,Typ Naprawy 19,2020-04-07,6495.26
609,172,Typ Naprawy 5,2022-04-01,5172.92
610,87,Typ Naprawy 9,2023-03-06,13801.34
611,125,Typ Naprawy 8,2021-01-15,3601.39
612,305,Typ Naprawy 9,2023-04-09,13737.23
613,337,Typ Naprawy 2,2020-04-13,10246.30
614,195,Typ Naprawy 5,2021-03-19,1050.38
615,178,Typ Naprawy 15,2022-03-13,3140.75
616,315,Typ Naprawy 19,2023-04-01,6831.31
617,491,Typ Naprawy 19,2018-02-02,9337.30
618,351,Typ Naprawy 5,2018-04-07,4438.54
619,629,Typ Naprawy 17,2019-01-14,10090.33
620,597,Typ Naprawy 12,2021-03-05,3800.56
621,251,Typ Naprawy 17,2023-01-05,1590.59
622,997,Typ Naprawy 12,2021-03-02,2104.43
623,132,Typ Naprawy 2,2021-03-01,2182.64
624,443,Typ Naprawy 19,2018-04-19,2719.68
625,328,Typ Naprawy 20,2022-02-17,13043.32
626,631,Typ Naprawy 19,2021-01-03,8784.81
627,822,Typ Naprawy 12,2018-01-13,6365.67
628,470,Typ Naprawy 6,2023-02-03,9595.58
629,732,Typ Naprawy 2,2019-01-12,7629.80
630,502,Typ Naprawy 1,2018-04-17,322.82
631,152,Typ Naprawy 10,2019-02-19,3286.72
632,477,Typ Naprawy 15,2021-01-17,8507.88
633,158,Typ Naprawy 15,2021-04-13,8654.76
634,555,Typ Naprawy 14,2023-03-02,3943.80
635,130,Typ Naprawy 20,2021-04-11,12446.26
636,96,Typ Naprawy 14,2023-02-21,8115.45
637,80,Typ Naprawy 8,2023-01-12,13523.96
638,320,Typ Naprawy 10,2023-04-20,11588.19
639,505,Typ Naprawy 8,2022-01-12,410.12
640,918,Typ Naprawy 20,2020-01-22,622.03
641,560,Typ Naprawy 14,2021-03-04,14639.86
642,669,Typ Naprawy 9,2022-03-05,14310.64
643,197,Typ Naprawy 1,2023-02-10,14387.94
644,334,Typ Naprawy 13,2019-04-13,12005.63
645,537,Typ Naprawy 10,2020-02-24,7257.84
646,974,Typ Naprawy 15,2021-02-10,8740.25
647,978,Typ Naprawy 13,2018-02-19,4767.76
648,247,Typ Naprawy 3,2022-03-17,5108.35
649,361,Typ Naprawy 13,2021-02-21,14108.28
650,354,Typ Naprawy 15,2018-02-13,5405.29
651,329,Typ Naprawy 20,2020-01-13,7122.33
652,250,Typ Naprawy 12,2022-04-19,8095.90
653,506,Typ Naprawy 4,2018-02-01,7576.15
654,651,Typ Naprawy 18,2019-02-24,9116.30
655,6,Typ Naprawy 17,2020-03-11,13168.36
656,916,Typ Naprawy 6,2023-03-17,6367.94
657,531,Typ Naprawy 3,2019-03-07,12549.03
658,715,Typ Naprawy 11,2019-01-16,1214.99
659,858,Typ Naprawy 10,2023-01-05,7495.66
660,943,Typ Naprawy 2,2018-01-05,242.33
661,215,Typ Naprawy 19,2021-04-25,2521.41
662,259,Typ Naprawy 18,2018-03-05,13086.51
663,121,Typ Naprawy 7,2023-04-05,6153.76
664,400,Typ Naprawy 8,2019-03-03,4894.63
665,170,Typ Naprawy 9,2020-01-01,6167.41
666,803,Typ Naprawy 12,2018-01-24,7828.97
667,355,Typ Naprawy 14,2023-04-01,7704.83
668,529,Typ Naprawy 15,2018-02-22,7462.92
669,553,Typ Naprawy 15,2022-03-02,7171.44
670,871,Typ Naprawy 15,2022-03-23,2192.65
671,236,Typ Naprawy 17,2019-01-06,5735.42
672,719,Typ Naprawy 8,2018-02-17,513.80
673,26,Typ Naprawy 5,2020-01-09,9822.95
674,439,Typ Naprawy 20,2020-03-23,11575.91
675,686,Typ Naprawy 1,2020-01-14,3234.88
676,194,Typ Naprawy 14,2019-01-16,2473.67
677,582,Typ Naprawy 19,2019-02-18,2176.28
678,396,Typ Naprawy 19,2023-02-17,11786.00
679,12,Typ Naprawy 16,2020-03-11,13931.85
680,954,Typ Naprawy 9,2020-03-15,5418.47
681,316,Typ Naprawy 11,2019-04-15,10467.29
682,192,Typ Naprawy 4,2022-04-16,6962.72
683,302,Typ Naprawy 4,2020-04-02,5896.84
684,950,Typ Naprawy 6,2023-02-05,14128.75
685,366,Typ Naprawy 6,2023-01-09,6397.50
686,252,Typ Naprawy 1,2019-02-05,9963.00
687,762,Typ Naprawy 17,2018-02-23,10905.65
688,613,Typ Naprawy 3,2021-02-02,12507.19
689,947,Typ Naprawy 13,2023-01-01,9979.83
690,978,Typ Naprawy 9,2020-01-10,9710.63
691,760,Typ Naprawy 9,2018-03-07,12165.24
692,991,Typ Naprawy 1,2021-04-24,6356.12
693,878,Typ Naprawy 20,2023-01-19,543.36
694,427,Typ Naprawy 5,2021-03-15,14904.96
695,587,Typ Naprawy 4,2021-01-07,12702.73
696,539,Typ Naprawy 8,2023-01-02,8421.94
697,340,Typ Naprawy 4,2020-01-19,8407.38
698,503,Typ Naprawy 15,2021-03-16,10194.46
699,4,Typ Naprawy 7,2021-01-14,1315.48
700,609,Typ Naprawy 11,2023-02-06,10396.36
701,208,Typ Naprawy 14,2018-03-18,14709.43
702,762,Typ Naprawy 2,2020-03-12,3612.76
703,121,Typ Naprawy 11,2020-03-20,9787.93
704,503,Typ Naprawy 14,2018-03-12,1485.09
705,16,Typ Naprawy 15,2018-04-25,2101.70
706,627,Typ Naprawy 1,2018-03-19,1377.78
707,664,Typ Naprawy 18,2023-02-25,8062.70
708,86,Typ Naprawy 2,2019-02-09,3737.81
709,392,Typ Naprawy 16,2019-01-12,7311.04
710,14,Typ Naprawy 17,2023-02-03,14348.83
711,54,Typ Naprawy 14,2020-02-17,9883.88
712,260,Typ Naprawy 14,2022-03-01,4937.83
713,212,Typ Naprawy 18,2023-04-21,11655.04
714,345,Typ Naprawy 3,2021-02-12,6752.64
715,797,Typ Naprawy 12,2019-01-03,1495.55
716,378,Typ Naprawy 14,2018-01-11,12558.12
717,927,Typ Naprawy 1,2019-02-12,12226.63
718,65,Typ Naprawy 3,2018-02-05,10669.19
719,887,Typ Naprawy 13,2023-03-22,6307.46
720,301,Typ Naprawy 10,2018-01-21,5276.60
721,609,Typ Naprawy 11,2022-02-21,5538.52
722,844,Typ Naprawy 9,2020-02-24,3976.54
723,486,Typ Naprawy 4,2019-03-01,2418.19
724,7,Typ Naprawy 2,2019-04-13,5557.62
725,299,Typ Naprawy 9,2023-01-11,2831.08
726,286,Typ Naprawy 7,2018-03-25,13664.92
727,54,Typ Naprawy 8,2022-04-18,5908.21
728,373,Typ Naprawy 13,2022-03-05,5090.62
729,483,Typ Naprawy 2,2021-02-20,2540.97
730,790,Typ Naprawy 13,2020-01-11,12408.06
731,287,Typ Naprawy 13,2020-01-20,6985.46
732,208,Typ Naprawy 16,2019-02-02,11298.99
733,28,Typ Naprawy 17,2020-01-15,9335.48
734,984,Typ Naprawy 7,2018-03-13,10698.29
735,606,Typ Naprawy 17,2021-03-22,12305.29
736,998,Typ Naprawy 11,2020-04-02,6300.64
737,757,Typ Naprawy 18,2023-02-17,10304.96
738,547,Typ Naprawy 17,2021-04-07,1846.15
739,819,Typ Naprawy 19,2019-02-15,14640.31
740,593,Typ Naprawy 8,2023-04-03,12044.28
741,431,Typ Naprawy 13,2019-02-07,12622.69
742,531,Typ Naprawy 10,2022-02-08,13140.63
743,34,Typ Naprawy 10,2018-04-01,9124.49
744,605,Typ Naprawy 1,2023-04-13,8294.61
745,57,Typ Naprawy 5,2021-03-23,8563.36
746,70,Typ Naprawy 3,2023-01-13,9869.33
747,284,Typ Naprawy 20,2020-04-23,11350.83
748,596,Typ Naprawy 13,2021-03-20,1492.37
749,134,Typ Naprawy 13,2018-01-13,1986.20
750,40,Typ Naprawy 8,2021-02-22,9808.40
751,558,Typ Naprawy 17,2018-02-13,2836.99
752,900,Typ Naprawy 8,2019-01-01,6066.91
753,772,Typ Naprawy 2,2023-01-03,6879.96
754,585,Typ Naprawy 4,2021-02-25,5867.74
755,222,Typ Naprawy 7,2022-02-18,12450.35
756,765,Typ Naprawy 13,2022-03-24,12717.28
757,668,Typ Naprawy 6,2020-03-04,3068.90
758,732,Typ Naprawy 19,2019-03-02,9803.39
759,643,Typ Naprawy 2,2023-04-20,5996.43
760,302,Typ Naprawy 1,2023-02-12,3253.98
761,495,Typ Naprawy 9,2020-02-02,12984.66
762,648,Typ Naprawy 9,2021-04-01,8387.38
763,332,Typ Naprawy 4,2020-04-13,1171.33
764,583,Typ Naprawy 16,2019-03-09,12004.27
765,221,Typ Naprawy 8,2021-02-01,1496.92
766,913,Typ Naprawy 2,2023-03-18,10847.44
767,293,Typ Naprawy 15,2018-01-04,5575.35
768,85,Typ Naprawy 13,2021-02-24,10275.40
769,158,Typ Naprawy 13,2021-03-21,1110.40
770,966,Typ Naprawy 19,2023-01-04,8762.07
771,992,Typ Naprawy 20,2018-04-09,1286.83
772,451,Typ Naprawy 17,2019-01-19,1287.29
773,83,Typ Naprawy 7,2021-01-14,620.21
774,35,Typ Naprawy 9,2020-02-03,12322.12
775,32,Typ Naprawy 9,2021-04-14,5804.08
776,814,Typ Naprawy 14,2018-04-13,12665.44
777,708,Typ Naprawy 16,2022-03-03,14433.41
778,614,Typ Naprawy 15,2022-03-05,13954.13
779,13,Typ Naprawy 20,2018-01-08,743.89
780,518,Typ Naprawy 18,2019-02-11,1389.60
781,618,Typ Naprawy 4,2023-03-11,4749.12
782,979,Typ Naprawy 2,2022-02-17,13404.82
783,797,Typ Naprawy 9,2020-04-25,11407.67
784,714,Typ Naprawy 19,2018-04-15,13916.84
785,236,Typ Naprawy 9,2023-03-24,14207.41
786,626,Typ Naprawy 1,2020-03-10,14890.41
787,695,Typ Naprawy 18,2023-03-05,9404.14
788,659,Typ Naprawy 3,2018-03-22,5456.21
789,564,Typ Naprawy 16,2022-03-21,2391.82
790,278,Typ Naprawy 9,2022-03-04,11206.22
791,857,Typ Naprawy 7,2018-04-08,10842.90
792,574,Typ Naprawy 20,2019-04-08,3814.20
793,960,Typ Naprawy 12,2021-04-05,12003.81
794,982,Typ Naprawy 20,2023-03-06,14400.67
795,113,Typ Naprawy 10,2022-04-18,12480.36
796,68,Typ Naprawy 14,2018-04-24,6895.42
797,540,Typ Naprawy 8,2023-04-12,9091.75
798,6,Typ Naprawy 8,2019-04-04,13809.53
799,629,Typ Naprawy 14,2021-02-17,4236.64
800,723,Typ Naprawy 14,2022-04-17,1272.74
801,981,Typ Naprawy 12,2022-01-05,8247.78
802,429,Typ Naprawy 10,2018-02-09,10455.02
803,869,Typ Naprawy 2,2022-04-05,13372.08
804,477,Typ Naprawy 15,2018-03-05,12415.34
805,885,Typ Naprawy 8,2023-02-07,5964.60
806,230,Typ Naprawy 2,2020-02-02,8605.65
807,742,Typ Naprawy 16,2019-02-24,1523.29
808,558,Typ Naprawy 18,2019-01-02,7777.59
809,404,Typ Naprawy 19,2021-02-10,5255.68
810,233,Typ Naprawy 16,2019-03-16,9200.43
811,919,Typ Naprawy 17,2021-01-02,2007.12
812,208,Typ Naprawy 9,2018-01-16,10359.07
813,323,Typ Naprawy 16,2021-02-11,12337.58
814,529,Typ Naprawy 11,2019-03-25,5132.00
815,14,Typ Naprawy 14,2023-04-07,5681.76
816,128,Typ Naprawy 1,2019-04-07,5516.24
817,721,Typ Naprawy 8,2020-02-06,5373.91
818,470,Typ Naprawy 4,2018-04-04,8198.67
819,554,Typ Naprawy 6,2021-02-12,12575.40
820,232,Typ Naprawy 2,2020-03-14,13545.79
821,176,Typ Naprawy 1,2020-01-09,9385.05
822,819,Typ Naprawy 13,2018-04-06,3410.40
823,48,Typ Naprawy 17,2019-01-02,10872.91
824,821,Typ Naprawy 12,2023-03-05,222.32
825,775,Typ Naprawy 12,2020-04-04,9114.94
826,775,Typ Naprawy 12,2020-02-12,9465.53
827,224,Typ Naprawy 9,2021-03-16,2468.21
828,689,Typ Naprawy 19,2020-01-04,12706.82
829,655,Typ Naprawy 4,2022-01-05,12766.84
830,405,Typ Naprawy 19,2022-04-23,6983.64
831,215,Typ Naprawy 13,2020-01-18,577.01
832,257,Typ Naprawy 13,2023-02-08,4408.98
833,904,Typ Naprawy 3,2023-02-07,13295.23
834,934,Typ Naprawy 1,2023-03-02,2705.12
835,525,Typ Naprawy 16,2018-02-01,14315.64
836,869,Typ Naprawy 8,2018-01-16,4421.71
837,684,Typ Naprawy 14,2020-01-24,11165.30
838,436,Typ Naprawy 1,2020-03-08,6152.40
839,174,Typ Naprawy 20,2023-03-23,5333.44
840,197,Typ Naprawy 7,2021-03-23,5707.68
841,233,Typ Naprawy 10,2023-04-03,9172.69
842,407,Typ Naprawy 4,2023-02-16,8150.47
843,555,Typ Naprawy 2,2019-02-09,10222.20
844,344,Typ Naprawy 3,2023-04-22,4157.52
845,113,Typ Naprawy 8,2018-01-18,9124.03
846,491,Typ Naprawy 6,2023-04-06,5915.03
847,232,Typ Naprawy 11,2019-02-18,11473.60
848,213,Typ Naprawy 10,2018-04-06,9705.17
849,563,Typ Naprawy 8,2018-04-10,10384.53
850,773,Typ Naprawy 5,2023-02-14,198.68
851,62,Typ Naprawy 2,2022-03-21,4007.91
852,876,Typ Naprawy 17,2019-03-16,14606.66
853,546,Typ Naprawy 15,2021-02-10,10283.58
854,867,Typ Naprawy 15,2018-01-22,9203.16
855,488,Typ Naprawy 7,2023-01-25,3962.44
856,828,Typ Naprawy 19,2019-03-07,8281.88
857,523,Typ Naprawy 7,2018-02-24,6384.77
858,395,Typ Naprawy 3,2019-02-15,9849.78
859,408,Typ Naprawy 8,2021-04-16,14643.04
860,549,Typ Naprawy 1,2019-02-13,8920.77
861,856,Typ Naprawy 12,2019-04-11,619.75
862,568,Typ Naprawy 18,2021-01-22,118.64
863,265,Typ Naprawy 12,2022-02-18,9235.44
864,413,Typ Naprawy 11,2022-04-03,7548.41
865,154,Typ Naprawy 11,2021-01-07,5281.60
866,331,Typ Naprawy 17,2021-04-09,3643.68
867,181,Typ Naprawy 6,2019-02-02,4785.49
868,749,Typ Naprawy 15,2018-04-03,3353.56
869,248,Typ Naprawy 5,2023-03-12,6182.41
870,358,Typ Naprawy 15,2020-04-19,1673.81
871,327,Typ Naprawy 12,2021-02-10,3934.25
872,403,Typ Naprawy 15,2022-04-14,11083.90
873,739,Typ Naprawy 18,2023-03-14,2174.46
874,929,Typ Naprawy 18,2018-01-14,998.08
875,319,Typ Naprawy 11,2021-02-11,13020.58
876,224,Typ Naprawy 6,2023-03-23,10695.57
877,469,Typ Naprawy 8,2020-01-04,1830.69
878,815,Typ Naprawy 7,2020-01-15,14327.46
879,91,Typ Naprawy 4,2023-02-15,2445.02
880,353,Typ Naprawy 20,2021-01-08,3173.04
881,715,Typ Naprawy 4,2018-04-14,7091.86
882,112,Typ Naprawy 20,2020-03-14,12745.47
883,866,Typ Naprawy 6,2022-03-20,2995.69
884,600,Typ Naprawy 17,2023-04-05,8609.28
885,633,Typ Naprawy 2,2019-01-16,13672.20
886,318,Typ Naprawy 16,2018-02-05,14119.65
887,530,Typ Naprawy 5,2023-02-05,10337.24
888,458,Typ Naprawy 4,2023-02-14,6543.92
889,100,Typ Naprawy 19,2018-03-21,13329.34
890,362,Typ Naprawy 4,2021-01-18,9470.99
891,25,Typ Naprawy 3,2018-03-20,10560.97
892,137,Typ Naprawy 10,2023-04-07,12271.19
893,815,Typ Naprawy 20,2019-02-17,12898.71
894,103,Typ Naprawy 2,2021-02-22,10414.09
895,381,Typ Naprawy 19,2021-02-23,7598.88
896,305,Typ Naprawy 2,2022-03-14,6004.61
897,408,Typ Naprawy 15,2022-02-24,10485.94
898,315,Typ Naprawy 16,2022-02-20,9050.37
899,142,Typ Naprawy 4,2023-01-08,7802.15
900,549,Typ Naprawy 17,2019-03-02,12907.35
901,194,Typ Naprawy 19,2018-03-10,3325.82
902,83,Typ Naprawy 19,2021-02-24,14232.42
903,209,Typ Naprawy 13,2023-03-04,6376.58
904,769,Typ Naprawy 17,2020-02-12,6182.41
905,475,Typ Naprawy 10,2020-01-17,12403.06
906,742,Typ Naprawy 14,2018-01-07,285.07
907,765,Typ Naprawy 16,2018-01-22,5484.41
908,295,Typ Naprawy 8,2018-03-05,5729.51
909,718,Typ Naprawy 1,2019-03-25,4630.43
910,767,Typ Naprawy 6,2023-02-24,6592.57
911,384,Typ Naprawy 13,2022-01-02,4409.89
912,621,Typ Naprawy 5,2020-02-09,14759.45
913,512,Typ Naprawy 20,2019-02-06,10600.07
914,838,Typ Naprawy 6,2023-01-01,643.85
915,465,Typ Naprawy 19,2018-01-24,6483.90
916,563,Typ Naprawy 11,2018-04-07,2974.78
917,13,Typ Naprawy 16,2022-02-04,5785.44
918,917,Typ Naprawy 19,2022-03-03,11147.11
919,677,Typ Naprawy 19,2023-03-23,12972.38
920,959,Typ Naprawy 7,2022-02-22,10811.07
921,322,Typ Naprawy 3,2021-02-21,2214.02
922,45,Typ Naprawy 7,2018-01-05,9697.44
923,52,Typ Naprawy 10,2018-04-07,3928.34
924,323,Typ Naprawy 17,2021-02-02,2241.30
925,50,Typ Naprawy 9,2018-02-05,7899.91
926,768,Typ Naprawy 13,2022-04-14,2917.94
927,778,Typ Naprawy 15,2023-03-09,10306.32
928,660,Typ Naprawy 16,2018-02-01,2543.24
929,660,Typ Naprawy 7,2019-01-01,3036.16
930,503,Typ Naprawy 4,2020-04-24,7255.11
931,97,Typ Naprawy 3,2020-02-18,9134.95
932,387,Typ Naprawy 16,2019-01-04,14427.96
933,57,Typ Naprawy 6,2021-01-10,7455.64
934,547,Typ Naprawy 17,2020-03-01,10738.31
935,516,Typ Naprawy 1,2021-02-02,14261.07
936,198,Typ Naprawy 18,2020-04-24,10531.41
937,216,Typ Naprawy 2,2023-01-11,948.52
938,406,Typ Naprawy 16,2020-01-15,11105.27
939,828,Typ Naprawy 2,2020-01-18,5045.60
940,621,Typ Naprawy 16,2022-03-07,2269.04
941,340,Typ Naprawy 13,2018-04-22,9345.49
942,530,Typ Naprawy 16,2023-04-15,11085.27
943,749,Typ Naprawy 11,2020-02-25,5930.95
944,399,Typ Naprawy 16,2020-03-04,6253.80
945,906,Typ Naprawy 20,2023-03-12,13662.65
946,526,Typ Naprawy 18,2018-03-25,650.22
947,504,Typ Naprawy 7,2023-01-08,3966.08
948,541,Typ Naprawy 20,2021-01-18,12574.49
949,878,Typ Naprawy 15,2019-01-24,10108.97
950,95,Typ Naprawy 9,2021-01-13,721.61
951,49,Typ Naprawy 10,2019-01-24,2293.60
952,732,Typ Naprawy 5,2020-02-01,14535.72
953,621,Typ Naprawy 3,2021-03-06,12356.68
954,427,Typ Naprawy 13,2022-01-05,4446.27
955,79,Typ Naprawy 6,2020-04-19,1003.09
956,365,Typ Naprawy 2,2022-04-17,10465.02
957,235,Typ Naprawy 2,2020-03-06,10971.58
958,405,Typ Naprawy 5,2019-02-24,9730.64
959,521,Typ Naprawy 6,2021-03-19,9644.69
960,822,Typ Naprawy 4,2022-01-13,7378.80
961,588,Typ Naprawy 3,2021-03-19,9212.25
962,589,Typ Naprawy 12,2018-03-12,8938.51
963,653,Typ Naprawy 5,2019-01-19,2002.57
964,929,Typ Naprawy 2,2018-01-21,11611.84
965,685,Typ Naprawy 13,2020-02-11,1081.75
966,607,Typ Naprawy 14,2022-01-17,10253.57
967,329,Typ Naprawy 18,2019-04-17,6838.13
968,50,Typ Naprawy 13,2021-02-07,6406.59
969,586,Typ Naprawy 11,2022-03-12,10853.36
970,866,Typ Naprawy 17,2021-02-22,1299.57
971,525,Typ Naprawy 12,2019-04-10,6785.83
972,347,Typ Naprawy 7,2020-03-20,5871.83
973,199,Typ Naprawy 6,2022-03-13,348.28
974,672,Typ Naprawy 8,2018-02-13,4029.29
975,749,Typ Naprawy 9,2021-01-04,3021.61
976,761,Typ Naprawy 13,2021-04-22,6496.63
977,466,Typ Naprawy 5,2018-02-15,1583.32
978,299,Typ Naprawy 17,2022-02-11,12268.92
979,249,Typ Naprawy 12,2021-03-11,7286.94
980,694,Typ Naprawy 19,2019-03-23,128.19
981,269,Typ Naprawy 18,2022-03-22,12877.79
982,828,Typ Naprawy 4,2018-03-13,5630.38
983,150,Typ Naprawy 1,2022-02-13,5976.88
984,23,Typ Naprawy 13,2018-02-16,3718.71
985,278,Typ Naprawy 8,2022-02-07,1121.31
986,412,Typ Naprawy 1,2021-02-14,9985.74
987,620,Typ Naprawy 14,2023-02-01,592.01
988,366,Typ Naprawy 14,2018-02-03,1524.66
989,889,Typ Naprawy 19,2022-04-08,10211.28
990,773,Typ Naprawy 4,2018-04-13,10799.70
991,593,Typ Naprawy 18,2018-02-21,5352.99
992,288,Typ Naprawy 19,2020-04-09,8375.55
993,187,Typ Naprawy 12,2022-03-15,3141.21
994,191,Typ Naprawy 13,2019-01-16,2430.92
995,731,Typ Naprawy 20,2019-03-05,1975.29
996,294,Typ Naprawy 19,2018-04-21,703.88
997,78,Typ Naprawy 4,2021-01-25,3964.26
998,430,Typ Naprawy 16,2021-03-22,9489.63
999,807,Typ Naprawy 7,2019-03-04,608.38
1000,765,Typ Naprawy 14,2021-04-04,13336.61
