1,840,167,278,Typ Naprawy 1,2022-04-09,NULL,4556.77
2,501,249,297,Typ Naprawy 6,2019-02-19,NULL,13675.38
3,696,289,400,Typ Naprawy 14,2019-01-16,NULL,6085.56
4,756,203,176,Typ Naprawy 9,2019-01-05,NULL,13840.45
5,451,151,203,Typ Naprawy 2,2021-03-17,NULL,6758.55
6,474,236,320,Typ Naprawy 19,2020-02-17,NULL,743.89
7,483,304,465,Typ Naprawy 20,2019-02-11,NULL,4063.84
8,618,341,139,Typ Naprawy 20,2023-03-03,NULL,10187.64
9,664,343,174,Typ Naprawy 4,2020-03-11,NULL,7392.89
10,227,488,382,Typ Naprawy 5,2023-01-21,NULL,5130.18
11,156,235,91,Typ Naprawy 10,2021-03-16,NULL,2651.47
12,376,261,342,Typ Naprawy 4,2022-01-16,NULL,4202.54
13,273,451,417,Typ Naprawy 9,2022-03-18,NULL,6274.27
14,178,449,307,Typ Naprawy 10,2020-03-24,NULL,1619.69
15,877,453,86,Typ Naprawy 1,2021-04-23,NULL,14934.52
16,200,418,72,Typ Naprawy 19,2020-01-14,NULL,6292.91
17,876,474,126,Typ Naprawy 18,2023-04-17,NULL,14858.12
18,477,125,348,Typ Naprawy 16,2021-03-22,NULL,6441.61
19,613,123,491,Typ Naprawy 19,2020-02-02,NULL,6036.90
20,225,61,45,Typ Naprawy 11,2021-04-02,NULL,8707.05
21,738,437,421,Typ Naprawy 20,2021-01-04,NULL,11539.54
22,781,238,184,Typ Naprawy 9,2020-02-05,NULL,2763.33
23,763,128,5,Typ Naprawy 13,2023-01-25,NULL,12325.30
24,858,194,406,Typ Naprawy 18,2018-01-16,NULL,432.40
25,930,423,312,Typ Naprawy 17,2023-03-20,NULL,1255.46
26,481,340,191,Typ Naprawy 8,2020-04-01,NULL,294.17
27,768,413,220,Typ Naprawy 4,2020-01-02,NULL,7306.49
28,476,344,494,Typ Naprawy 3,2022-04-17,NULL,11899.68
29,726,469,9,Typ Naprawy 11,2019-02-09,NULL,582.46
30,939,472,138,Typ Naprawy 17,2020-04-16,NULL,5483.50
31,268,446,461,Typ Naprawy 2,2021-04-20,NULL,5927.77
32,191,100,309,Typ Naprawy 6,2022-03-21,NULL,10678.29
33,668,438,184,Typ Naprawy 20,2019-01-20,NULL,7938.56
34,17,197,256,Typ Naprawy 11,2018-02-16,NULL,6622.13
35,407,218,479,Typ Naprawy 1,2018-01-22,NULL,4976.93
36,155,37,279,Typ Naprawy 19,2022-03-03,NULL,5778.16
37,269,451,399,Typ Naprawy 10,2023-01-01,NULL,3581.84
38,620,373,437,Typ Naprawy 8,2018-03-23,NULL,3640.50
39,601,210,418,Typ Naprawy 16,2022-02-07,NULL,12882.80
40,183,488,29,Typ Naprawy 1,2019-03-23,NULL,2951.13
41,545,152,416,Typ Naprawy 15,2022-01-09,NULL,9210.89
42,316,109,269,Typ Naprawy 7,2022-03-24,NULL,8110.45
43,233,497,119,Typ Naprawy 2,2019-03-23,NULL,5013.77
44,901,113,342,Typ Naprawy 6,2019-01-15,NULL,4689.55
45,248,208,155,Typ Naprawy 9,2023-02-22,NULL,13465.75
46,481,43,269,Typ Naprawy 16,2021-01-23,NULL,13443.93
47,656,340,117,Typ Naprawy 17,2021-02-13,NULL,13080.60
48,667,59,467,Typ Naprawy 6,2018-01-15,NULL,10225.38
49,634,79,230,Typ Naprawy 3,2020-03-20,NULL,1725.64
50,691,103,112,Typ Naprawy 7,2020-02-23,NULL,9793.84
51,262,327,376,Typ Naprawy 12,2021-04-12,NULL,5932.77
52,42,498,275,Typ Naprawy 15,2023-04-22,NULL,630.67
53,694,447,187,Typ Naprawy 17,2019-01-21,NULL,811.65
54,25,241,439,Typ Naprawy 5,2019-01-23,NULL,13853.18
55,411,337,484,Typ Naprawy 19,2021-03-18,NULL,8762.53
56,625,127,138,Typ Naprawy 18,2020-02-17,NULL,13321.15
57,157,49,265,Typ Naprawy 7,2022-04-21,NULL,4485.83
58,68,128,281,Typ Naprawy 12,2020-03-11,NULL,9255.90
59,967,202,66,Typ Naprawy 6,2018-03-09,NULL,13700.39
60,218,166,284,Typ Naprawy 7,2021-02-25,NULL,7949.48
61,256,188,97,Typ Naprawy 9,2022-03-25,NULL,3249.43
62,372,32,366,Typ Naprawy 17,2021-04-23,NULL,6176.96
63,993,119,65,Typ Naprawy 13,2020-04-12,NULL,9618.78
64,891,394,174,Typ Naprawy 18,2018-01-23,NULL,511.07
65,188,114,10,Typ Naprawy 19,2021-03-11,NULL,14145.57
66,761,210,350,Typ Naprawy 4,2021-03-11,NULL,11532.26
67,594,468,426,Typ Naprawy 20,2019-01-18,NULL,11931.51
68,454,312,427,Typ Naprawy 16,2022-02-02,NULL,3741.90
69,196,139,28,Typ Naprawy 17,2019-03-09,NULL,6256.53
70,27,210,86,Typ Naprawy 6,2020-04-04,NULL,14076.45
71,610,456,484,Typ Naprawy 7,2020-02-05,2020-04-07,2990.69
72,107,53,378,Typ Naprawy 10,2021-03-25,2023-04-26,7649.36
73,677,292,233,Typ Naprawy 19,2020-01-03,2021-04-22,4563.59
74,816,39,474,Typ Naprawy 4,2023-03-03,2024-03-14,8599.73
75,15,449,405,Typ Naprawy 1,2021-01-05,2022-01-10,3792.83
76,853,144,74,Typ Naprawy 7,2018-03-24,2018-03-24,3155.30
77,51,190,152,Typ Naprawy 15,2022-02-08,2023-03-20,9304.56
78,26,208,483,Typ Naprawy 16,2022-02-14,2022-04-20,10395.90
79,796,154,329,Typ Naprawy 10,2021-01-10,2022-02-18,7414.26
80,525,329,158,Typ Naprawy 10,2019-03-22,2023-03-22,8782.99
81,496,284,423,Typ Naprawy 17,2020-02-20,2023-04-24,1931.64
82,148,274,232,Typ Naprawy 16,2018-01-02,2022-04-10,4926.46
83,441,470,330,Typ Naprawy 19,2022-01-04,2023-03-11,4682.27
84,32,341,56,Typ Naprawy 10,2020-01-17,2021-03-21,7723.02
85,578,268,87,Typ Naprawy 7,2018-01-19,2023-04-25,13888.20
86,502,303,335,Typ Naprawy 12,2019-03-11,2023-04-11,11650.49
87,389,271,152,Typ Naprawy 11,2023-04-07,2024-05-11,126.83
88,345,336,480,Typ Naprawy 20,2019-02-15,2022-04-21,5822.72
89,511,339,56,Typ Naprawy 13,2018-03-05,2018-04-11,5279.33
90,637,83,198,Typ Naprawy 7,2021-03-19,2021-04-21,6948.17
91,495,47,464,Typ Naprawy 11,2019-02-01,2022-02-02,9886.61
92,989,285,239,Typ Naprawy 19,2022-02-02,2023-02-12,9926.17
93,184,408,238,Typ Naprawy 1,2022-02-07,2022-04-12,13600.81
94,910,212,211,Typ Naprawy 20,2021-01-04,2022-02-17,958.07
95,814,187,422,Typ Naprawy 17,2023-02-21,2024-02-22,2598.72
96,391,292,74,Typ Naprawy 18,2021-02-25,2023-02-26,4263.01
97,237,226,138,Typ Naprawy 19,2018-03-06,2020-04-06,9603.77
98,824,376,191,Typ Naprawy 1,2022-01-04,2023-01-09,6063.73
99,854,184,183,Typ Naprawy 12,2023-04-07,2024-05-11,13769.06
100,669,214,19,Typ Naprawy 10,2019-02-02,2019-04-24,4511.29
101,673,143,495,Typ Naprawy 18,2018-02-25,2023-03-26,7434.27
102,982,122,34,Typ Naprawy 2,2019-01-02,2020-03-11,10182.18
103,77,430,418,Typ Naprawy 18,2022-04-19,2023-05-20,1045.38
104,465,103,22,Typ Naprawy 1,2023-04-02,2024-05-06,8400.56
105,432,302,150,Typ Naprawy 19,2022-03-03,2023-04-23,183.21
106,901,323,218,Typ Naprawy 20,2019-03-05,2020-04-08,956.70
107,549,437,304,Typ Naprawy 1,2019-02-25,2020-04-26,13589.90
108,939,10,303,Typ Naprawy 7,2021-03-16,2021-04-17,11886.95
109,102,14,99,Typ Naprawy 17,2020-03-01,2020-04-23,14668.05
110,394,155,92,Typ Naprawy 11,2023-03-17,2024-04-21,4987.39
111,907,124,229,Typ Naprawy 6,2018-04-07,2022-05-20,4572.23
112,526,465,110,Typ Naprawy 9,2022-01-22,2023-03-23,14057.81
113,818,243,457,Typ Naprawy 17,2020-01-11,2021-04-18,5602.64
114,79,135,246,Typ Naprawy 1,2021-02-23,2022-04-24,9410.97
115,375,104,326,Typ Naprawy 3,2019-02-16,2020-03-25,8982.16
116,425,257,63,Typ Naprawy 8,2023-04-24,2024-05-25,1003.99
117,364,357,60,Typ Naprawy 3,2018-01-11,2022-02-19,2168.09
118,23,453,130,Typ Naprawy 4,2021-04-13,2022-05-17,13064.23
119,485,301,157,Typ Naprawy 15,2018-01-11,2018-02-18,882.13
120,265,277,224,Typ Naprawy 8,2020-02-02,2022-02-07,10619.63
121,442,431,429,Typ Naprawy 16,2019-01-24,2022-02-24,3635.49
122,447,182,70,Typ Naprawy 13,2020-02-02,2021-02-25,14937.70
123,532,432,303,Typ Naprawy 20,2020-02-19,2020-02-21,3293.08
124,525,250,396,Typ Naprawy 16,2023-03-08,2024-04-13,351.46
125,161,390,478,Typ Naprawy 14,2019-02-07,2023-03-25,7260.11
126,774,475,461,Typ Naprawy 14,2023-03-11,2024-04-24,8360.09
127,173,201,328,Typ Naprawy 4,2019-03-08,2019-04-17,3246.25
128,705,270,305,Typ Naprawy 8,2023-02-19,2024-02-20,7283.76
129,891,70,307,Typ Naprawy 9,2020-04-21,2023-05-24,7796.23
130,295,198,117,Typ Naprawy 2,2021-04-19,2022-05-22,12114.76
131,990,345,470,Typ Naprawy 19,2020-02-10,2022-04-20,6782.20
132,590,474,68,Typ Naprawy 12,2021-04-18,2021-05-20,9659.25
133,92,456,228,Typ Naprawy 16,2020-01-07,2021-04-20,9154.50
134,734,163,50,Typ Naprawy 12,2019-01-23,2023-04-23,13229.30
135,112,311,331,Typ Naprawy 1,2022-01-18,2022-01-22,9935.26
136,433,80,492,Typ Naprawy 3,2018-01-16,2020-02-20,9024.45
137,914,497,212,Typ Naprawy 12,2020-03-03,2023-04-20,6746.27
138,633,291,129,Typ Naprawy 2,2023-03-20,2024-04-22,1641.52
139,94,191,309,Typ Naprawy 3,2023-03-17,2024-03-19,11885.58
140,281,34,237,Typ Naprawy 12,2023-03-17,2024-04-24,10317.23
141,580,110,94,Typ Naprawy 19,2019-01-17,2022-04-20,10838.80
142,416,235,317,Typ Naprawy 18,2020-03-16,2022-03-22,1287.74
143,464,127,487,Typ Naprawy 15,2022-01-22,2022-04-24,10214.01
144,159,31,106,Typ Naprawy 12,2019-01-08,2023-04-21,1862.52
145,922,65,11,Typ Naprawy 12,2020-03-18,2020-04-23,9869.78
146,400,137,466,Typ Naprawy 4,2021-01-12,2022-03-14,9603.31
147,279,354,98,Typ Naprawy 16,2020-04-20,2022-05-24,143.20
148,33,259,453,Typ Naprawy 9,2019-03-09,2020-04-25,14907.69
149,78,283,184,Typ Naprawy 4,2018-01-09,2019-04-23,3634.13
150,411,83,415,Typ Naprawy 18,2022-01-20,2023-04-22,3289.90
151,273,350,440,Typ Naprawy 14,2019-01-07,2019-01-10,7101.41
152,910,165,290,Typ Naprawy 1,2023-03-13,2024-03-15,7057.76
153,409,499,244,Typ Naprawy 9,2019-01-06,2021-01-19,5308.43
154,243,348,246,Typ Naprawy 5,2023-01-16,2024-02-17,11747.35
155,704,426,280,Typ Naprawy 18,2023-01-12,2024-02-19,10588.25
156,664,198,37,Typ Naprawy 3,2019-04-16,2019-05-18,6847.68
157,266,490,323,Typ Naprawy 15,2019-02-19,2020-03-19,8109.99
158,592,411,494,Typ Naprawy 17,2021-03-06,2021-04-12,13707.67
159,134,104,158,Typ Naprawy 1,2019-02-16,2019-02-25,12187.07
160,246,222,272,Typ Naprawy 13,2023-04-20,2024-05-22,10505.49
161,411,116,76,Typ Naprawy 19,2019-04-16,2020-05-23,9261.36
162,391,161,269,Typ Naprawy 15,2019-04-04,2023-05-17,1175.88
163,396,315,57,Typ Naprawy 11,2021-02-21,2022-04-24,1394.60
164,809,78,81,Typ Naprawy 6,2021-04-20,2022-05-20,8544.71
165,140,258,97,Typ Naprawy 12,2018-03-24,2021-03-25,12563.58
166,581,99,93,Typ Naprawy 16,2022-02-20,2022-04-21,10927.93
167,11,483,111,Typ Naprawy 7,2018-03-07,2022-04-17,12515.38
168,642,93,308,Typ Naprawy 6,2023-03-09,2024-03-14,5747.69
169,740,32,370,Typ Naprawy 10,2022-01-05,2022-02-14,12840.96
170,620,265,188,Typ Naprawy 13,2023-02-23,2024-03-25,5747.24
171,467,267,488,Typ Naprawy 8,2018-03-16,2022-03-24,11394.48
172,649,220,172,Typ Naprawy 6,2019-03-08,2020-03-20,9864.78
173,637,417,360,Typ Naprawy 9,2022-03-14,2022-03-19,2761.51
174,221,338,103,Typ Naprawy 18,2023-02-11,2024-02-20,1664.71
175,99,112,297,Typ Naprawy 10,2021-01-01,2022-01-10,13831.35
176,359,490,171,Typ Naprawy 7,2018-03-08,2019-04-24,1601.05
177,480,309,177,Typ Naprawy 6,2020-04-02,2022-05-15,5300.70
178,549,375,483,Typ Naprawy 16,2020-01-11,2021-04-24,10490.48
179,360,13,310,Typ Naprawy 5,2021-03-05,2023-04-17,10552.78
180,599,260,394,Typ Naprawy 13,2020-04-13,2022-05-18,10214.92
181,217,367,111,Typ Naprawy 4,2022-03-04,2023-04-17,8446.95
182,764,372,456,Typ Naprawy 10,2023-03-12,2024-03-14,177.76
183,993,275,314,Typ Naprawy 17,2022-02-04,2023-03-25,11185.76
184,97,92,174,Typ Naprawy 9,2022-04-07,2022-05-22,9292.74
185,412,424,205,Typ Naprawy 6,2018-02-14,2021-03-15,14020.07
186,339,61,470,Typ Naprawy 14,2020-03-22,2022-04-22,8534.71
187,347,170,159,Typ Naprawy 3,2019-03-01,2023-03-06,5605.82
188,937,193,280,Typ Naprawy 18,2021-04-05,2021-05-21,10334.06
189,841,486,130,Typ Naprawy 20,2021-04-11,2023-05-20,2701.94
190,237,105,132,Typ Naprawy 16,2022-03-13,2023-04-23,1906.63
191,353,163,346,Typ Naprawy 8,2019-04-20,2020-05-25,6106.93
192,287,442,92,Typ Naprawy 3,2020-01-24,2022-02-25,9106.75
193,396,69,446,Typ Naprawy 7,2023-01-09,2024-02-14,12248.45
194,104,134,154,Typ Naprawy 3,2019-03-20,2021-04-21,1748.84
195,342,48,188,Typ Naprawy 12,2018-03-21,2023-04-22,13463.48
196,144,83,393,Typ Naprawy 2,2023-04-13,2024-05-23,13401.18
197,352,18,201,Typ Naprawy 10,2020-03-14,2023-03-15,11779.63
198,517,460,390,Typ Naprawy 15,2022-04-17,2023-05-17,11118.46
199,191,274,189,Typ Naprawy 8,2022-01-11,2022-03-17,10732.40
200,92,449,14,Typ Naprawy 4,2019-01-16,2020-02-20,851.66
201,990,476,117,Typ Naprawy 5,2022-03-09,2022-03-20,7521.12
202,342,310,366,Typ Naprawy 2,2021-02-11,2021-03-25,10693.75
203,754,49,104,Typ Naprawy 16,2019-01-11,2022-01-18,6670.79
204,24,192,8,Typ Naprawy 1,2019-02-21,2021-04-24,5652.20
205,576,476,118,Typ Naprawy 7,2021-01-04,2021-03-17,3295.36
206,727,242,152,Typ Naprawy 18,2021-04-14,2021-05-14,3364.93
207,260,433,96,Typ Naprawy 2,2018-03-18,2018-04-25,9104.48
208,431,238,47,Typ Naprawy 17,2021-04-04,2021-05-23,4030.65
209,323,56,60,Typ Naprawy 11,2020-01-08,2020-03-10,12729.55
210,72,259,418,Typ Naprawy 10,2020-04-22,2020-05-22,4487.65
211,490,164,18,Typ Naprawy 15,2023-03-11,2024-04-15,9736.55
212,315,494,427,Typ Naprawy 7,2019-03-11,2022-04-19,5910.94
213,821,493,193,Typ Naprawy 10,2018-03-19,2022-03-22,14681.69
214,737,465,166,Typ Naprawy 9,2022-03-14,2023-03-14,1556.49
215,6,70,331,Typ Naprawy 16,2018-03-14,2021-04-23,9726.09
216,9,154,432,Typ Naprawy 2,2021-01-15,2023-02-19,7730.75
217,843,33,441,Typ Naprawy 5,2020-04-23,2021-05-24,4155.70
218,381,40,281,Typ Naprawy 4,2019-02-16,2019-02-25,3884.23
219,533,488,435,Typ Naprawy 19,2023-04-08,2024-05-10,3620.94
220,14,453,344,Typ Naprawy 6,2020-03-13,2022-03-16,5234.31
221,311,182,186,Typ Naprawy 5,2021-02-23,2022-04-25,402.39
222,907,69,150,Typ Naprawy 15,2019-01-08,2021-01-15,12344.40
223,606,360,403,Typ Naprawy 4,2023-04-01,2024-05-08,10582.79
224,164,268,439,Typ Naprawy 16,2022-04-21,2022-05-25,4322.13
225,144,80,232,Typ Naprawy 11,2019-04-22,2021-05-22,573.37
226,531,62,309,Typ Naprawy 10,2020-03-24,2023-03-24,14863.13
227,374,490,35,Typ Naprawy 5,2022-04-02,2023-05-15,10885.64
228,857,432,248,Typ Naprawy 9,2022-02-19,2023-03-25,5265.69
229,810,303,448,Typ Naprawy 6,2020-02-01,2021-04-02,8836.65
230,861,200,343,Typ Naprawy 4,2023-03-08,2024-03-08,1617.42
231,954,348,311,Typ Naprawy 6,2022-03-10,2022-04-21,10723.30
232,848,264,374,Typ Naprawy 3,2023-03-14,2024-04-18,2670.11
233,671,417,107,Typ Naprawy 5,2023-04-16,2024-05-23,10107.15
234,919,106,76,Typ Naprawy 15,2019-01-16,2023-02-24,1330.94
235,14,374,119,Typ Naprawy 10,2018-03-24,2022-03-24,3909.24
236,609,231,54,Typ Naprawy 20,2020-04-24,2021-05-24,6303.82
237,175,391,62,Typ Naprawy 9,2018-04-02,2022-05-06,3414.95
238,416,424,308,Typ Naprawy 2,2020-04-14,2021-05-18,13412.10
239,588,124,204,Typ Naprawy 16,2018-02-07,2023-03-09,8806.18
240,510,480,3,Typ Naprawy 15,2023-03-22,2024-04-25,5960.05
241,213,298,455,Typ Naprawy 7,2021-02-08,2022-04-10,8753.43
242,920,435,491,Typ Naprawy 8,2020-04-04,2023-05-14,1239.09
243,582,378,10,Typ Naprawy 9,2019-01-15,2019-03-22,8662.94
244,287,348,266,Typ Naprawy 9,2019-02-17,2019-02-24,4685.00
245,778,412,19,Typ Naprawy 18,2023-02-12,2024-02-19,13429.38
246,9,399,440,Typ Naprawy 18,2021-03-07,2022-03-19,131.38
247,791,373,159,Typ Naprawy 6,2020-04-01,2022-05-13,3504.99
248,359,184,108,Typ Naprawy 9,2021-02-02,2021-02-10,13733.13
249,558,103,127,Typ Naprawy 16,2022-01-06,2022-01-18,10169.45
250,499,86,356,Typ Naprawy 11,2018-04-19,2019-05-20,13609.90
251,303,301,498,Typ Naprawy 2,2018-01-09,2022-02-10,1748.38
252,855,16,357,Typ Naprawy 7,2023-02-20,2024-03-20,14376.12
253,643,250,356,Typ Naprawy 2,2019-04-06,2019-05-12,3594.57
254,60,243,34,Typ Naprawy 6,2018-02-05,2019-02-20,4783.22
255,94,243,384,Typ Naprawy 5,2023-01-24,2024-03-24,10681.92
256,44,468,211,Typ Naprawy 9,2018-01-12,2018-02-22,3437.69
257,645,286,138,Typ Naprawy 14,2018-04-22,2020-05-22,3218.96
258,478,368,137,Typ Naprawy 20,2022-01-03,2023-01-05,14076.00
259,4,375,198,Typ Naprawy 19,2023-03-07,2024-04-20,2999.33
260,500,189,297,Typ Naprawy 7,2020-02-19,2022-04-22,8477.87
261,904,282,142,Typ Naprawy 4,2019-03-02,2022-04-24,13683.11
262,653,240,340,Typ Naprawy 19,2023-02-06,2024-03-07,9821.58
263,959,45,227,Typ Naprawy 14,2021-01-05,2023-01-15,7914.92
264,110,122,17,Typ Naprawy 11,2020-02-20,2022-04-20,10691.02
265,721,354,379,Typ Naprawy 2,2023-02-14,2024-03-24,10584.61
266,416,73,258,Typ Naprawy 3,2019-01-20,2021-01-25,9535.56
267,804,440,115,Typ Naprawy 14,2023-04-02,2024-05-21,6045.99
268,281,164,292,Typ Naprawy 17,2021-01-06,2023-02-23,4147.97
269,592,401,387,Typ Naprawy 4,2019-04-05,2019-05-08,2010.76
270,718,287,435,Typ Naprawy 14,2022-04-01,2023-05-01,3908.78
271,770,319,449,Typ Naprawy 19,2023-04-22,2024-05-25,14998.64
272,797,387,100,Typ Naprawy 1,2019-01-03,2020-01-21,10252.66
273,604,10,11,Typ Naprawy 18,2021-02-21,2023-02-25,237.78
274,684,436,289,Typ Naprawy 13,2022-02-07,2023-03-20,12716.37
275,51,57,465,Typ Naprawy 1,2022-03-12,2023-04-13,140.02
276,672,294,465,Typ Naprawy 9,2021-03-19,2023-03-19,7827.61
277,215,441,216,Typ Naprawy 12,2020-04-08,2020-05-19,3696.88
278,750,403,426,Typ Naprawy 17,2020-03-24,2023-03-25,13288.87
279,948,458,206,Typ Naprawy 11,2021-01-13,2023-03-17,12395.79
280,227,481,74,Typ Naprawy 18,2021-04-20,2023-05-21,14913.15
281,572,393,363,Typ Naprawy 9,2023-03-16,2024-04-20,7378.80
282,388,348,434,Typ Naprawy 12,2019-02-25,2019-04-26,11151.20
283,736,247,430,Typ Naprawy 7,2022-04-16,2022-05-24,8744.34
284,797,73,391,Typ Naprawy 20,2020-04-02,2021-05-22,14487.07
285,583,425,434,Typ Naprawy 16,2020-03-21,2023-03-24,7677.10
286,942,495,221,Typ Naprawy 6,2021-01-05,2021-04-08,8364.64
287,296,70,158,Typ Naprawy 17,2023-01-23,2024-02-23,10561.88
288,927,348,326,Typ Naprawy 14,2021-01-18,2023-02-25,4892.35
289,820,2,489,Typ Naprawy 19,2019-03-03,2023-03-12,4931.46
290,626,123,107,Typ Naprawy 2,2022-01-19,2023-01-23,5072.88
291,14,233,472,Typ Naprawy 9,2021-03-14,2021-03-14,10783.33
292,234,270,334,Typ Naprawy 7,2022-02-19,2023-03-24,1280.47
293,803,187,396,Typ Naprawy 8,2022-03-04,2023-03-11,14384.30
294,957,124,486,Typ Naprawy 16,2022-02-01,2022-02-06,13302.96
295,979,381,342,Typ Naprawy 11,2022-03-03,2022-04-15,1925.72
296,69,76,253,Typ Naprawy 14,2022-04-19,2023-05-22,652.95
297,234,272,289,Typ Naprawy 4,2021-02-21,2022-02-23,14303.81
298,999,246,415,Typ Naprawy 11,2021-04-24,2021-05-24,9912.98
299,422,365,409,Typ Naprawy 5,2023-04-04,2024-05-24,12756.84
300,139,243,80,Typ Naprawy 18,2021-02-09,2023-04-23,5016.04
301,460,7,293,Typ Naprawy 2,2019-04-23,2019-05-23,5889.11
302,395,201,343,Typ Naprawy 7,2021-02-14,2023-03-20,1436.44
303,150,332,202,Typ Naprawy 8,2018-04-22,2019-05-23,4134.78
304,91,367,420,Typ Naprawy 3,2019-04-18,2023-05-25,10923.84
305,881,152,190,Typ Naprawy 8,2023-02-11,2024-04-18,9412.33
306,902,70,197,Typ Naprawy 6,2020-01-02,2022-03-04,8518.34
307,281,88,261,Typ Naprawy 16,2018-02-04,2020-04-20,3516.81
308,8,193,54,Typ Naprawy 20,2020-01-02,2021-02-11,333.27
309,878,495,113,Typ Naprawy 20,2020-04-11,2023-05-13,7307.40
310,455,140,186,Typ Naprawy 11,2023-01-02,2024-01-13,8589.28
311,662,47,495,Typ Naprawy 20,2021-02-11,2022-03-11,860.30
312,60,154,423,Typ Naprawy 4,2020-02-07,2023-03-12,4937.37
313,598,76,65,Typ Naprawy 11,2019-02-16,2021-03-23,1368.23
314,224,443,320,Typ Naprawy 10,2022-04-13,2023-05-19,2078.51
315,344,260,12,Typ Naprawy 14,2021-03-03,2021-04-16,305.08
316,464,133,354,Typ Naprawy 7,2018-01-20,2020-01-23,10701.48
317,489,311,490,Typ Naprawy 17,2019-02-17,2021-04-21,1063.11
318,523,156,130,Typ Naprawy 6,2021-04-25,2021-05-26,2408.64
319,885,438,369,Typ Naprawy 1,2022-03-07,2023-04-21,3671.42
320,647,186,34,Typ Naprawy 15,2018-03-15,2021-03-25,13179.28
321,749,261,227,Typ Naprawy 16,2020-01-06,2021-03-19,5823.18
322,296,138,286,Typ Naprawy 11,2020-02-13,2022-04-15,10768.78
323,158,347,46,Typ Naprawy 16,2018-04-19,2022-05-21,7256.47
324,275,480,58,Typ Naprawy 3,2021-04-21,2023-05-23,5220.21
325,523,349,57,Typ Naprawy 18,2021-01-09,2021-02-22,6919.52
326,397,360,333,Typ Naprawy 16,2020-03-07,2020-03-11,14314.27
327,144,208,496,Typ Naprawy 3,2022-01-20,2023-04-25,11464.96
328,358,449,223,Typ Naprawy 3,2022-04-08,2022-05-14,13950.95
329,771,334,350,Typ Naprawy 16,2021-03-21,2021-04-25,12181.61
330,245,170,455,Typ Naprawy 1,2023-02-08,2024-02-18,9196.33
331,131,127,477,Typ Naprawy 19,2023-03-18,2024-04-18,5558.53
332,797,341,180,Typ Naprawy 19,2023-01-17,2024-03-25,13342.07
333,26,380,181,Typ Naprawy 20,2023-01-02,2024-02-15,14871.77
334,694,388,27,Typ Naprawy 4,2018-03-19,2018-03-19,12553.12
335,192,382,185,Typ Naprawy 3,2018-01-18,2020-03-21,1558.76
336,25,65,305,Typ Naprawy 5,2023-02-22,2024-02-24,8043.60
337,819,98,419,Typ Naprawy 18,2021-01-08,2023-01-20,14272.89
338,445,421,198,Typ Naprawy 6,2018-03-06,2022-04-15,5273.42
339,393,150,468,Typ Naprawy 20,2019-03-11,2019-04-21,5082.43
340,583,24,171,Typ Naprawy 10,2020-01-14,2022-02-19,10500.49
341,517,287,41,Typ Naprawy 7,2018-02-17,2019-04-25,9298.65
342,340,233,226,Typ Naprawy 11,2021-03-16,2021-03-19,8074.98
343,4,195,327,Typ Naprawy 17,2022-03-09,2023-03-18,12054.29
344,66,473,37,Typ Naprawy 1,2019-04-01,2019-05-12,13326.15
345,740,112,306,Typ Naprawy 18,2018-03-23,2018-04-25,13086.97
346,519,342,221,Typ Naprawy 6,2021-02-24,2021-03-25,9189.97
347,912,62,416,Typ Naprawy 4,2023-04-12,2024-05-21,8468.77
348,391,395,98,Typ Naprawy 14,2021-02-24,2021-02-25,6754.91
349,730,309,60,Typ Naprawy 11,2021-02-03,2021-02-13,9882.52
350,866,416,130,Typ Naprawy 10,2023-01-16,2024-02-25,5813.63
351,116,155,277,Typ Naprawy 4,2019-03-06,2019-03-21,2550.06
352,401,262,33,Typ Naprawy 20,2022-03-25,2022-04-26,9043.55
353,440,346,151,Typ Naprawy 20,2023-03-24,2024-03-24,6473.44
354,214,306,111,Typ Naprawy 12,2020-02-22,2023-03-23,11704.15
355,691,257,340,Typ Naprawy 12,2023-02-23,2024-04-25,6878.60
356,750,206,309,Typ Naprawy 5,2018-03-01,2023-04-22,10646.00
357,855,433,442,Typ Naprawy 6,2022-02-01,2022-02-22,10086.23
358,85,383,148,Typ Naprawy 14,2021-01-19,2023-04-21,9985.28
359,469,90,449,Typ Naprawy 18,2021-03-07,2023-03-12,14730.80
360,368,33,92,Typ Naprawy 17,2018-03-18,2023-04-22,8630.20
361,52,225,157,Typ Naprawy 16,2021-01-14,2023-02-15,10500.94
362,907,238,315,Typ Naprawy 8,2022-01-08,2023-03-25,1547.39
363,3,428,491,Typ Naprawy 16,2018-01-11,2020-02-17,7409.26
364,247,377,230,Typ Naprawy 10,2020-01-21,2022-02-24,2363.62
365,84,453,490,Typ Naprawy 3,2022-02-23,2023-03-23,6895.42
366,190,305,461,Typ Naprawy 14,2019-03-24,2019-03-24,8895.76
367,945,61,124,Typ Naprawy 3,2023-01-24,2024-03-25,7005.47
368,599,396,118,Typ Naprawy 14,2022-03-20,2023-03-25,7733.48
369,428,469,399,Typ Naprawy 6,2021-04-18,2022-05-20,8180.02
370,129,189,109,Typ Naprawy 1,2022-02-22,2023-02-25,7038.21
371,10,413,283,Typ Naprawy 9,2019-01-04,2021-04-22,2767.42
372,133,119,90,Typ Naprawy 15,2021-02-02,2021-03-16,5629.01
373,501,433,68,Typ Naprawy 11,2019-04-22,2020-05-24,2624.18
374,413,161,342,Typ Naprawy 9,2023-03-14,2024-04-16,13764.51
375,702,402,314,Typ Naprawy 5,2021-04-23,2021-05-25,3920.61
376,127,252,94,Typ Naprawy 7,2022-03-02,2023-04-07,1151.78
377,102,104,241,Typ Naprawy 18,2020-01-23,2021-01-25,4349.87
378,193,92,338,Typ Naprawy 10,2019-03-02,2022-03-20,12909.62
379,495,367,278,Typ Naprawy 13,2018-01-06,2022-03-14,2411.83
380,99,107,347,Typ Naprawy 10,2020-02-20,2020-02-24,4986.03
381,986,455,182,Typ Naprawy 12,2019-03-03,2019-03-22,8580.64
382,987,461,304,Typ Naprawy 14,2021-02-02,2021-02-12,2554.16
383,365,401,381,Typ Naprawy 20,2021-04-23,2023-05-23,9027.18
384,456,358,121,Typ Naprawy 8,2018-01-10,2022-01-14,9084.47
385,364,186,442,Typ Naprawy 19,2018-01-16,2019-01-18,7925.83
386,750,63,46,Typ Naprawy 12,2022-03-12,2022-03-12,5649.93
387,838,295,166,Typ Naprawy 8,2021-01-07,2023-02-22,5950.50
388,235,225,300,Typ Naprawy 2,2022-04-20,2022-05-24,6509.36
389,673,166,370,Typ Naprawy 12,2019-02-02,2021-02-18,5895.03
390,693,326,147,Typ Naprawy 11,2018-04-22,2020-05-25,7223.73
391,90,196,164,Typ Naprawy 9,2019-01-14,2021-03-22,9013.08
392,860,125,242,Typ Naprawy 17,2018-03-24,2018-03-24,8391.02
393,957,272,230,Typ Naprawy 18,2018-02-15,2023-03-16,1108.58
394,607,348,31,Typ Naprawy 12,2018-03-14,2020-03-14,13256.13
395,774,26,246,Typ Naprawy 15,2019-02-01,2023-02-14,8206.40
396,234,231,308,Typ Naprawy 18,2021-03-06,2023-04-08,3521.36
397,200,25,360,Typ Naprawy 9,2021-04-14,2022-05-23,12514.47
398,645,104,106,Typ Naprawy 3,2023-01-10,2024-01-22,1679.72
399,113,369,328,Typ Naprawy 1,2023-03-25,2024-03-26,9499.18
400,340,476,14,Typ Naprawy 8,2018-02-14,2021-04-16,7269.21
401,106,72,492,Typ Naprawy 6,2022-02-19,2023-04-25,14761.27
402,642,45,113,Typ Naprawy 19,2018-03-11,2023-04-19,5296.15
403,492,372,401,Typ Naprawy 18,2022-03-01,2023-03-20,6142.85
404,609,467,265,Typ Naprawy 2,2019-04-05,2019-05-18,11223.05
405,670,76,266,Typ Naprawy 9,2020-03-11,2022-04-18,3054.35
406,242,137,207,Typ Naprawy 10,2019-03-11,2019-04-19,7654.36
407,533,308,344,Typ Naprawy 17,2019-01-25,2023-02-26,13096.06
408,880,39,24,Typ Naprawy 15,2019-02-01,2020-04-20,10042.12
409,876,409,183,Typ Naprawy 3,2020-01-25,2022-04-26,11937.88
410,574,248,42,Typ Naprawy 12,2020-01-01,2020-01-09,10892.01
411,581,178,125,Typ Naprawy 8,2022-04-13,2022-05-22,7653.91
412,556,441,233,Typ Naprawy 7,2023-01-16,2024-01-25,6337.47
413,249,312,402,Typ Naprawy 6,2018-04-23,2018-05-25,9318.20
414,998,371,417,Typ Naprawy 11,2022-01-06,2023-03-24,1285.47
415,128,497,262,Typ Naprawy 9,2018-04-09,2018-05-19,14223.33
416,905,460,313,Typ Naprawy 12,2023-02-08,2024-04-13,6153.31
417,386,229,406,Typ Naprawy 1,2018-02-17,2023-02-18,11690.05
418,678,157,154,Typ Naprawy 7,2022-02-23,2023-04-25,7604.34
419,862,85,32,Typ Naprawy 8,2022-01-06,2022-01-11,12413.52
420,292,432,453,Typ Naprawy 6,2020-02-02,2021-02-02,10167.17
421,855,145,165,Typ Naprawy 17,2021-04-12,2023-05-22,14073.72
422,613,445,32,Typ Naprawy 1,2019-03-21,2023-03-21,7815.79
423,496,136,490,Typ Naprawy 16,2019-03-25,2020-03-26,10693.29
424,426,292,155,Typ Naprawy 19,2023-03-01,2024-04-24,13185.64
425,829,56,138,Typ Naprawy 16,2018-04-13,2022-05-13,6119.66
426,611,248,238,Typ Naprawy 14,2022-02-02,2022-04-18,13339.34
427,989,439,308,Typ Naprawy 8,2018-02-10,2022-03-25,9488.72
428,486,332,368,Typ Naprawy 6,2022-01-07,2022-01-23,2159.00
429,791,265,472,Typ Naprawy 4,2023-03-16,2024-04-20,10595.98
430,450,61,333,Typ Naprawy 13,2020-03-24,2020-04-24,11897.86
431,982,213,416,Typ Naprawy 12,2023-03-22,2024-03-25,2255.85
432,144,194,175,Typ Naprawy 17,2018-03-22,2020-03-25,9979.37
433,719,460,445,Typ Naprawy 4,2018-04-13,2020-05-21,13408.46
434,80,314,191,Typ Naprawy 1,2022-02-01,2022-02-11,8760.25
435,471,243,412,Typ Naprawy 12,2018-03-17,2019-04-25,6619.40
436,179,103,19,Typ Naprawy 20,2023-03-18,2024-03-18,6689.43
437,711,228,444,Typ Naprawy 10,2022-02-07,2022-04-15,4473.10
438,883,69,245,Typ Naprawy 9,2020-04-24,2022-05-24,11320.81
439,695,424,385,Typ Naprawy 20,2019-02-04,2020-03-21,5905.03
440,104,116,17,Typ Naprawy 17,2023-01-08,2024-02-09,13174.28
441,21,62,295,Typ Naprawy 17,2022-03-01,2022-04-02,13497.59
442,166,447,2,Typ Naprawy 20,2022-02-15,2023-02-21,3118.92
443,467,290,218,Typ Naprawy 18,2023-03-15,2024-04-25,1753.38
444,944,118,296,Typ Naprawy 17,2020-03-09,2021-04-21,10354.52
445,55,81,500,Typ Naprawy 15,2023-02-15,2024-03-15,2371.36
446,962,424,20,Typ Naprawy 4,2020-02-07,2023-02-19,5539.88
447,22,169,313,Typ Naprawy 20,2022-02-03,2022-04-21,13448.93
448,447,323,417,Typ Naprawy 16,2018-01-23,2019-01-25,14056.44
449,66,370,162,Typ Naprawy 6,2018-03-13,2019-03-16,4840.97
450,184,380,368,Typ Naprawy 5,2021-03-10,2021-03-18,5093.80
451,995,471,105,Typ Naprawy 9,2020-03-16,2023-04-16,1148.14
452,462,343,297,Typ Naprawy 16,2019-01-13,2021-04-16,7776.68
453,130,297,351,Typ Naprawy 15,2018-04-03,2022-05-16,2663.74
454,565,228,181,Typ Naprawy 18,2023-03-05,2024-04-05,8425.57
455,526,92,15,Typ Naprawy 2,2022-02-08,2023-03-17,10542.32
456,489,34,29,Typ Naprawy 15,2022-04-04,2023-05-17,14120.56
457,942,373,104,Typ Naprawy 16,2023-03-05,2024-03-10,3412.22
458,358,464,173,Typ Naprawy 13,2019-04-09,2019-05-13,2942.95
459,392,438,327,Typ Naprawy 12,2019-02-20,2019-04-20,9536.47
460,410,495,269,Typ Naprawy 11,2020-02-16,2022-04-24,12023.82
461,281,101,473,Typ Naprawy 7,2019-02-16,2019-02-18,2824.72
462,413,184,498,Typ Naprawy 16,2021-03-22,2022-03-22,10721.49
463,498,143,286,Typ Naprawy 9,2022-01-08,2022-04-17,12482.64
464,508,441,36,Typ Naprawy 18,2019-02-13,2023-03-15,10345.43
465,521,336,322,Typ Naprawy 18,2020-02-11,2023-04-25,13779.97
466,179,24,154,Typ Naprawy 6,2020-03-13,2020-03-18,13569.89
467,780,302,330,Typ Naprawy 3,2022-04-14,2023-05-19,7249.65
468,228,487,83,Typ Naprawy 1,2021-04-03,2023-05-23,14738.99
469,394,234,413,Typ Naprawy 4,2020-03-19,2021-04-24,8681.58
470,881,489,95,Typ Naprawy 6,2020-01-18,2021-04-21,11416.31
471,975,440,485,Typ Naprawy 15,2019-04-01,2019-05-13,12465.36
472,636,5,319,Typ Naprawy 8,2020-01-19,2023-02-21,4681.82
473,122,84,325,Typ Naprawy 4,2022-02-02,2023-04-06,2040.32
474,577,369,450,Typ Naprawy 12,2019-03-03,2021-03-03,6799.93
475,880,489,441,Typ Naprawy 10,2019-01-13,2023-03-16,3709.61
476,898,49,449,Typ Naprawy 20,2019-01-21,2019-03-23,285.07
477,19,257,222,Typ Naprawy 1,2023-04-13,2024-05-20,832.56
478,273,323,274,Typ Naprawy 14,2019-03-10,2020-03-10,13726.77
479,14,19,236,Typ Naprawy 5,2018-03-05,2018-03-22,6206.06
480,840,440,497,Typ Naprawy 12,2020-03-03,2022-03-14,7950.39
481,892,417,255,Typ Naprawy 14,2021-03-24,2021-03-24,4720.01
482,554,103,183,Typ Naprawy 3,2023-01-07,2024-03-13,2872.46
483,669,125,18,Typ Naprawy 7,2019-01-18,2023-02-23,3377.66
484,204,326,500,Typ Naprawy 10,2020-01-18,2022-02-25,13900.47
485,538,347,261,Typ Naprawy 8,2022-04-15,2022-05-20,7225.55
486,525,91,226,Typ Naprawy 6,2019-04-19,2021-05-22,595.65
487,444,490,443,Typ Naprawy 16,2018-04-23,2020-05-23,3521.36
488,73,124,358,Typ Naprawy 4,2021-01-03,2023-04-23,8353.73
489,958,198,472,Typ Naprawy 9,2022-04-11,2023-05-16,1130.86
490,927,330,100,Typ Naprawy 17,2023-02-08,2024-04-17,441.95
491,229,87,456,Typ Naprawy 7,2021-04-21,2023-05-24,3368.11
492,863,424,243,Typ Naprawy 1,2023-03-17,2024-03-21,764.81
493,174,132,479,Typ Naprawy 5,2018-01-22,2019-04-25,13701.76
494,206,104,443,Typ Naprawy 18,2022-02-16,2022-02-20,8899.85
495,420,114,180,Typ Naprawy 11,2019-01-07,2020-01-12,11975.16
496,992,309,57,Typ Naprawy 6,2020-03-10,2020-03-13,8902.13
497,233,186,343,Typ Naprawy 15,2018-03-04,2021-04-18,11099.36
498,620,87,184,Typ Naprawy 7,2023-01-25,2024-02-26,3294.45
499,754,81,100,Typ Naprawy 18,2021-01-12,2023-01-18,7826.25
500,820,431,367,Typ Naprawy 13,2023-02-17,2024-03-19,11984.26
501,261,2,185,Typ Naprawy 13,2018-02-02,2019-04-16,10496.40
502,642,161,77,Typ Naprawy 17,2023-04-02,2024-05-02,4372.15
503,274,184,467,Typ Naprawy 14,2021-01-24,2023-03-25,7483.38
504,151,498,168,Typ Naprawy 6,2021-01-24,2021-04-24,14550.73
505,459,442,445,Typ Naprawy 8,2023-03-05,2024-04-19,844.39
506,591,6,253,Typ Naprawy 2,2023-03-24,2024-03-25,11673.68
507,820,350,410,Typ Naprawy 13,2022-02-22,2022-02-25,14364.29
508,800,230,10,Typ Naprawy 3,2023-02-12,2024-03-12,2681.48
509,534,205,90,Typ Naprawy 19,2021-03-22,2023-03-25,10809.25
510,811,431,395,Typ Naprawy 12,2019-02-11,2022-03-15,4234.82
511,728,357,279,Typ Naprawy 15,2023-01-10,2024-02-25,11087.08
512,676,74,177,Typ Naprawy 8,2021-03-19,2022-03-22,13747.69
513,48,200,79,Typ Naprawy 2,2019-03-19,2023-03-19,14233.79
514,22,243,428,Typ Naprawy 20,2023-02-20,2024-04-21,8023.14
515,893,475,295,Typ Naprawy 13,2018-04-08,2022-05-23,2364.99
516,956,138,407,Typ Naprawy 18,2019-03-06,2019-04-10,11902.86
517,358,423,158,Typ Naprawy 10,2020-01-05,2022-04-10,11632.30
518,726,73,480,Typ Naprawy 19,2023-02-23,2024-02-24,546.54
519,563,328,218,Typ Naprawy 1,2020-02-04,2021-04-14,3683.69
520,36,105,425,Typ Naprawy 19,2022-02-04,2023-02-10,13998.24
521,6,491,207,Typ Naprawy 6,2022-02-10,2023-04-12,7887.18
522,272,495,418,Typ Naprawy 11,2018-03-01,2019-03-24,11638.21
523,254,242,7,Typ Naprawy 4,2021-01-25,2021-01-26,12546.30
524,452,407,198,Typ Naprawy 8,2023-03-18,2024-04-21,9135.86
525,286,219,379,Typ Naprawy 12,2021-01-03,2021-04-05,1140.41
526,453,454,185,Typ Naprawy 13,2021-04-24,2022-05-25,12061.11
527,932,455,352,Typ Naprawy 15,2023-04-17,2024-05-24,6521.64
528,756,162,222,Typ Naprawy 11,2022-03-05,2022-04-25,12237.09
529,966,142,81,Typ Naprawy 2,2022-04-01,2023-05-10,1055.83
530,649,191,290,Typ Naprawy 10,2019-02-09,2023-03-24,8530.16
531,234,136,362,Typ Naprawy 5,2022-04-17,2023-05-24,4881.90
532,2,368,382,Typ Naprawy 20,2023-02-06,2024-03-10,3441.78
533,401,39,81,Typ Naprawy 11,2018-04-11,2018-05-20,12648.61
534,759,472,265,Typ Naprawy 19,2019-03-16,2020-03-18,11298.99
535,386,158,432,Typ Naprawy 8,2023-03-19,2024-03-24,14557.10
536,687,85,359,Typ Naprawy 13,2019-01-04,2020-04-18,4318.04
537,240,321,144,Typ Naprawy 18,2022-01-11,2023-03-19,3852.40
538,865,394,344,Typ Naprawy 2,2018-04-19,2023-05-24,9805.67
539,23,473,133,Typ Naprawy 14,2019-02-05,2023-02-22,1496.46
540,179,242,244,Typ Naprawy 11,2018-03-02,2023-04-04,12897.80
541,72,352,359,Typ Naprawy 5,2019-03-15,2022-04-18,1625.15
542,246,309,242,Typ Naprawy 14,2022-01-01,2023-03-15,9931.17
543,837,333,468,Typ Naprawy 14,2018-01-04,2019-01-15,6174.68
544,685,421,337,Typ Naprawy 19,2020-01-11,2020-01-25,3811.93
545,878,225,384,Typ Naprawy 8,2021-03-14,2021-03-25,6953.63
546,227,224,262,Typ Naprawy 4,2022-04-09,2022-05-22,156.39
547,338,437,156,Typ Naprawy 4,2021-01-09,2023-03-14,7914.01
548,374,118,232,Typ Naprawy 5,2019-02-22,2022-02-24,13551.70
549,256,448,346,Typ Naprawy 7,2021-02-05,2021-04-07,7673.46
550,422,484,470,Typ Naprawy 11,2021-01-12,2023-04-12,4476.74
551,850,44,400,Typ Naprawy 18,2023-01-23,2024-04-25,14372.02
552,527,221,1,Typ Naprawy 9,2018-03-18,2021-04-21,10518.22
553,909,430,356,Typ Naprawy 17,2020-03-11,2020-03-23,2956.13
554,288,383,359,Typ Naprawy 2,2019-01-10,2020-01-18,14861.31
555,954,479,183,Typ Naprawy 19,2019-02-10,2021-03-15,10670.10
556,698,389,218,Typ Naprawy 3,2021-02-15,2021-02-16,1992.57
557,976,357,296,Typ Naprawy 11,2022-02-06,2022-02-14,5473.95
558,106,490,463,Typ Naprawy 1,2021-04-22,2021-05-25,5809.99
559,35,436,132,Typ Naprawy 12,2022-04-19,2022-05-22,6100.11
560,254,369,75,Typ Naprawy 19,2022-02-02,2022-03-18,3191.23
561,298,357,228,Typ Naprawy 1,2023-04-16,2024-05-17,9605.13
562,995,67,50,Typ Naprawy 9,2022-04-01,2023-05-15,2601.90
563,562,316,416,Typ Naprawy 1,2019-04-11,2020-05-23,6590.76
564,39,313,48,Typ Naprawy 18,2018-02-01,2021-03-17,7631.17
565,214,186,120,Typ Naprawy 20,2022-01-18,2022-02-20,10886.55
566,921,311,408,Typ Naprawy 3,2020-03-24,2020-03-25,3483.16
567,686,203,328,Typ Naprawy 1,2021-04-24,2022-05-25,1873.89
568,580,264,444,Typ Naprawy 10,2019-02-19,2023-03-24,1176.79
569,601,121,333,Typ Naprawy 12,2019-01-01,2020-03-10,5473.95
570,461,416,450,Typ Naprawy 6,2020-04-11,2023-05-14,10490.94
571,498,482,313,Typ Naprawy 18,2021-04-12,2022-05-16,4129.33
572,850,356,484,Typ Naprawy 8,2018-03-10,2023-04-20,9991.65
573,881,495,22,Typ Naprawy 3,2021-03-06,2022-03-23,10118.97
574,275,213,160,Typ Naprawy 8,2018-02-09,2021-03-12,13860.46
575,204,2,173,Typ Naprawy 20,2020-03-21,2020-04-23,3542.73
576,888,217,113,Typ Naprawy 11,2018-01-16,2020-04-25,1260.91
577,885,252,306,Typ Naprawy 17,2023-02-01,2024-04-14,1617.87
578,145,354,214,Typ Naprawy 20,2020-04-12,2020-05-12,5911.40
579,717,23,17,Typ Naprawy 7,2020-02-23,2022-04-24,11668.22
580,563,262,137,Typ Naprawy 11,2019-02-11,2023-03-11,14318.82
581,670,142,330,Typ Naprawy 1,2023-01-21,2024-02-25,9955.27
582,430,486,441,Typ Naprawy 10,2020-04-22,2020-05-23,3462.70
583,161,220,324,Typ Naprawy 6,2021-03-22,2021-04-23,13319.79
584,837,221,152,Typ Naprawy 4,2021-01-11,2022-03-19,13233.39
585,117,368,355,Typ Naprawy 5,2019-04-23,2020-05-24,10780.14
586,975,34,488,Typ Naprawy 10,2021-02-08,2021-04-12,5669.94
587,786,202,190,Typ Naprawy 14,2020-01-12,2020-03-12,12783.21
588,641,129,187,Typ Naprawy 16,2022-04-14,2023-05-18,2395.00
589,150,375,358,Typ Naprawy 10,2023-03-13,2024-04-22,447.87
590,374,164,227,Typ Naprawy 4,2021-04-05,2021-05-14,430.59
591,384,434,164,Typ Naprawy 3,2018-02-11,2022-03-23,9979.83
592,849,229,112,Typ Naprawy 4,2019-02-25,2021-02-26,459.69
593,963,395,326,Typ Naprawy 11,2023-04-22,2024-05-25,3566.83
594,723,260,372,Typ Naprawy 4,2018-04-16,2018-05-16,5862.74
595,284,223,26,Typ Naprawy 6,2018-01-23,2021-01-24,2967.50
596,410,207,229,Typ Naprawy 6,2020-04-08,2022-05-10,11875.58
597,180,151,290,Typ Naprawy 2,2023-04-24,2024-05-24,8873.02
598,766,422,245,Typ Naprawy 6,2020-04-13,2020-05-17,6691.25
599,206,103,415,Typ Naprawy 19,2021-02-11,2022-04-18,1414.16
600,768,302,230,Typ Naprawy 5,2020-03-15,2023-04-15,8572.00
601,373,189,473,Typ Naprawy 3,2018-03-15,2020-04-23,582.92
602,388,429,204,Typ Naprawy 16,2022-01-12,2022-04-17,10451.38
603,916,25,316,Typ Naprawy 17,2021-03-07,2023-03-16,13324.33
604,541,124,41,Typ Naprawy 2,2019-02-18,2022-04-22,1424.16
605,289,458,306,Typ Naprawy 8,2019-03-23,2023-03-25,6544.83
606,618,291,476,Typ Naprawy 11,2019-02-09,2023-03-22,8844.83
607,509,363,44,Typ Naprawy 18,2023-04-16,2024-05-25,4554.95
608,143,167,433,Typ Naprawy 14,2018-04-17,2023-05-21,5466.22
609,806,186,332,Typ Naprawy 6,2019-04-16,2019-05-19,2530.05
610,232,449,107,Typ Naprawy 3,2023-02-10,2024-04-10,9554.66
611,708,198,454,Typ Naprawy 19,2020-01-03,2020-04-11,2012.58
612,611,151,384,Typ Naprawy 16,2020-04-18,2022-05-19,8277.33
613,49,167,384,Typ Naprawy 10,2018-02-15,2023-03-15,11197.58
614,287,208,85,Typ Naprawy 18,2023-01-23,2024-02-23,13260.22
615,169,75,371,Typ Naprawy 6,2019-02-02,2021-02-10,12251.64
616,84,88,465,Typ Naprawy 8,2018-03-04,2018-04-20,13714.04
617,308,148,261,Typ Naprawy 6,2018-03-14,2022-04-23,11565.91
618,509,228,165,Typ Naprawy 20,2020-03-08,2022-04-12,11750.98
619,477,71,86,Typ Naprawy 19,2021-04-07,2022-05-09,866.67
620,232,44,5,Typ Naprawy 5,2022-02-02,2022-02-07,2205.38
621,558,396,161,Typ Naprawy 5,2019-01-21,2020-04-24,12424.89
622,951,356,145,Typ Naprawy 12,2019-02-13,2022-02-14,1084.94
623,220,233,370,Typ Naprawy 4,2022-03-04,2023-04-18,6719.44
624,427,119,425,Typ Naprawy 12,2023-01-16,2024-04-21,13888.65
625,162,303,345,Typ Naprawy 12,2022-03-16,2023-04-18,9827.95
626,71,126,299,Typ Naprawy 5,2019-02-25,2019-02-26,11193.49
627,216,486,79,Typ Naprawy 15,2018-03-17,2021-03-25,10567.79
628,508,73,125,Typ Naprawy 13,2020-04-17,2020-05-17,2099.43
629,554,437,156,Typ Naprawy 7,2020-02-08,2022-02-20,3286.26
630,32,49,190,Typ Naprawy 14,2020-02-04,2022-03-23,11766.90
631,563,282,460,Typ Naprawy 11,2023-03-04,2024-04-16,4647.26
632,784,168,87,Typ Naprawy 5,2019-04-25,2022-05-26,6201.06
633,550,357,178,Typ Naprawy 8,2018-02-11,2022-02-23,14320.19
634,223,441,302,Typ Naprawy 19,2022-01-20,2022-03-25,8737.52
635,294,6,468,Typ Naprawy 6,2021-04-09,2023-05-14,1983.93
636,198,59,294,Typ Naprawy 4,2020-04-25,2020-05-26,8160.01
637,399,200,443,Typ Naprawy 3,2018-04-12,2018-05-12,13773.60
638,251,422,199,Typ Naprawy 6,2022-04-23,2023-05-25,12385.78
639,88,22,307,Typ Naprawy 11,2021-02-01,2022-02-07,14766.73
640,906,246,481,Typ Naprawy 8,2019-01-24,2019-03-24,6950.44
641,769,182,70,Typ Naprawy 17,2018-02-18,2019-04-20,14459.33
642,744,368,367,Typ Naprawy 5,2019-02-05,2020-02-15,12581.31
643,265,252,470,Typ Naprawy 12,2022-04-01,2023-05-04,8773.44
644,53,252,379,Typ Naprawy 20,2021-03-01,2023-04-07,3005.24
645,457,404,23,Typ Naprawy 13,2021-02-10,2022-04-13,12037.46
646,856,438,345,Typ Naprawy 1,2018-02-18,2020-03-24,14701.25
647,433,469,1,Typ Naprawy 13,2022-01-13,2023-04-24,12182.06
648,452,310,284,Typ Naprawy 3,2022-01-18,2023-03-21,9585.58
649,556,56,16,Typ Naprawy 8,2022-04-14,2023-05-17,886.22
650,706,324,153,Typ Naprawy 3,2021-04-23,2021-05-25,3518.17
651,259,270,396,Typ Naprawy 6,2018-01-20,2019-04-23,13244.76
652,407,401,408,Typ Naprawy 3,2023-03-15,2024-03-17,6789.47
653,425,181,74,Typ Naprawy 12,2022-04-19,2023-05-20,1182.70
654,862,141,334,Typ Naprawy 8,2020-03-17,2021-03-17,7813.51
655,669,26,481,Typ Naprawy 14,2021-01-09,2023-03-17,3969.72
656,244,345,327,Typ Naprawy 15,2021-02-14,2021-02-18,14678.96
657,951,114,300,Typ Naprawy 4,2019-02-17,2022-03-19,11040.25
658,689,333,404,Typ Naprawy 14,2019-01-25,2023-01-26,13803.62
659,908,490,464,Typ Naprawy 17,2018-02-19,2019-04-19,12886.43
660,245,55,113,Typ Naprawy 19,2018-04-10,2021-05-11,7532.95
661,137,380,177,Typ Naprawy 18,2020-02-02,2020-04-08,13622.18
662,405,60,143,Typ Naprawy 1,2020-04-23,2022-05-23,4432.17
663,28,73,81,Typ Naprawy 4,2021-01-08,2023-04-20,7233.28
664,230,369,102,Typ Naprawy 16,2023-01-09,2024-02-17,9615.59
665,50,406,454,Typ Naprawy 5,2019-02-23,2020-04-25,12690.45
666,21,164,235,Typ Naprawy 8,2021-04-04,2021-05-16,6728.08
667,310,121,490,Typ Naprawy 18,2021-04-05,2023-05-05,14252.43
668,979,452,105,Typ Naprawy 20,2021-02-16,2023-03-21,5065.61
669,165,14,169,Typ Naprawy 9,2022-02-04,2023-02-21,2990.24
670,175,344,52,Typ Naprawy 14,2023-02-10,2024-02-17,7061.85
671,94,222,235,Typ Naprawy 5,2023-02-25,2024-04-26,14122.38
672,465,131,1,Typ Naprawy 3,2018-04-23,2022-05-24,2290.87
673,830,381,248,Typ Naprawy 16,2018-04-07,2022-05-10,12840.05
674,185,53,15,Typ Naprawy 11,2018-03-10,2020-03-13,3914.69
675,540,198,266,Typ Naprawy 17,2018-01-16,2018-01-24,13815.89
676,106,153,237,Typ Naprawy 10,2019-03-10,2021-03-14,4683.18
677,502,412,224,Typ Naprawy 14,2018-01-05,2019-03-24,6126.94
678,488,159,78,Typ Naprawy 18,2018-04-09,2022-05-15,13297.51
679,401,438,450,Typ Naprawy 9,2022-03-04,2023-03-18,3416.32
680,958,379,281,Typ Naprawy 7,2022-04-11,2023-05-24,4524.94
681,395,132,383,Typ Naprawy 7,2022-03-06,2022-04-25,4580.41
682,790,495,245,Typ Naprawy 7,2020-01-05,2022-03-23,13315.70
683,796,471,108,Typ Naprawy 20,2020-02-09,2021-02-14,10480.94
684,551,356,272,Typ Naprawy 6,2022-04-14,2023-05-15,5215.67
685,126,285,396,Typ Naprawy 3,2022-03-16,2023-03-16,8915.77
686,388,257,394,Typ Naprawy 5,2020-03-19,2020-03-24,633.39
687,750,179,76,Typ Naprawy 6,2019-01-18,2020-01-19,13571.25
688,622,489,456,Typ Naprawy 11,2023-02-11,2024-03-11,9883.42
689,154,3,96,Typ Naprawy 3,2022-04-02,2022-05-17,5220.21
690,95,57,359,Typ Naprawy 7,2022-03-24,2023-04-25,11229.87
691,419,445,426,Typ Naprawy 11,2019-03-24,2021-03-24,5060.15
692,980,149,243,Typ Naprawy 4,2019-02-12,2021-02-12,11307.63
693,346,185,353,Typ Naprawy 19,2022-01-17,2023-03-24,7689.37
694,671,18,221,Typ Naprawy 15,2021-04-05,2022-05-11,9988.01
695,690,178,436,Typ Naprawy 19,2023-03-02,2024-03-15,9022.17
696,306,345,191,Typ Naprawy 8,2022-03-24,2022-04-25,10619.17
697,490,296,121,Typ Naprawy 8,2019-04-23,2019-05-25,6865.87
698,173,194,131,Typ Naprawy 18,2021-04-09,2021-05-25,8130.46
699,919,91,333,Typ Naprawy 16,2018-03-07,2020-03-14,1612.87
700,492,251,401,Typ Naprawy 4,2022-03-18,2022-03-25,10311.32
701,313,255,189,Typ Naprawy 7,2021-04-12,2022-05-25,12897.80
702,716,291,244,Typ Naprawy 1,2021-02-24,2023-04-24,130.92
703,102,151,375,Typ Naprawy 4,2022-01-21,2023-02-22,1658.35
704,939,268,226,Typ Naprawy 14,2018-02-05,2020-02-24,9018.08
705,509,67,215,Typ Naprawy 13,2023-01-13,2024-03-19,3371.75
706,163,22,409,Typ Naprawy 16,2018-03-02,2020-04-11,4606.33
707,955,377,202,Typ Naprawy 7,2018-03-16,2022-03-18,10646.46
708,505,295,142,Typ Naprawy 15,2023-01-12,2024-04-18,3193.95
709,335,272,9,Typ Naprawy 1,2021-02-02,2021-04-03,9934.81
710,561,285,123,Typ Naprawy 2,2023-03-15,2024-03-18,9437.79
711,105,390,34,Typ Naprawy 3,2022-02-05,2022-03-25,10252.21
712,218,256,312,Typ Naprawy 18,2023-03-06,2024-03-06,8263.24
713,753,329,275,Typ Naprawy 11,2019-03-10,2021-03-20,4252.10
714,625,226,100,Typ Naprawy 16,2019-01-13,2023-01-23,1312.75
715,561,442,66,Typ Naprawy 8,2018-02-04,2022-02-06,9478.72
716,264,417,149,Typ Naprawy 1,2019-03-24,2020-03-25,14955.89
717,511,133,4,Typ Naprawy 14,2020-02-24,2020-04-24,11232.60
718,295,366,336,Typ Naprawy 14,2023-02-11,2024-03-18,14042.35
719,292,129,244,Typ Naprawy 3,2023-04-07,2024-05-23,6854.95
720,478,331,405,Typ Naprawy 2,2023-04-02,2024-05-04,12609.96
721,450,167,23,Typ Naprawy 17,2023-02-18,2024-03-20,5751.79
722,987,358,203,Typ Naprawy 10,2021-02-09,2022-04-17,3337.65
723,770,285,206,Typ Naprawy 10,2022-04-16,2023-05-18,8766.16
724,753,8,404,Typ Naprawy 15,2020-02-19,2022-04-23,10058.04
725,67,388,456,Typ Naprawy 10,2023-02-06,2024-04-10,5914.12
726,333,453,220,Typ Naprawy 2,2022-04-19,2022-05-24,3911.06
727,523,479,194,Typ Naprawy 7,2020-01-07,2020-03-15,14056.90
728,44,76,27,Typ Naprawy 2,2021-01-10,2023-03-10,7069.58
729,413,238,153,Typ Naprawy 15,2018-04-14,2023-05-18,8482.87
730,481,170,183,Typ Naprawy 1,2023-04-02,2024-05-14,4078.85
731,574,390,307,Typ Naprawy 17,2021-01-23,2023-03-24,1690.63
732,98,61,321,Typ Naprawy 9,2021-03-10,2023-04-16,10870.63
733,115,380,442,Typ Naprawy 17,2018-03-17,2018-03-18,711.15
734,388,392,394,Typ Naprawy 13,2023-01-11,2024-02-12,8628.38
735,273,369,393,Typ Naprawy 1,2022-02-11,2023-02-12,10401.81
736,48,76,178,Typ Naprawy 12,2023-02-22,2024-03-25,6014.62
737,949,311,437,Typ Naprawy 2,2023-02-03,2024-03-20,7121.88
738,158,268,469,Typ Naprawy 4,2023-04-15,2024-05-20,8235.95
739,440,348,66,Typ Naprawy 5,2021-01-05,2022-03-12,4413.07
740,899,468,489,Typ Naprawy 19,2019-04-13,2022-05-20,1925.27
741,886,439,97,Typ Naprawy 18,2022-02-02,2022-04-10,3143.02
742,242,154,269,Typ Naprawy 20,2021-02-17,2023-03-17,13289.78
743,234,409,112,Typ Naprawy 9,2023-01-05,2024-01-06,1574.22
744,447,136,97,Typ Naprawy 6,2022-02-10,2023-04-13,6784.92
745,24,315,462,Typ Naprawy 16,2023-04-05,2024-05-06,11771.90
746,715,274,211,Typ Naprawy 15,2022-02-24,2022-03-24,4509.48
747,993,136,113,Typ Naprawy 20,2020-01-04,2021-04-16,8983.98
748,129,177,232,Typ Naprawy 10,2019-02-04,2022-04-09,7384.71
749,42,445,204,Typ Naprawy 2,2021-02-03,2022-04-08,6558.02
750,681,329,461,Typ Naprawy 19,2019-03-16,2020-04-18,2912.48
751,17,61,385,Typ Naprawy 6,2018-01-03,2021-03-17,4043.38
752,335,458,95,Typ Naprawy 2,2018-04-16,2018-05-25,12217.08
753,753,18,228,Typ Naprawy 2,2021-04-18,2022-05-22,11584.10
754,164,267,272,Typ Naprawy 1,2021-03-13,2023-03-13,7221.01
755,258,232,407,Typ Naprawy 14,2021-02-05,2021-02-07,12622.24
756,589,367,428,Typ Naprawy 10,2018-02-07,2022-02-25,13923.66
757,572,320,191,Typ Naprawy 15,2018-02-21,2020-02-25,6837.67
758,687,247,187,Typ Naprawy 16,2023-01-11,2024-01-17,1259.10
759,161,494,175,Typ Naprawy 14,2021-02-17,2022-02-20,767.99
760,74,279,304,Typ Naprawy 18,2023-04-08,2024-05-20,2877.47
761,525,161,148,Typ Naprawy 20,2021-01-04,2021-02-07,14744.44
762,688,473,183,Typ Naprawy 5,2018-03-07,2021-03-18,2937.03
763,933,55,218,Typ Naprawy 12,2020-03-02,2023-03-18,4151.15
764,69,32,379,Typ Naprawy 3,2023-03-17,2024-04-21,7220.55
765,925,408,141,Typ Naprawy 19,2022-03-03,2022-03-25,6065.09
766,797,471,143,Typ Naprawy 2,2021-03-08,2023-04-14,14667.14
767,654,76,191,Typ Naprawy 12,2020-04-01,2020-05-09,3069.36
768,577,8,138,Typ Naprawy 10,2020-04-06,2020-05-23,8016.78
769,295,62,5,Typ Naprawy 1,2021-03-14,2021-04-21,920.33
770,827,434,214,Typ Naprawy 4,2022-03-16,2022-03-25,10710.12
771,355,498,377,Typ Naprawy 20,2021-01-09,2023-01-24,11904.23
772,919,391,48,Typ Naprawy 2,2022-04-25,2022-05-26,2866.10
773,697,427,445,Typ Naprawy 9,2020-04-23,2020-05-25,3152.12
774,955,35,20,Typ Naprawy 20,2020-03-05,2022-04-19,14998.64
775,291,183,89,Typ Naprawy 11,2021-04-25,2023-05-26,10062.13
776,693,256,77,Typ Naprawy 15,2018-02-13,2020-04-21,7026.84
777,759,241,331,Typ Naprawy 2,2020-03-20,2022-04-24,9673.80
778,973,214,402,Typ Naprawy 7,2019-02-22,2023-03-23,2632.82
779,500,367,218,Typ Naprawy 9,2021-02-04,2023-03-24,4482.19
780,643,151,83,Typ Naprawy 3,2021-01-19,2021-01-24,12081.12
781,960,344,310,Typ Naprawy 5,2021-03-20,2022-03-22,1232.72
782,128,433,444,Typ Naprawy 12,2022-04-02,2022-05-19,6398.86
783,299,494,210,Typ Naprawy 14,2020-03-19,2021-03-19,14648.95
784,6,158,200,Typ Naprawy 1,2019-02-04,2023-04-19,4117.96
785,365,111,472,Typ Naprawy 14,2018-01-06,2019-03-14,7230.56
786,906,433,3,Typ Naprawy 19,2022-02-01,2023-04-20,12501.74
787,148,36,128,Typ Naprawy 2,2020-02-02,2020-03-09,1985.75
788,496,350,288,Typ Naprawy 19,2022-04-20,2023-05-24,1844.33
789,375,450,33,Typ Naprawy 6,2022-01-06,2023-04-08,2016.67
790,52,53,351,Typ Naprawy 9,2022-03-23,2022-04-24,11966.52
791,52,117,403,Typ Naprawy 12,2023-04-07,2024-05-09,11379.47
792,95,405,207,Typ Naprawy 20,2019-03-03,2020-04-24,8006.77
793,992,173,17,Typ Naprawy 6,2023-04-10,2024-05-17,8418.30
794,873,135,218,Typ Naprawy 15,2018-02-16,2022-02-23,495.16
795,691,343,500,Typ Naprawy 2,2022-03-05,2023-03-22,10300.41
796,428,207,226,Typ Naprawy 14,2020-02-02,2022-02-14,13339.80
797,638,496,464,Typ Naprawy 10,2023-03-14,2024-03-23,2006.21
798,41,11,43,Typ Naprawy 14,2021-04-07,2021-05-23,10138.98
799,109,380,22,Typ Naprawy 4,2020-01-20,2023-01-20,6169.23
800,678,454,179,Typ Naprawy 8,2023-01-15,2024-03-18,6014.62
801,547,323,320,Typ Naprawy 20,2018-03-23,2022-03-25,6765.83
802,1000,138,497,Typ Naprawy 7,2023-04-19,2024-05-25,10265.39
803,866,205,245,Typ Naprawy 11,2018-02-05,2021-02-16,1947.10
804,414,93,226,Typ Naprawy 12,2021-02-12,2023-04-22,6609.85
805,321,120,316,Typ Naprawy 18,2022-01-01,2023-02-03,5475.77
806,915,124,131,Typ Naprawy 18,2022-04-21,2022-05-25,14488.43
807,437,344,217,Typ Naprawy 9,2020-03-09,2023-04-17,12981.93
808,534,14,482,Typ Naprawy 15,2019-02-06,2022-03-20,7078.68
809,205,208,158,Typ Naprawy 6,2018-04-14,2021-05-20,10759.68
810,717,429,328,Typ Naprawy 1,2022-02-20,2023-04-22,7537.95
811,531,173,81,Typ Naprawy 1,2022-03-15,2023-04-17,3099.83
812,53,207,480,Typ Naprawy 13,2018-02-16,2018-02-17,12525.84
813,817,215,138,Typ Naprawy 16,2021-04-05,2023-05-20,9513.28
814,246,128,250,Typ Naprawy 18,2020-03-22,2021-04-25,13830.45
815,565,87,245,Typ Naprawy 4,2018-04-03,2020-05-05,7674.37
816,678,187,190,Typ Naprawy 4,2020-03-13,2021-03-19,4679.09
817,55,290,141,Typ Naprawy 6,2019-02-04,2020-04-10,7471.11
818,292,280,200,Typ Naprawy 1,2019-03-07,2020-04-09,11129.37
819,440,236,360,Typ Naprawy 18,2022-02-18,2023-03-23,3656.87
820,625,166,362,Typ Naprawy 15,2019-03-23,2023-04-23,10966.13
821,66,309,195,Typ Naprawy 3,2020-02-09,2021-03-20,5824.09
822,774,378,155,Typ Naprawy 15,2018-01-02,2018-01-09,11045.25
823,762,183,17,Typ Naprawy 3,2018-02-22,2020-03-25,2904.29
824,633,106,16,Typ Naprawy 20,2022-02-18,2023-02-23,8673.86
825,607,97,365,Typ Naprawy 5,2022-04-24,2022-05-24,2539.15
826,62,160,13,Typ Naprawy 18,2018-01-03,2022-01-08,9773.84
827,512,336,47,Typ Naprawy 14,2018-02-25,2018-03-26,3283.99
828,111,279,422,Typ Naprawy 17,2023-04-21,2024-05-24,12012.00
829,693,95,366,Typ Naprawy 8,2023-03-16,2024-04-18,14200.14
830,7,194,129,Typ Naprawy 7,2021-03-20,2023-04-22,11613.66
831,694,29,182,Typ Naprawy 6,2021-04-14,2021-05-20,5699.95
832,798,340,395,Typ Naprawy 10,2023-04-02,2024-05-05,11950.15
833,937,475,248,Typ Naprawy 10,2018-02-02,2019-03-23,2420.01
834,614,342,38,Typ Naprawy 1,2018-02-24,2022-03-25,7465.65
835,111,136,44,Typ Naprawy 3,2018-04-07,2022-05-18,14612.57
836,912,496,107,Typ Naprawy 12,2021-01-20,2022-03-22,12352.59
837,622,468,138,Typ Naprawy 5,2022-04-11,2022-05-20,13545.33
838,596,44,234,Typ Naprawy 3,2023-02-02,2024-04-05,6560.29
839,183,164,488,Typ Naprawy 1,2023-02-18,2024-03-18,6693.52
840,216,388,33,Typ Naprawy 13,2018-02-23,2021-04-24,11084.36
841,3,31,36,Typ Naprawy 18,2022-02-05,2023-03-17,13396.64
842,140,382,477,Typ Naprawy 3,2021-02-25,2023-04-26,3607.75
843,733,112,26,Typ Naprawy 8,2019-03-16,2020-03-25,8703.41
844,56,298,301,Typ Naprawy 4,2021-03-02,2023-04-09,5703.13
845,709,77,7,Typ Naprawy 20,2020-02-16,2023-04-24,8870.75
846,202,324,255,Typ Naprawy 12,2019-01-08,2020-03-14,9416.42
847,660,214,288,Typ Naprawy 8,2021-03-08,2021-04-08,1013.54
848,365,109,251,Typ Naprawy 10,2019-02-23,2019-04-24,6518.91
849,982,313,470,Typ Naprawy 20,2022-02-25,2022-03-26,12652.25
850,884,276,194,Typ Naprawy 6,2018-01-01,2022-03-02,12281.20
851,636,92,292,Typ Naprawy 19,2020-04-21,2020-05-22,11374.93
852,417,446,136,Typ Naprawy 6,2018-04-22,2020-05-25,2535.51
853,318,262,391,Typ Naprawy 2,2022-02-14,2022-03-20,10747.86
854,220,196,28,Typ Naprawy 12,2018-01-18,2021-04-22,13086.97
855,517,399,202,Typ Naprawy 8,2022-04-24,2022-05-24,11046.16
856,817,111,464,Typ Naprawy 1,2019-01-11,2020-01-25,12048.83
857,162,241,343,Typ Naprawy 1,2020-02-11,2022-02-17,10605.98
858,918,132,87,Typ Naprawy 19,2022-03-13,2022-04-17,1419.61
859,797,108,451,Typ Naprawy 2,2022-01-12,2022-04-14,7690.28
860,576,30,203,Typ Naprawy 17,2022-02-22,2023-02-22,14422.95
861,611,222,496,Typ Naprawy 10,2021-04-03,2021-05-19,1724.28
862,70,394,154,Typ Naprawy 20,2019-02-10,2020-02-12,738.43
863,514,448,11,Typ Naprawy 5,2020-01-08,2022-03-23,6750.82
864,754,297,140,Typ Naprawy 3,2020-01-06,2023-01-20,14019.16
865,625,418,432,Typ Naprawy 7,2021-01-03,2023-04-13,10811.52
866,14,323,84,Typ Naprawy 10,2021-03-09,2022-03-13,5202.02
867,961,446,275,Typ Naprawy 11,2020-03-22,2023-03-25,12208.89
868,692,371,147,Typ Naprawy 11,2023-01-23,2024-01-25,2992.97
869,775,248,111,Typ Naprawy 2,2022-02-24,2023-04-25,8905.31
870,493,349,250,Typ Naprawy 2,2018-01-09,2023-04-24,10695.11
871,697,19,242,Typ Naprawy 6,2019-01-19,2023-02-23,6645.78
872,283,54,47,Typ Naprawy 12,2021-02-10,2021-03-10,14340.19
873,257,475,248,Typ Naprawy 19,2022-01-16,2023-03-24,1515.56
874,611,314,206,Typ Naprawy 7,2019-01-01,2019-01-12,7354.24
875,26,270,109,Typ Naprawy 2,2020-02-15,2022-03-22,7000.01
876,564,31,300,Typ Naprawy 12,2019-04-12,2021-05-25,2100.34
877,275,15,437,Typ Naprawy 11,2019-04-07,2021-05-15,14492.98
878,115,326,282,Typ Naprawy 15,2019-02-19,2022-02-22,2043.04
879,18,314,220,Typ Naprawy 1,2021-04-25,2021-05-26,1851.60
880,915,189,169,Typ Naprawy 1,2019-03-23,2021-03-23,8310.07
881,540,417,315,Typ Naprawy 2,2019-02-09,2020-04-23,8684.31
882,577,236,186,Typ Naprawy 2,2019-02-13,2023-04-20,12564.03
883,514,459,4,Typ Naprawy 5,2022-02-02,2023-03-19,718.88
884,224,370,305,Typ Naprawy 19,2021-02-07,2022-02-21,10903.83
885,811,5,76,Typ Naprawy 3,2020-04-15,2022-05-23,2291.32
886,14,173,77,Typ Naprawy 8,2022-01-18,2023-04-18,12659.98
887,124,347,418,Typ Naprawy 5,2018-03-06,2021-03-11,1199.98
888,374,79,73,Typ Naprawy 12,2021-01-20,2022-03-25,1553.76
889,73,94,27,Typ Naprawy 1,2023-02-09,2024-04-24,1883.89
890,745,483,97,Typ Naprawy 12,2022-02-02,2022-02-22,8008.14
891,217,253,430,Typ Naprawy 3,2021-03-21,2023-04-24,145.93
892,956,91,409,Typ Naprawy 6,2022-03-13,2022-03-13,560.64
893,688,297,48,Typ Naprawy 9,2019-02-04,2019-02-23,6076.01
894,704,112,85,Typ Naprawy 14,2018-03-14,2022-04-25,13640.82
895,96,431,160,Typ Naprawy 6,2019-03-21,2020-04-22,3700.97
896,425,490,21,Typ Naprawy 17,2022-04-20,2022-05-22,6469.80
897,163,463,173,Typ Naprawy 7,2020-04-22,2022-05-23,10634.63
898,718,133,19,Typ Naprawy 3,2022-01-20,2022-03-20,8695.68
899,793,353,402,Typ Naprawy 16,2021-03-14,2022-03-14,13387.54
900,715,111,211,Typ Naprawy 5,2020-02-09,2020-04-19,4734.11
901,270,75,208,Typ Naprawy 9,2020-03-17,2020-03-23,10818.80
902,894,285,279,Typ Naprawy 4,2019-04-04,2021-05-17,11449.50
903,427,266,362,Typ Naprawy 18,2023-04-03,2024-05-03,2678.30
904,576,422,290,Typ Naprawy 9,2019-03-08,2023-04-25,3295.36
905,767,287,358,Typ Naprawy 2,2018-03-07,2019-03-21,4216.18
906,368,241,399,Typ Naprawy 17,2020-01-08,2020-01-18,7817.15
907,531,289,278,Typ Naprawy 9,2022-04-21,2023-05-23,10238.57
908,936,98,439,Typ Naprawy 8,2023-03-17,2024-04-21,10808.79
909,5,444,220,Typ Naprawy 19,2022-03-03,2022-03-13,4782.31
910,971,134,175,Typ Naprawy 1,2020-01-02,2020-01-23,10377.26
911,958,271,1,Typ Naprawy 20,2018-03-18,2018-04-19,6663.51
912,9,195,447,Typ Naprawy 7,2020-03-21,2023-03-22,14778.55
913,975,61,189,Typ Naprawy 18,2023-02-01,2024-03-22,11744.16
914,979,486,475,Typ Naprawy 1,2018-04-22,2021-05-24,10911.56
915,49,147,40,Typ Naprawy 8,2023-02-03,2024-03-07,3610.94
916,613,311,436,Typ Naprawy 8,2023-01-18,2024-02-23,9425.06
917,305,101,167,Typ Naprawy 15,2019-01-06,2022-04-21,3675.05
918,573,103,395,Typ Naprawy 1,2023-02-18,2024-02-21,14111.47
919,512,86,473,Typ Naprawy 6,2021-01-13,2023-01-14,2550.52
920,864,174,197,Typ Naprawy 1,2022-01-09,2022-02-25,11366.29
921,452,396,309,Typ Naprawy 19,2020-03-04,2020-04-05,5703.59
922,719,384,227,Typ Naprawy 8,2023-04-23,2024-05-25,4843.24
923,412,161,162,Typ Naprawy 15,2022-03-18,2023-03-20,13620.82
924,70,251,289,Typ Naprawy 8,2022-03-18,2022-04-25,8618.83
925,68,267,145,Typ Naprawy 11,2019-04-02,2021-05-16,2164.91
926,564,348,303,Typ Naprawy 8,2018-03-09,2020-03-19,6823.12
927,552,183,95,Typ Naprawy 9,2019-04-02,2022-05-18,10021.66
928,292,21,242,Typ Naprawy 14,2019-02-01,2019-04-22,4505.38
929,798,442,426,Typ Naprawy 18,2021-02-25,2022-03-26,10848.81
930,584,404,24,Typ Naprawy 7,2021-01-03,2021-04-22,10594.62
931,950,96,280,Typ Naprawy 2,2021-01-22,2023-02-25,3739.17
932,156,262,301,Typ Naprawy 6,2019-01-25,2022-03-26,12580.86
933,905,426,100,Typ Naprawy 15,2021-02-10,2022-04-11,1762.02
934,344,29,136,Typ Naprawy 15,2023-01-08,2024-03-16,3160.30
935,782,327,46,Typ Naprawy 13,2023-03-02,2024-03-14,3722.80
936,606,142,92,Typ Naprawy 4,2020-04-19,2021-05-22,252.79
937,724,396,123,Typ Naprawy 13,2019-02-15,2021-03-20,6361.12
938,829,295,75,Typ Naprawy 8,2022-04-17,2023-05-18,11263.97
939,175,35,408,Typ Naprawy 16,2022-02-08,2022-03-16,12507.65
940,981,348,20,Typ Naprawy 14,2023-02-18,2024-02-23,9721.54
941,161,381,152,Typ Naprawy 10,2020-03-18,2022-03-22,10758.77
942,705,176,192,Typ Naprawy 9,2023-03-24,2024-03-25,3259.89
943,921,377,63,Typ Naprawy 4,2023-04-18,2024-05-25,1214.08
944,159,361,149,Typ Naprawy 9,2023-01-12,2024-01-15,6901.33
945,537,110,419,Typ Naprawy 14,2022-01-09,2022-01-09,8674.76
946,34,428,158,Typ Naprawy 8,2022-04-15,2023-05-24,8586.09
947,722,291,139,Typ Naprawy 18,2022-02-02,2022-02-15,4011.55
948,136,188,471,Typ Naprawy 15,2021-02-05,2021-02-13,14755.81
949,872,142,126,Typ Naprawy 12,2021-04-02,2021-05-11,1332.76
950,335,276,22,Typ Naprawy 1,2023-04-22,2024-05-22,1766.57
951,728,244,451,Typ Naprawy 15,2020-03-11,2021-03-15,3774.64
952,377,65,370,Typ Naprawy 20,2023-01-04,2024-02-22,7214.64
953,874,298,238,Typ Naprawy 15,2021-02-19,2021-03-21,7161.89
954,728,356,28,Typ Naprawy 12,2021-02-01,2022-02-24,14257.43
955,758,475,25,Typ Naprawy 2,2021-03-23,2022-03-23,3322.19
956,252,380,265,Typ Naprawy 7,2019-03-25,2019-04-26,891.68
957,135,181,451,Typ Naprawy 10,2021-03-15,2023-04-25,2617.82
958,634,226,476,Typ Naprawy 10,2021-02-11,2021-03-13,6168.32
959,883,317,54,Typ Naprawy 1,2021-03-10,2022-04-19,13573.07
960,666,66,458,Typ Naprawy 11,2022-02-11,2023-02-22,14480.25
961,243,100,427,Typ Naprawy 12,2022-04-11,2023-05-22,5979.15
962,946,312,415,Typ Naprawy 19,2020-03-18,2022-03-25,5874.11
963,48,403,231,Typ Naprawy 16,2018-03-22,2022-04-22,10295.86
964,176,190,98,Typ Naprawy 2,2019-01-14,2020-03-22,5241.58
965,489,348,463,Typ Naprawy 10,2019-03-05,2021-03-08,1928.45
966,641,149,318,Typ Naprawy 5,2019-02-08,2020-02-10,4842.34
967,217,71,264,Typ Naprawy 1,2023-03-22,2024-04-23,7999.04
968,414,402,35,Typ Naprawy 13,2018-02-21,2023-02-23,3768.73
969,249,481,382,Typ Naprawy 14,2022-02-21,2022-04-23,8179.11
970,49,115,87,Typ Naprawy 4,2019-03-20,2020-04-24,11390.84
971,550,199,108,Typ Naprawy 13,2021-02-24,2022-03-25,4635.89
972,26,480,322,Typ Naprawy 16,2022-04-18,2022-05-18,5135.63
973,320,442,498,Typ Naprawy 10,2019-03-10,2020-04-25,11755.08
974,45,76,338,Typ Naprawy 12,2018-01-03,2022-01-25,4013.82
975,930,64,490,Typ Naprawy 6,2021-03-23,2021-03-23,5260.23
976,476,465,58,Typ Naprawy 3,2023-01-13,2024-04-22,1510.56
977,632,223,221,Typ Naprawy 4,2021-03-06,2023-04-06,1683.81
978,863,11,199,Typ Naprawy 18,2021-01-08,2021-01-12,9178.60
979,516,15,435,Typ Naprawy 2,2019-04-23,2023-05-23,12423.52
980,794,77,257,Typ Naprawy 9,2022-03-15,2022-03-22,12356.22
981,127,126,112,Typ Naprawy 8,2022-02-11,2023-04-25,4515.84
982,997,108,445,Typ Naprawy 15,2018-02-22,2018-03-22,14429.32
983,476,125,248,Typ Naprawy 15,2018-01-07,2021-01-07,12638.15
984,671,155,494,Typ Naprawy 5,2022-02-03,2023-02-24,5581.72
985,772,205,481,Typ Naprawy 11,2020-02-21,2021-04-22,6720.35
986,997,463,384,Typ Naprawy 10,2018-04-14,2018-05-15,1308.66
987,136,131,285,Typ Naprawy 11,2021-02-18,2022-02-24,10601.44
988,518,240,366,Typ Naprawy 19,2022-02-22,2022-02-25,12778.67
989,120,454,366,Typ Naprawy 9,2022-02-11,2022-03-19,13076.96
990,922,65,415,Typ Naprawy 13,2019-03-24,2021-04-25,2636.92
991,672,47,126,Typ Naprawy 6,2020-01-25,2020-02-26,6407.05
992,460,195,387,Typ Naprawy 4,2019-01-15,2021-04-19,4102.50
993,602,165,336,Typ Naprawy 17,2020-01-05,2022-04-06,5916.85
994,246,76,303,Typ Naprawy 13,2018-02-15,2018-04-19,6739.91
995,440,330,1,Typ Naprawy 15,2022-02-13,2022-03-22,12129.32
996,614,147,386,Typ Naprawy 16,2019-03-14,2022-04-19,4728.65
997,678,447,478,Typ Naprawy 8,2020-04-11,2021-05-19,9626.50
998,914,445,341,Typ Naprawy 14,2023-04-01,2024-05-07,586.56
999,612,239,105,Typ Naprawy 3,2021-02-03,2021-02-05,3019.34
1000,872,88,265,Typ Naprawy 15,2018-04-25,2021-05-26,3552.28
